{
  "dependencies": [
    "entity flowers",
    "gaia",
    "mana basics",
    "Ring of Magnetization",
    "Cloaks of Judgement",
    "Floramancy",
    "Band of Aura",
    "Trinkets",
    "more generating flora",
    "Third Eye",
    "livingstuff",
    "runecrafting",
    "The Spectator",
    "Benevolent Godesses' Charm",
    "terrasteel",
    "botanical brewery",
    "Botania Emblem",
    "mana enchanter",
    "Band of Mana",
    "alfheim",
    "item flowers",
    "petal apothecary",
    "mystical flower collection",
    "assembly halo",
    "orechid",
    "rods",
    "Ring of the Mantle"
  ],
  "tasks": {
    "botania_trophy": {
      "title": "§aBotania 100%",
      "type": "heracles:check"
    }
  },
  "rewards": {
    "trophy": {
      "item": {
        "id": "trofers:medium_pillar",
        "count": 1,
        "nbt": {
          "BlockEntityTag": {
            "Trophy": "trofers:botania"
          }
        }
      },
      "type": "heracles:item"
    }
  },
  "display": {
    "subtitle": {
      "translate": "Complete all quests to obtain the trophy!"
    },
    "description": [
      "<br/>",
      "<columns template='0 100'>",
      "<column>",
      "<columns>",
      "<column valign='top'>",
      "<h2 background='8 #88228b22' border='0 #01228b22' color='#44228b22' obfuscated='true'>123456789</h2>",
      "</column>",
      "<column valign='bottom'>",
      "<h2 background='8 #88adff2f' border='2 #01adff2f' color='#44adff2f' obfuscated='true'>123456789</h2>",
      "</column>",
      "<column>",
      "<h2 background='8 #888b0000' border='5 #018b0000' color='#448b0000' obfuscated='true'>123456789</h2>",
      "</column>",
      "</columns>",
      "</column>",
      "<column>",
      "<columns template='20 82'>",
      "<column>",
      "<item border='0 #88777777' id='trofers:medium_pillar' scale='7' tag='{BlockEntityTag:{Trophy:&#39;trofers:botania&#39;}}'>&#32;</item>",
      "</column>",
      "<column valign='middle'>",
      "<h1 align='center' background='3 #22adff2f' border='1 #bbffffff' italic='true' shadowed='true'> Botania </h1>",
      "",
      "---",
      "",
      "  You have studied the --Lexica Botania--, gathered the mystical flowers, mastered the petal apothecary and the runic altar,  forged magical alloy, traded with the Elven Garde, and defeated the Gaurdian of Gaia... truly a mano-o-mano battle like no other.",
      "",
      "  You have even taken names and collected heads!",
      "",
      "  May your mana pools always be full. Go with Gaia.",
      "<item id=\"botania:dandelifeon\" scale=\"1\" align=\"right\"> </item>",
      "",
      "---",
      "</column>",
      "</columns>",
      "</column>",
      "</columns>"
    ],
    "groups": {
      "Botania": {
        "position": [
          -100,
          80
        ]
      }
    },
    "icon": {
      "item": {
        "id": "trofers:medium_pillar",
        "count": 1,
        "nbt": {
          "BlockEntityTag": {
            "Trophy": "trofers:botania"
          }
        }
      },
      "type": "heracles:item"
    },
    "icon_background": "heracles:textures/gui/quest_backgrounds/hexagons.png",
    "title": {
      "translate": "§a§lBotania 100%"
    }
  },
  "settings": {
    "unlockNotification": true,
    "showDependencyArrow": false,
    "repeatable": false,
    "individual_progress": false,
    "hidden": "LOCKED"
  }
}