{
  "dependencies": [],
  "tasks": {
    "04A70F331336A1D5": {
      "type": "heracles:item",
      "item": "ae2:drive",
      "amount": 1,
      "collection": "AUTOMATIC"
    }
  },
  "rewards": {
    "utilities_lootbag": {
      "item": {
        "id": "lootbags:loot_bag",
        "count": 1,
        "nbt": {
          "Type": "UNCOMMON",
          "Color": 6750133,
          "Loot": "aof:loot_bags/misc/utilities",
          "Name": "Utilities Lootbag"
        }
      },
      "type": "heracles:item"
    }
  },
  "display": {
    "subtitle": {
      "translate": "A block designed to do one thing, store Storage Cells."
    },
    "description": [
      "<hr/>",
      "# &&eDid Someone Say Chest!?",
      "<br/>",
      "  Negative this is no chest... it's a storage device!  Using /b/ME Drives/b/ you can store up to 10 /b/Storage Cells/b/ of any given type keep in mind however that it /6/requies a channel/6/. If you want to stack the drives just keep in mind channels can only reach 8 blocks radius from there stopping point when connected though other items.",
      "<br/>",
      "Drives display there cells in the front and has various colors to help you find each cells staus",
      "<br/>",
      "/4/Red/4/ - Indicates the Storage Cell is /6/Full/6/.",
      "<br/>",
      "/c/Orange/c/ - Indicates the Storage Cell /6/cannot hold any more types, but it can store more items/6/.",
      "<br/>",
      "/a/Green/a/ - Indicates the cell can hold more types and items and is /6/operational/6/.",
      "<br/>",
      "/7/Black/7/ - Indicates there is no channel, or power is /6/offline/6/.",
      "<br/>",
      "Its important to note, that without a ME Network this block does nothing. Its only useful when combined with a way to input, and output items, and requires 2 AE/t power to function, and additional power for each Storage Cell stored inside it.",
      "<hr/>",
      "## &&eTasks:",
      "<task task=\"04A70F331336A1D5\" quest=\"AE2 Drive\"/>",
      "<hr/>",
      "## &&eRewards:",
      "<reward reward=\"utilities_lootbag\" quest=\"AE2 Drive\"/>",
      "<hr/>"
    ],
    "groups": {
      "Applied Energistics 2": {
        "position": [
          -352,
          -224
        ]
      }
    },
    "icon": {
      "item": {
        "id": "ae2:drive",
        "count": 1
      },
      "type": "heracles:item"
    },
    "icon_background": "heracles:textures/gui/quest_backgrounds/default.png",
    "title": {
      "translate": "Drive"
    }
  },
  "settings": {
    "showDependencyArrow": true,
    "repeatable": false,
    "autoClaimRewards": false,
    "individual_progress": false,
    "hidden": "LOCKED",
    "unlockNotification": false
  }
}