{
  "dependencies": [],
  "tasks": {},
  "rewards": {},
  "display": {
    "subtitle": {
      "translate": "Use various interfaces and automate your network."
    },
    "description": [
      "<hr/>",
      "# &&eAutomation Is Key!",
      "<br/>",
      "Use various interfaces and automate your network.",
      "",
      "The main feature of Applied Energistics 2 is the ME Network (pronounced Emm- Eee and stands for Matter Energy), which is a set of connected blocks, and cables grouped into a system, where storage, power and functions cooperate between multiple components."
    ],
    "groups": {
      "Applied Energistics 2": {
        "position": [
          80,
          -96
        ]
      }
    },
    "icon": {
      "item": {
        "id": "heracles:quest_book",
        "count": 1
      },
      "type": "heracles:item"
    },
    "icon_background": "heracles:textures/gui/quest_backgrounds/diamonds.png",
    "title": {
      "translate": "Automation Is Key"
    }
  },
  "settings": {
    "showDependencyArrow": true,
    "repeatable": false,
    "autoClaimRewards": false,
    "individual_progress": false,
    "hidden": "LOCKED",
    "unlockNotification": false
  }
}