{
  "dependencies": [
    "Charger"
  ],
  "tasks": {
    "2BCC42993452589F": {
      "type": "heracles:item",
      "item": "ae2:charged_certus_quartz_crystal",
      "amount": 1,
      "collection": "AUTOMATIC",
      "title": "",
      "icon": {
        "item": {
          "id": "minecraft:air",
          "count": 0
        },
        "type": "heracles:item"
      }
    }
  },
  "rewards": {
    "utilities_lootbag": {
      "title": "",
      "icon": {
        "item": {
          "id": "minecraft:air",
          "count": 0
        },
        "type": "heracles:item"
      },
      "item": {
        "id": "lootbags:loot_bag",
        "count": 1,
        "nbt": {
          "Type": "UNCOMMON",
          "Color": 6750133,
          "Loot": "aof:loot_bags/misc/utilities",
          "Name": "Utilities Lootbag"
        }
      },
      "type": "heracles:item"
    }
  },
  "display": {
    "subtitle": {
      "translate": "Use a powered Charger to charge Certus Quartz Crystal."
    },
    "description": [
      "<hr/>",
      "# &&eCharged Certus Quartz.",
      "<br/>",
      "  Use a powered /b/Charger/b/ to charge /b/Certus Quartz/b/ and make /b/Charged Certus Quartz/b/.",
      "<hr/>",
      "## &&eTasks:",
      "<task task=\"2BCC42993452589F\" quest=\"Charged Certus Quartz Crystal\"/>",
      "<hr/>",
      "## &&eRewards:",
      "<reward reward=\"utilities_lootbag\" quest=\"Charged Certus Quartz Crystal\"/>",
      "<hr/>"
    ],
    "groups": {
      "Applied Energistics 2": {
        "position": [
          -112,
          -176
        ]
      }
    },
    "icon": {
      "item": {
        "id": "ae2:charged_certus_quartz_crystal",
        "count": 1
      },
      "type": "heracles:item"
    },
    "icon_background": "heracles:textures/gui/quest_backgrounds/default.png",
    "title": {
      "translate": "Charged Certus Quartz"
    }
  },
  "settings": {
    "unlockNotification": false,
    "showDependencyArrow": true,
    "repeatable": false,
    "individual_progress": false,
    "hidden": "LOCKED"
  }
}