{
  "dependencies": [
    "Charged Certus Quartz Crystal"
  ],
  "tasks": {
    "58065B40437B33DA": {
      "type": "heracles:item",
      "item": "ae2:fluix_crystal",
      "amount": 16,
      "collection": "AUTOMATIC",
      "title": "",
      "icon": {
        "item": {
          "id": "minecraft:air",
          "count": 0
        },
        "type": "heracles:item"
      }
    }
  },
  "rewards": {
    "utilities_lootbag": {
      "title": "",
      "icon": {
        "item": {
          "id": "minecraft:air",
          "count": 0
        },
        "type": "heracles:item"
      },
      "item": {
        "id": "lootbags:loot_bag",
        "count": 1,
        "nbt": {
          "Type": "UNCOMMON",
          "Color": 6750133,
          "Loot": "aof:loot_bags/misc/utilities",
          "Name": "Utilities Lootbag"
        }
      },
      "type": "heracles:item"
    }
  },
  "display": {
    "subtitle": {
      "text": ""
    },
    "description": [
      "<hr/>",
      "# &&eFluix Crystals",
      "<br/>",
      "To progress, you need to create &&bFluix Crystal&&r. You have two options:",
      "<br/>",
      "- Use the compass to find a &&6meteorite&&r, where you might find some &&bFluix Crystal&&r.",
      "<br/>",
      "- Throw &&bCharged Certus Quartz Crystal&&r, &&bNether Quartz&&r, and &&bRedstone Dust&&r into a pool of water and wait.",
      "<hr/>",
      "## &&eTasks:",
      "<task task=\"58065B40437B33DA\" quest=\"Fluix Crystal\"/>",
      "<hr/>",
      "## &&eRewards:",
      "<reward reward=\"utilities_lootbag\" quest=\"Fluix Crystal\"/>",
      "<hr/>"
    ],
    "groups": {
      "Applied Energistics 2": {
        "position": [
          -112,
          -224
        ]
      }
    },
    "icon": {
      "item": {
        "id": "ae2:fluix_crystal",
        "count": 1
      },
      "type": "heracles:item"
    },
    "icon_background": "heracles:textures/gui/quest_backgrounds/default.png",
    "title": {
      "translate": "Fluix Crystals"
    }
  },
  "settings": {
    "unlockNotification": false,
    "showDependencyArrow": true,
    "repeatable": false,
    "individual_progress": false,
    "hidden": "LOCKED"
  }
}