{
  "dependencies": [
    "AE2 Drive"
  ],
  "tasks": {
    "2E155470D8151510": {
      "type": "heracles:item",
      "item": "ae2:item_storage_cell_4k",
      "amount": 1,
      "collection": "AUTOMATIC",
      "title": "",
      "icon": {
        "item": {
          "id": "minecraft:air",
          "count": 0
        },
        "type": "heracles:item"
      }
    }
  },
  "rewards": {
    "utilities_lootbag": {
      "title": "",
      "icon": {
        "item": {
          "id": "minecraft:air",
          "count": 0
        },
        "type": "heracles:item"
      },
      "item": {
        "id": "lootbags:loot_bag",
        "count": 1,
        "nbt": {
          "Type": "UNCOMMON",
          "Color": 6750133,
          "Loot": "aof:loot_bags/misc/utilities",
          "Name": "Utilities Lootbag"
        }
      },
      "type": "heracles:item"
    }
  },
  "display": {
    "subtitle": {
      "translate": "Low Tier Storage Cell, which can contain 4,096 bytes of storage."
    },
    "description": [
      "<hr/>",
      "# &&eBetter But Not The Best!",
      "<br/>",
      "  Low Tier Storage Cell, which can contain /6/4,096 bytes of storage/6/.",
      "4,096 bytes of storage can hold /6/508 Stacks of a single item. or 260 Stacks,while holding 63 Different items/6/. The 4k Storage Cell uses 32 bytes of data to store a single type.",
      "<hr/>",
      "## &&eTasks:",
      "<task task=\"2E155470D8151510\" quest=\"Item Storage Cell 4K\"/>",
      "<hr/>",
      "## &&eRewards:",
      "<reward reward=\"utilities_lootbag\" quest=\"Item Storage Cell 4K\"/>",
      "<hr/>"
    ],
    "groups": {
      "Applied Energistics 2": {
        "position": [
          -368,
          -304
        ]
      }
    },
    "icon": {
      "item": {
        "id": "ae2:item_storage_cell_4k",
        "count": 1
      },
      "type": "heracles:item"
    },
    "icon_background": "heracles:textures/gui/quest_backgrounds/default.png",
    "title": {
      "translate": "Item Storage Cell 4K"
    }
  },
  "settings": {
    "unlockNotification": false,
    "showDependencyArrow": true,
    "repeatable": false,
    "individual_progress": false,
    "hidden": "LOCKED"
  }
}