{
  "dependencies": [
    "AE2 Drive"
  ],
  "tasks": {
    "0950907AA16E55FA": {
      "type": "heracles:item",
      "item": "ae2:item_storage_cell_16k",
      "amount": 1,
      "collection": "AUTOMATIC",
      "title": "",
      "icon": {
        "item": {
          "id": "minecraft:air",
          "count": 0
        },
        "type": "heracles:item"
      }
    }
  },
  "rewards": {
    "utilities_lootbag": {
      "title": "",
      "icon": {
        "item": {
          "id": "minecraft:air",
          "count": 0
        },
        "type": "heracles:item"
      },
      "item": {
        "id": "lootbags:loot_bag",
        "count": 1,
        "nbt": {
          "Type": "UNCOMMON",
          "Color": 6750133,
          "Loot": "aof:loot_bags/misc/utilities",
          "Name": "Utilities Lootbag"
        }
      },
      "type": "heracles:item"
    }
  },
  "display": {
    "subtitle": {
      "translate": "Middle Tier Storage Cell, which can contain 16,384 bytes of storage."
    },
    "description": [
      "<hr/>",
      "## &&eAcceptable, BUT NOT THE BEST!",
      "<br/>",
      "Middle Tier Storage Cell, which can contain /6/16,384 bytes of storage/6/.",
      "16,384 bytes of storage can hold /6/2,032 Stacks of a single item. or 1,040 Stacks,while holding 63 Different items/6/. The 16k Storage Cell uses 128 bytes of data to store a single type.",
      "",
      "<hr/>",
      "## &&eTasks:",
      "<task task=\"0950907AA16E55FA\" quest=\"Item Storage Cell 16K\"/>",
      "<hr/>",
      "## &&eRewards:",
      "<reward reward=\"utilities_lootbag\" quest=\"Item Storage Cell 16K\"/>",
      "<hr/>"
    ],
    "groups": {
      "Applied Energistics 2": {
        "position": [
          -336,
          -304
        ]
      }
    },
    "icon": {
      "item": {
        "id": "ae2:item_storage_cell_16k",
        "count": 1
      },
      "type": "heracles:item"
    },
    "icon_background": "heracles:textures/gui/quest_backgrounds/default.png",
    "title": {
      "translate": "Item Storage Cell 16K"
    }
  },
  "settings": {
    "unlockNotification": false,
    "showDependencyArrow": true,
    "repeatable": false,
    "individual_progress": false,
    "hidden": "LOCKED"
  }
}