{
  "dependencies": [],
  "tasks": {
    "1E101186DD63E8A3": {
      "type": "heracles:item",
      "item": "ae2:molecular_assembler",
      "amount": 1,
      "collection": "AUTOMATIC"
    }
  },
  "rewards": {
    "utilities_lootbag": {
      "item": {
        "id": "lootbags:loot_bag",
        "count": 1,
        "nbt": {
          "Type": "UNCOMMON",
          "Color": 6750133,
          "Loot": "aof:loot_bags/misc/utilities",
          "Name": "Utilities Lootbag"
        }
      },
      "type": "heracles:item"
    }
  },
  "display": {
    "subtitle": {
      "translate": "Read ME Pattern Provider quest for more info."
    },
    "description": [
      "<hr/>",
      "# &&eMolecular Assembler",
      "<br/>",
      "Read ME Pattern Provider quest for more info.",
      "<hr/>",
      "## &&eTasks:",
      "<task task=\"1E101186DD63E8A3\" quest=\"Molecular Assembler\"/>",
      "<hr/>",
      "## &&eRewards:",
      "<reward reward=\"utilities_lootbag\" quest=\"Molecular Assembler\"/>",
      "<hr/>"
    ],
    "groups": {
      "Applied Energistics 2": {
        "position": [
          96,
          -144
        ]
      }
    },
    "icon": {
      "item": {
        "id": "ae2:molecular_assembler",
        "count": 1
      },
      "type": "heracles:item"
    },
    "icon_background": "heracles:textures/gui/quest_backgrounds/default.png",
    "title": {
      "translate": "Molecular Assembler"
    }
  },
  "settings": {
    "showDependencyArrow": true,
    "repeatable": false,
    "autoClaimRewards": false,
    "individual_progress": false,
    "hidden": "LOCKED",
    "unlockNotification": false
  }
}
