{
  "dependencies": [
    "Quantum Link"
  ],
  "tasks": {
    "422C32A11B9803B4": {
      "type": "heracles:item",
      "item": "ae2:quantum_ring",
      "amount": 1,
      "collection": "AUTOMATIC",
      "title": "",
      "icon": {
        "item": {
          "id": "minecraft:air",
          "count": 0
        },
        "type": "heracles:item"
      }
    }
  },
  "rewards": {
    "utilities_lootbag": {
      "title": "",
      "icon": {
        "item": {
          "id": "minecraft:air",
          "count": 0
        },
        "type": "heracles:item"
      },
      "item": {
        "id": "lootbags:loot_bag",
        "count": 1,
        "nbt": {
          "Type": "UNCOMMON",
          "Color": 6750133,
          "Loot": "aof:loot_bags/misc/utilities",
          "Name": "Utilities Lootbag"
        }
      },
      "type": "heracles:item"
    }
  },
  "display": {
    "subtitle": {
      "translate": "Eight of these blocks placed around a ME Quantum Link Chamber will create a Quantum Network Bridge."
    },
    "description": [
      "<hr/>",
      "# &&eThe Final Step",
      "<br/>",
      "  Eight of these blocks placed around a /b/ME Quantum Link Chamber/b/ will create a /6/Quantum Network Bridge/6/.",
      "<br/>",
      "  Only the 4 ME Quantum Ring blocks adjacent to the ME Quantum Link Chamber will accept network connections, /6/the 4 corner blocks cannot connect to cables/6/.",
      "<br/>",
      "<hr/>",
      "## &&eTasks:",
      "<task task=\"422C32A11B9803B4\" quest=\"Quantum Ring\"/>",
      "<hr/>",
      "## &&eRewards:",
      "<reward reward=\"utilities_lootbag\" quest=\"Quantum Ring\"/>",
      "<hr/>"
    ],
    "groups": {
      "Applied Energistics 2": {
        "position": [
          -240,
          48
        ]
      }
    },
    "icon": {
      "item": {
        "id": "ae2:quantum_ring",
        "count": 1
      },
      "type": "heracles:item"
    },
    "icon_background": "heracles:textures/gui/quest_backgrounds/default.png",
    "title": {
      "translate": "Quantum Ring"
    }
  },
  "settings": {
    "unlockNotification": false,
    "showDependencyArrow": true,
    "repeatable": false,
    "individual_progress": false,
    "hidden": "LOCKED"
  }
}