{
  "dependencies": [
    "Quantum Entangled Singularity"
  ],
  "tasks": {
    "0DAFE1BDC893DE5F": {
      "type": "heracles:item",
      "item": "ae2:quantum_link",
      "amount": 1,
      "collection": "AUTOMATIC",
      "title": "",
      "icon": {
        "item": {
          "id": "minecraft:air",
          "count": 0
        },
        "type": "heracles:item"
      }
    }
  },
  "rewards": {
    "utilities_lootbag": {
      "title": "",
      "icon": {
        "item": {
          "id": "minecraft:air",
          "count": 0
        },
        "type": "heracles:item"
      },
      "item": {
        "id": "lootbags:loot_bag",
        "count": 1,
        "nbt": {
          "Type": "UNCOMMON",
          "Color": 6750133,
          "Loot": "aof:loot_bags/misc/utilities",
          "Name": "Utilities Lootbag"
        }
      },
      "type": "heracles:item"
    }
  },
  "display": {
    "subtitle": {
      "translate": "One of these blocks surrounded by a ME Quantum Ring will create a Quantum Network Bridge."
    },
    "description": [
      "<hr/>",
      "# &&eQuantum Links",
      "<br/>",
      "  One of these blocks surrounded by 8 /b/ME Quantum Ring/b/ will create a /b/Quantum Network Bridge/b/.",
      "<br/>",
      "  This block doesn't connect to any cables and only registers as part of the network with the full bridge is made.",
      "<br/>",
      "  This blocks inventory can only hold a single /b/Quantum Entangled Singularity/b/ and is automation accessible.",
      "<br/>",
      "<hr/>",
      "## &&eTasks:",
      "<task task=\"0DAFE1BDC893DE5F\" quest=\"Quantum Link\"/>",
      "<hr/>",
      "## &&eRewards:",
      "<reward reward=\"utilities_lootbag\" quest=\"Quantum Link\"/>",
      "<hr/>"
    ],
    "groups": {
      "Applied Energistics 2": {
        "position": [
          -240,
          0
        ]
      }
    },
    "icon": {
      "item": {
        "id": "ae2:quantum_link",
        "count": 1
      },
      "type": "heracles:item"
    },
    "icon_background": "heracles:textures/gui/quest_backgrounds/default.png",
    "title": {
      "translate": "Quantum Link"
    }
  },
  "settings": {
    "unlockNotification": false,
    "showDependencyArrow": true,
    "repeatable": false,
    "individual_progress": false,
    "hidden": "LOCKED"
  }
}