{
  "dependencies": [
    "AE2 Drive"
  ],
  "tasks": {
    "2FEE9FBD8CE4FE03": {
      "type": "heracles:item",
      "item": "ae2:terminal",
      "amount": 1,
      "collection": "AUTOMATIC"
    }
  },
  "rewards": {
    "utilities_lootbag": {
      "item": {
        "id": "lootbags:loot_bag",
        "count": 1,
        "nbt": {
          "Type": "UNCOMMON",
          "Color": 6750133,
          "Loot": "aof:loot_bags/misc/utilities",
          "Name": "Utilities Lootbag"
        }
      },
      "type": "heracles:item"
    }
  },
  "display": {
    "subtitle": {
      "translate": "A HID which gives you access to items stored in your ME Network. This will also include items accessible through ME Storage Bus."
    },
    "description": [
      "<hr/>",
      "# &&eBasic Terminal",
      "<br/>",
      "  The /b/ME Terminal/b/ is a basic interface to allow you to access your networks storage and /b/Crafing CPU/b/ status. You can also filter items using the same methods as REI. Also i hear if you right-click with some dye fun things happen.",
      "<hr/>",
      "## &&eTasks:",
      "<task task=\"2FEE9FBD8CE4FE03\" quest=\"Terminal\"/>",
      "<hr/>",
      "## &&eRewards:",
      "<reward reward=\"utilities_lootbag\" quest=\"Terminal\"/>",
      "<hr/>"
    ],
    "groups": {
      "Applied Energistics 2": {
        "position": [
          -304,
          -240
        ]
      }
    },
    "icon": {
      "item": {
        "id": "ae2:terminal",
        "count": 1
      },
      "type": "heracles:item"
    },
    "icon_background": "heracles:textures/gui/quest_backgrounds/default.png",
    "title": {
      "translate": "Terminal"
    }
  },
  "settings": {
    "showDependencyArrow": true,
    "repeatable": false,
    "autoClaimRewards": false,
    "individual_progress": false,
    "hidden": "LOCKED",
    "unlockNotification": false
  }
}