{
  "dependencies": [
    "Wireless Terminal"
  ],
  "tasks": {
    "6C0BA4228CC4B8B0": {
      "type": "heracles:item",
      "item": "ae2:wireless_booster",
      "amount": 1,
      "collection": "AUTOMATIC",
      "title": "",
      "icon": {
        "item": {
          "id": "minecraft:air",
          "count": 0
        },
        "type": "heracles:item"
      }
    }
  },
  "rewards": {
    "utilities_lootbag": {
      "title": "",
      "icon": {
        "item": {
          "id": "minecraft:air",
          "count": 0
        },
        "type": "heracles:item"
      },
      "item": {
        "id": "lootbags:loot_bag",
        "count": 1,
        "nbt": {
          "Type": "UNCOMMON",
          "Color": 6750133,
          "Loot": "aof:loot_bags/misc/utilities",
          "Name": "Utilities Lootbag"
        }
      },
      "type": "heracles:item"
    }
  },
  "display": {
    "subtitle": {
      "translate": "Used to increase the range of the ME Wireless Access Point."
    },
    "description": [
      "<hr/>",
      "# &&eToo Far Away...",
      "<br/>",
      "  Wireless Bosters are used to increase the range of the /b/ME Wireless Access Point/b/.",
      "  It's worth noting that with a /b/Quantum Ring/b/ this is not a worry.",
      "<hr/>",
      "## &&eTasks:",
      "<task task=\"6C0BA4228CC4B8B0\" quest=\"Wireless Booster\"/>",
      "<hr/>",
      "## &&eRewards:",
      "<reward reward=\"utilities_lootbag\" quest=\"Wireless Booster\"/>",
      "<hr/>"
    ],
    "groups": {
      "Applied Energistics 2": {
        "position": [
          -180,
          48
        ]
      }
    },
    "icon": {
      "item": {
        "id": "ae2:wireless_booster",
        "count": 1
      },
      "type": "heracles:item"
    },
    "icon_background": "heracles:textures/gui/quest_backgrounds/default.png",
    "title": {
      "translate": "Wireless Booster"
    }
  },
  "settings": {
    "unlockNotification": false,
    "showDependencyArrow": true,
    "repeatable": false,
    "individual_progress": false,
    "hidden": "LOCKED"
  }
}