{
  "dependencies": [
    "31FD82420EC61E94"
  ],
  "tasks": {
    "3AC3A4FAAE70EE5A": {
      "title": "",
      "icon": {
        "item": {
          "id": "minecraft:air",
          "count": 0
        },
        "type": "heracles:item"
      },
      "advancements": [
        "spectrum:lategame/collect_paltaeria"
      ],
      "type": "heracles:advancement"
    }
  },
  "rewards": {
    "lootbag": {
      "title": "",
      "icon": {
        "item": {
          "id": "minecraft:air",
          "count": 0
        },
        "type": "heracles:item"
      },
      "item": {
        "id": "lootbags:loot_bag",
        "count": 1,
        "nbt": {
          "Type": "LEGENDARY",
          "Color": 16747259,
          "Loot": "aof:loot_bags/spectrum/legendary",
          "Name": "Spectrum Legendary Lootbag"
        }
      },
      "type": "heracles:item"
    }
  },
  "display": {
    "subtitle": {
      "translate": "§eCollect a fragment of Paltaeria"
    },
    "description": [
      "<h2>&&eCollect a fragment of Paltaeria</h2>",
      "<hr/>",
      "<task task=\"3AC3A4FAAE70EE5A\" quest=\"07BA16929E2AC0E8\"/>",
      "<hr/>",
      "You feel a strange urge to travel to The End, as though something new can be found there.",
      "<hr/>",
      "<reward reward=\"735DC05D9B2AA890\" quest=\"07BA16929E2AC0E8\"/>"
    ],
    "groups": {
      "Spectrum": {
        "position": [
          912,
          240
        ]
      }
    },
    "icon": {
      "item": {
        "id": "spectrum:paltaeria_ore",
        "count": 1
      },
      "type": "heracles:item"
    },
    "icon_background": "heracles:textures/gui/quest_backgrounds/default.png",
    "title": {
      "translate": "Watch it Fly By"
    }
  },
  "settings": {
    "unlockNotification": false,
    "showDependencyArrow": true,
    "repeatable": false,
    "individual_progress": false,
    "hidden": "IN_PROGRESS"
  }
}