{
  "dependencies": [
    "681C638B38019A73"
  ],
  "tasks": {
    "0EF7BBEA7D70F057": {
      "title": "",
      "icon": {
        "item": {
          "id": "minecraft:air",
          "count": 0
        },
        "type": "heracles:item"
      },
      "advancements": [
        "spectrum:midgame/place_color_picker"
      ],
      "type": "heracles:advancement"
    }
  },
  "rewards": {
    "lootbag": {
      "title": "",
      "icon": {
        "item": {
          "id": "minecraft:air",
          "count": 0
        },
        "type": "heracles:item"
      },
      "item": {
        "id": "lootbags:loot_bag",
        "count": 1,
        "nbt": {
          "Type": "RARE",
          "Color": 16747259,
          "Loot": "aof:loot_bags/spectrum/rare",
          "Name": "Spectrum Rare Lootbag"
        }
      },
      "type": "heracles:item"
    }
  },
  "display": {
    "subtitle": {
      "translate": "§eBeing Picky"
    },
    "description": [
      "<h2>&&eBeing Picky</h2>",
      "<hr/>",
      "<task task=\"0EF7BBEA7D70F057\" quest=\"0A895BEB210EA39C\"/>",
      "<hr/>",
      "&&6Craft&&r and &&6place down&&r a &&bColor Picker&&r to start discovering the magic of Ink.",
      "<hr/>",
      "<reward reward=\"0A2BBF7A86B1948A\" quest=\"0A895BEB210EA39C\"/>"
    ],
    "groups": {
      "Spectrum": {
        "position": [
          304,
          240
        ]
      }
    },
    "icon": {
      "item": {
        "id": "spectrum:color_picker",
        "count": 1
      },
      "type": "heracles:item"
    },
    "icon_background": "heracles:textures/gui/quest_backgrounds/default.png",
    "title": {
      "translate": "Ink Magic"
    }
  },
  "settings": {
    "unlockNotification": false,
    "showDependencyArrow": false,
    "repeatable": false,
    "individual_progress": false,
    "hidden": "IN_PROGRESS"
  }
}