{
  "dependencies": [
    "1A19BCABF7117AB2",
    "2E12C8D6A35B7405",
    "1F655261AADEF7E9",
    "1AD3C42442918E43",
    "60D12546F28D7C78",
    "4BD5F19B354B9027",
    "55D9BA50B2741773",
    "7254C86E24938CE4",
    "58FE2DC83ADD005F",
    "78ED7745488BC27E",
    "503381C10054E786",
    "1699D14B24CE2883",
    "074A9E3BB501CFEB",
    "6CAD13315766D55D",
    "105C09C867052F3A",
    "7DF89E1482BD6640",
    "5B502145123A5A3B",
    "1610C5C3629192DE",
    "4059CD807EC64624",
    "0FC449098A9EAD1D",
    "3EF90588748BCDE8",
    "00CE2107C6C46BE1",
    "527E5EE02005FDC4",
    "3469B3EDFFA6484E",
    "38049A1334A76694",
    "183AE5E1F4D3423F",
    "093E8238C4E5B9DC",
    "6D9E0A35748F36F8"
  ],
  "tasks": {
    "3D2AD6934C3585CF": {
      "title": "§bSpe§dctr§eum §b1§d0§e0§r%",
      "icon": {
        "item": {
          "id": "minecraft:air",
          "count": 0
        },
        "type": "heracles:item"
      },
      "type": "heracles:check"
    }
  },
  "rewards": {
    "6F52B0A6DC1A772C": {
      "title": "",
      "icon": {
        "item": {
          "id": "minecraft:air",
          "count": 0
        },
        "type": "heracles:item"
      },
      "item": {
        "id": "trofers:medium_pillar",
        "count": 1,
        "nbt": {
          "BlockEntityTag": {
            "Trophy": "trofers:spectrum"
          }
        }
      },
      "type": "heracles:item"
    }
  },
  "display": {
    "subtitle": {
      "translate": "Complete all quests to obtain the trophy!"
    },
    "description": [
      "<br/>",
      "<columns template='0 100'>",
      "<column>",
      "<columns>",
      "<column valign='top'>",
      "<h2 background='8 #aaff00ff' border='0 #01ff00ff' color='#44ff00ff' obfuscated='true'>123456789</h2>",
      "</column>",
      "<column valign='bottom'>",
      "<h2 background='8 #aa00ffff' border='2 #0100ffff' color='#4400ffff' obfuscated='true'>123456789</h2>",
      "</column>",
      "<column>",
      "<h2 background='8 #aaffd700' border='5 #01ffd700' color='#44ffd700' obfuscated='true'>123456789</h2>",
      "</column>",
      "</columns>",
      "</column>",
      "<column>",
      "<columns template='20 82'>",
      "<column>",
      "<item border='0 #88777777' id='trofers:medium_pillar' scale='7' tag='{BlockEntityTag:{Trophy:&#39;trofers:spectrum&#39;}}'>&#32;</item>",
      "</column>",
      "<column valign='middle'>",
      "<columns template='80 20'>",
      "<column>",
      "<h1 align='right' background='3 #444444' border='1 #888888' color='#cccccc' shadowed='true'>&&o Spectrum&#160;</h1>",
      "</column>",
      "<column>",
      "<img align='left' height='8' src='textures/trims/color_palettes/diamond.png' textureHeight='8' textureWidth='32' width='32'>&#32;</img>",
      "<img align='left' height='8' src='textures/trims/color_palettes/amethyst.png' textureHeight='8' textureWidth='32' width='32'>&#32;</img>",
      "<img align='left' height='8' src='textures/trims/color_palettes/gold.png' textureHeight='8' textureWidth='32' width='32'>&#32;</img>",
      "<img align='left' height='8' src='textures/trims/color_palettes/trim_palette.png' textureHeight='8' textureWidth='32' width='32'>&#32;</img>",
      "</column>",
      "</columns>",
      "<br/>",
      "<hr/>",
      "<br/>",
      "<br/>",
      "<p>&#32;    Cherish how Much,</p>",
      "<br/>",
      "<p>&#32;      You now Know.</p>",
      "<br/>",
      "<br/>",
      "<hr/>",
      "</column>",
      "</columns>",
      "</column>",
      "</columns>"
    ],
    "groups": {
      "Spectrum": {
        "position": [
          321,
          -64
        ]
      }
    },
    "icon": {
      "item": {
        "id": "trofers:medium_pillar",
        "count": 1,
        "nbt": {
          "BlockEntityTag": {
            "Trophy": "trofers:spectrum"
          }
        }
      },
      "type": "heracles:item"
    },
    "icon_background": "heracles:textures/gui/quest_backgrounds/hexagons.png",
    "title": {
      "translate": "§b§lSpe§d§lctr§e§lum §b§l1§d§l0§e§l0§r§l%"
    }
  },
  "settings": {
    "unlockNotification": false,
    "showDependencyArrow": false,
    "repeatable": false,
    "individual_progress": false,
    "hidden": "LOCKED"
  }
}