{
  "dependencies": [
    "1810EB195B0CC509"
  ],
  "tasks": {
    "0E372556B55A9935": {
      "title": "",
      "icon": {
        "item": {
          "id": "minecraft:air",
          "count": 0
        },
        "type": "heracles:item"
      },
      "advancements": [
        "spectrum:midgame/collect_azurite"
      ],
      "type": "heracles:advancement"
    }
  },
  "rewards": {
    "lootbag": {
      "title": "",
      "icon": {
        "item": {
          "id": "minecraft:air",
          "count": 0
        },
        "type": "heracles:item"
      },
      "item": {
        "id": "lootbags:loot_bag",
        "count": 1,
        "nbt": {
          "Type": "RARE",
          "Color": 16747259,
          "Loot": "aof:loot_bags/spectrum/rare",
          "Name": "Spectrum Rare Lootbag"
        }
      },
      "type": "heracles:item"
    }
  },
  "display": {
    "subtitle": {
      "translate": "§eI Got the Blues"
    },
    "description": [
      "<h2>&&eI Got the Blues</h2>",
      "<hr/>",
      "<task task=\"0E372556B55A9935\" quest=\"2AB88707D86F0506\"/>",
      "<hr/>",
      "Another new &&bore&&r, down in the &&6depths&&r.",
      "<hr/>",
      "<reward reward=\"1B586AAEF2577F43\" quest=\"2AB88707D86F0506\"/>"
    ],
    "groups": {
      "Spectrum": {
        "position": [
          512,
          1
        ]
      }
    },
    "icon": {
      "item": {
        "id": "spectrum:raw_azurite",
        "count": 1
      },
      "type": "heracles:item"
    },
    "icon_background": "heracles:textures/gui/quest_backgrounds/default.png",
    "title": {
      "translate": "Feeling Blue"
    }
  },
  "settings": {
    "unlockNotification": false,
    "showDependencyArrow": true,
    "repeatable": false,
    "individual_progress": false,
    "hidden": "IN_PROGRESS"
  }
}