{
  "dependencies": [
    "723E1C665A781C52"
  ],
  "tasks": {
    "7BEE98CD23CC9844": {
      "type": "heracles:item",
      "item": "spectrum:pink_pigment",
      "amount": 1,
      "collection": "AUTOMATIC",
      "title": "",
      "icon": {
        "item": {
          "id": "minecraft:air",
          "count": 0
        },
        "type": "heracles:item"
      }
    }
  },
  "rewards": {
    "lootbag": {
      "title": "",
      "icon": {
        "item": {
          "id": "minecraft:air",
          "count": 0
        },
        "type": "heracles:item"
      },
      "item": {
        "id": "lootbags:loot_bag",
        "count": 1,
        "nbt": {
          "Type": "UNCOMMON",
          "Color": 16747259,
          "Loot": "aof:loot_bags/spectrum/uncommon",
          "Name": "Spectrum Uncommon Lootbag"
        }
      },
      "type": "heracles:item"
    }
  },
  "display": {
    "subtitle": {
      "translate": "Health"
    },
    "description": [
      "<h2>Health</h2>",
      "<hr/>",
      "<task task=\"7BEE98CD23CC9844\" quest=\"2B9252657949C67E\"/>",
      "<hr/>",
      "<hr/>",
      "<reward reward=\"28B3D25F541BBD97\" quest=\"2B9252657949C67E\"/>"
    ],
    "groups": {
      "Spectrum": {
        "position": [
          256,
          176
        ]
      }
    },
    "icon": {
      "item": {
        "id": "spectrum:pink_pigment",
        "count": 1
      },
      "type": "heracles:item"
    },
    "icon_background": "heracles:textures/gui/quest_backgrounds/default.png",
    "title": {
      "translate": "Pink Pigment"
    }
  },
  "settings": {
    "unlockNotification": false,
    "showDependencyArrow": false,
    "repeatable": false,
    "individual_progress": false,
    "hidden": "IN_PROGRESS"
  }
}