{
  "dependencies": [
    "07BA16929E2AC0E8",
    "044E7F9EC3D8C60C"
  ],
  "tasks": {
    "477D77DAF18D410C": {
      "title": "",
      "icon": {
        "item": {
          "id": "minecraft:air",
          "count": 0
        },
        "type": "heracles:item"
      },
      "advancements": [
        "spectrum:lategame/craft_resonant_pickaxe"
      ],
      "type": "heracles:advancement"
    }
  },
  "rewards": {
    "lootbag": {
      "title": "",
      "icon": {
        "item": {
          "id": "minecraft:air",
          "count": 0
        },
        "type": "heracles:item"
      },
      "item": {
        "id": "lootbags:loot_bag",
        "count": 1,
        "nbt": {
          "Type": "LEGENDARY",
          "Color": 16747259,
          "Loot": "aof:loot_bags/spectrum/legendary",
          "Name": "Spectrum Legendary Lootbag"
        }
      },
      "type": "heracles:item"
    }
  },
  "display": {
    "subtitle": {
      "translate": "§eCraft the Resonant Pickaxe"
    },
    "description": [
      "<h2>&&eCraft the Resonant Pickaxe</h2>",
      "<hr/>",
      "<task task=\"477D77DAF18D410C\" quest=\"2E764AFD13AE3047\"/>",
      "<hr/>",
      "This tool is capable of picking up &&bBudding Blocks",
      "<hr/>",
      "<reward reward=\"0D7867B032164B2A\" quest=\"2E764AFD13AE3047\"/>"
    ],
    "groups": {
      "Spectrum": {
        "position": [
          960,
          192
        ]
      }
    },
    "icon": {
      "item": {
        "id": "spectrum:resonant_pickaxe",
        "count": 1,
        "nbt": {
          "Enchantments": [
            {
              "lvl": 1,
              "id": "spectrum:resonance"
            }
          ],
          "Damage": 0
        }
      },
      "type": "heracles:item"
    },
    "icon_background": "heracles:textures/gui/quest_backgrounds/default.png",
    "title": {
      "translate": "Good Vibrations"
    }
  },
  "settings": {
    "unlockNotification": false,
    "showDependencyArrow": true,
    "repeatable": false,
    "individual_progress": false,
    "hidden": "IN_PROGRESS"
  }
}