{
  "dependencies": [
    "1810EB195B0CC509"
  ],
  "tasks": {
    "37714CE4A2C0677A": {
      "title": "",
      "icon": {
        "item": {
          "id": "minecraft:air",
          "count": 0
        },
        "type": "heracles:item"
      },
      "advancements": [
        "spectrum:midgame/collect_storm_stone"
      ],
      "type": "heracles:advancement"
    }
  },
  "rewards": {
    "lootbag": {
      "title": "",
      "icon": {
        "item": {
          "id": "minecraft:air",
          "count": 0
        },
        "type": "heracles:item"
      },
      "item": {
        "id": "lootbags:loot_bag",
        "count": 1,
        "nbt": {
          "Type": "RARE",
          "Color": 16747259,
          "Loot": "aof:loot_bags/spectrum/rare",
          "Name": "Spectrum Rare Lootbag"
        }
      },
      "type": "heracles:item"
    }
  },
  "display": {
    "subtitle": {
      "translate": "§eThunderstruck"
    },
    "description": [
      "<h2>&&eThunderstruck</h2>",
      "<hr/>",
      "<task task=\"37714CE4A2C0677A\" quest=\"38BEF83AFD8EA081\"/>",
      "<hr/>",
      "Thunderstorms are powerful indeed. Surely &&6lightning&&r leaves &&bsomething of interest&&r behind?",
      "<hr/>",
      "<reward reward=\"699401FD4954F141\" quest=\"38BEF83AFD8EA081\"/>"
    ],
    "groups": {
      "Spectrum": {
        "position": [
          464,
          -48
        ]
      }
    },
    "icon": {
      "item": {
        "id": "spectrum:storm_stone",
        "count": 1
      },
      "type": "heracles:item"
    },
    "icon_background": "heracles:textures/gui/quest_backgrounds/default.png",
    "title": {
      "translate": "Static Stones"
    }
  },
  "settings": {
    "unlockNotification": false,
    "showDependencyArrow": true,
    "repeatable": false,
    "individual_progress": false,
    "hidden": "IN_PROGRESS"
  }
}