{
  "dependencies": [
    "418776D548B71C96"
  ],
  "tasks": {
    "1E3ABA11B17640AC": {
      "title": "",
      "icon": {
        "item": {
          "id": "minecraft:air",
          "count": 0
        },
        "type": "heracles:item"
      },
      "advancements": [
        "spectrum:lategame/collect_myceylon"
      ],
      "type": "heracles:advancement"
    }
  },
  "rewards": {
    "lootbag": {
      "title": "",
      "icon": {
        "item": {
          "id": "minecraft:air",
          "count": 0
        },
        "type": "heracles:item"
      },
      "item": {
        "id": "lootbags:loot_bag",
        "count": 1,
        "nbt": {
          "Type": "LEGENDARY",
          "Color": 16747259,
          "Loot": "aof:loot_bags/spectrum/legendary",
          "Name": "Spectrum Legendary Lootbag"
        }
      },
      "type": "heracles:item"
    }
  },
  "display": {
    "subtitle": {
      "translate": "§eStrip a Noxwood Mushroom"
    },
    "description": [
      "<h2>&&eStrip a Noxwood Mushroom</h2>",
      "<hr/>",
      "<task task=\"1E3ABA11B17640AC\" quest=\"421BF4C4A342DD80\"/>",
      "<hr/>",
      "&&bMyceylon&&r adds great flavor to baked goods and drinks.",
      "<hr/>",
      "<reward reward=\"5E704AEEA6A87BE0\" quest=\"421BF4C4A342DD80\"/>"
    ],
    "groups": {
      "Spectrum": {
        "position": [
          720,
          0
        ]
      }
    },
    "icon": {
      "item": {
        "id": "spectrum:myceylon",
        "count": 1
      },
      "type": "heracles:item"
    },
    "icon_background": "heracles:textures/gui/quest_backgrounds/default.png",
    "title": {
      "translate": "Mushroom Aromatics"
    }
  },
  "settings": {
    "unlockNotification": false,
    "showDependencyArrow": true,
    "repeatable": false,
    "individual_progress": false,
    "hidden": "IN_PROGRESS"
  }
}