{
  "dependencies": [
    "5EA323A52C146DEA"
  ],
  "tasks": {
    "2F969BF1ACC3551F": {
      "title": "",
      "icon": {
        "item": {
          "id": "minecraft:air",
          "count": 0
        },
        "type": "heracles:item"
      },
      "advancements": [
        "spectrum:midgame/collect_mob_head_using_treasure_hunter"
      ],
      "type": "heracles:advancement"
    }
  },
  "rewards": {
    "lootbag": {
      "title": "",
      "icon": {
        "item": {
          "id": "minecraft:air",
          "count": 0
        },
        "type": "heracles:item"
      },
      "item": {
        "id": "lootbags:loot_bag",
        "count": 1,
        "nbt": {
          "Type": "RARE",
          "Color": 16747259,
          "Loot": "aof:loot_bags/spectrum/rare",
          "Name": "Spectrum Rare Lootbag"
        }
      },
      "type": "heracles:item"
    }
  },
  "display": {
    "subtitle": {
      "translate": "§eLosing Its Mind"
    },
    "description": [
      "<h2>&&eLosing Its Mind</h2>",
      "<hr/>",
      "<task task=\"2F969BF1ACC3551F\" quest=\"58FE2DC83ADD005F\"/>",
      "<hr/>",
      "&&6Kill&&r a mob with the &&bTreasure Hunter enchantment&&r to acquire its head.",
      "<hr/>",
      "<reward reward=\"0E3BD519AF1E3BAB\" quest=\"58FE2DC83ADD005F\"/>"
    ],
    "groups": {
      "Spectrum": {
        "position": [
          368,
          192
        ]
      }
    },
    "icon": {
      "item": {
        "id": "spectrum:cow_head",
        "count": 1
      },
      "type": "heracles:item"
    },
    "icon_background": "heracles:textures/gui/quest_backgrounds/default.png",
    "title": {
      "translate": "Off With Their Heads"
    }
  },
  "settings": {
    "unlockNotification": false,
    "showDependencyArrow": true,
    "repeatable": false,
    "individual_progress": false,
    "hidden": "IN_PROGRESS"
  }
}