{
  "dependencies": [
    "36258B9E1280A188"
  ],
  "tasks": {
    "10F76AC81A6D8315": {
      "title": "",
      "icon": {
        "item": {
          "id": "minecraft:air",
          "count": 0
        },
        "type": "heracles:item"
      },
      "advancements": [
        "spectrum:collect_shimmerstone"
      ],
      "type": "heracles:advancement"
    }
  },
  "rewards": {
    "lootbag": {
      "title": "",
      "icon": {
        "item": {
          "id": "minecraft:air",
          "count": 0
        },
        "type": "heracles:item"
      },
      "item": {
        "id": "lootbags:loot_bag",
        "count": 1,
        "nbt": {
          "Type": "COMMON",
          "Color": 16747259,
          "Loot": "aof:loot_bags/spectrum/common",
          "Name": "Spectrum Common Lootbag"
        }
      },
      "type": "heracles:item"
    }
  },
  "display": {
    "subtitle": {
      "translate": "§eMore than meets the Eye"
    },
    "description": [
      "<h2>&&eMore than meets the Eye</h2>",
      "<hr/>",
      "<task task=\"10F76AC81A6D8315\" quest=\"5E0135DE9E0D30CE\"/>",
      "<hr/>",
      "You never noticed this &&bOre&&r before at all.... weird. Is there more to the world than you previously thought?",
      "<hr/>",
      "<reward reward=\"577A9743B210A299\" quest=\"5E0135DE9E0D30CE\"/>"
    ],
    "groups": {
      "Spectrum": {
        "position": [
          16,
          192
        ]
      }
    },
    "icon": {
      "item": {
        "id": "spectrum:shimmerstone_gem",
        "count": 1
      },
      "type": "heracles:item"
    },
    "icon_background": "heracles:textures/gui/quest_backgrounds/default.png",
    "title": {
      "translate": "Shimmering Stone"
    }
  },
  "settings": {
    "unlockNotification": false,
    "showDependencyArrow": true,
    "repeatable": false,
    "individual_progress": false,
    "hidden": "IN_PROGRESS"
  }
}