{
  "dependencies": [
    "16AFA6ABBF50A54C"
  ],
  "tasks": {
    "7A6F1ABEF288A69F": {
      "title": "",
      "icon": {
        "item": {
          "id": "minecraft:air",
          "count": 0
        },
        "type": "heracles:item"
      },
      "advancements": [
        "spectrum:midgame/wear_complete_set_of_bedrock_armor"
      ],
      "type": "heracles:advancement"
    }
  },
  "rewards": {
    "lootbag": {
      "title": "",
      "icon": {
        "item": {
          "id": "minecraft:air",
          "count": 0
        },
        "type": "heracles:item"
      },
      "item": {
        "id": "lootbags:loot_bag",
        "count": 1,
        "nbt": {
          "Type": "EPIC",
          "Color": 16747259,
          "Loot": "aof:loot_bags/spectrum/epic",
          "Name": "Spectrum Epic Lootbag"
        }
      },
      "type": "heracles:item"
    }
  },
  "display": {
    "subtitle": {
      "translate": "§eNever wilt, stone blossom"
    },
    "description": [
      "<h2>&&eNever wilt, stone blossom</h2>",
      "<hr/>",
      "<task task=\"7A6F1ABEF288A69F\" quest=\"7CE00D3A16827F50\"/>",
      "<hr/>",
      "&&6Craft&&r and &&6equip&&r the full set of &&bbedrock armor&&r.",
      "<hr/>",
      "<reward reward=\"15F438300EAAC13A\" quest=\"7CE00D3A16827F50\"/>"
    ],
    "groups": {
      "Spectrum": {
        "position": [
          559,
          288
        ]
      }
    },
    "icon": {
      "item": {
        "id": "spectrum:bedrock_chestplate",
        "count": 1,
        "nbt": {
          "Enchantments": [
            {
              "lvl": 5,
              "id": "minecraft:protection"
            }
          ]
        }
      },
      "type": "heracles:item"
    },
    "icon_background": "heracles:textures/gui/quest_backgrounds/default.png",
    "title": {
      "translate": "Black Knight"
    }
  },
  "settings": {
    "unlockNotification": false,
    "showDependencyArrow": true,
    "repeatable": false,
    "individual_progress": false,
    "hidden": "IN_PROGRESS"
  }
}