{
  "fabric:load_conditions": [
    {
      "condition": "fabric:item_tags_populated",
      "values": [
        "c:raw_iridium_ores",
        "c:iridium_ingots"
      ]
    }
  ],
  "type": "alloy_forgery:forging",
  "inputs": [
    {
      "tag": "c:raw_iridium_ores",
      "count": 2
    }
  ],
  "output": {
    "priority": [
      "modern_industrialization:iridium_ingot"
    ],
    "default": "c:iridium_ingots",
    "count": 2
  },
  "overrides": {
    "3+": {
      "count": 3
    }
  },
  "min_forge_tier": 2,
  "fuel_per_tick": 10
}