{
  "fabric:load_conditions": [
    {
      "condition": "fabric:item_tags_populated",
      "values": [
        "c:tin_ores",
        "c:tin_ingots"
      ]
    }
  ],
  "type": "alloy_forgery:forging",
  "inputs": [
    {
      "tag": "c:tin_ores"
    }
  ],
  "output": {
    "priority": [
      "modern_industrialization:tin_ingot"
    ],
    "default": "c:tin_ingots",
    "count": 2
  },
  "overrides": {
    "2": {
      "count": 3
    },
    "3+": {
      "count": 4
    }
  },
  "min_forge_tier": 1,
  "fuel_per_tick": 5
}