{
	"credit": "Made with Blockbench",
	"texture_size": [32, 32],
	"textures": {
		"1": "kubejs:block/completionist_cup"
	},
	"elements": [
		{
			"from": [14, 10, 7],
			"to": [16, 14, 9],
			"faces": {
				"north": {"uv": [1, 12.5, 2, 14.5], "texture": "#1"},
				"east": {"uv": [0, 12.5, 1, 14.5], "texture": "#1"},
				"south": {"uv": [2, 12.5, 1, 14.5], "texture": "#1"},
				"west": {"uv": [2, 12.5, 3, 14.5], "texture": "#1"}
			}
		},
		{
			"from": [3, 0, 3],
			"to": [13, 4, 13],
			"faces": {
				"north": {"uv": [5.5, 8.5, 10.5, 10.5], "texture": "#1"},
				"east": {"uv": [5.5, 6, 10.5, 8], "texture": "#1"},
				"south": {"uv": [5.5, 6, 10.5, 8], "texture": "#1"},
				"west": {"uv": [5.5, 6, 10.5, 8], "texture": "#1"},
				"up": {"uv": [10.5, 5.5, 5.5, 0.5], "texture": "#1"},
				"down": {"uv": [10.5, 11, 5.5, 16], "texture": "#1"}
			}
		},
		{
			"from": [6, 4, 6],
			"to": [10, 7, 10],
			"faces": {
				"north": {"uv": [0, 14.5, 2, 16], "texture": "#1"},
				"east": {"uv": [0, 14.5, 2, 16], "texture": "#1"},
				"south": {"uv": [0, 14.5, 2, 16], "texture": "#1"},
				"west": {"uv": [0, 14.5, 2, 16], "texture": "#1"}
			}
		},
		{
			"from": [3, 7, 3],
			"to": [13, 16, 13],
			"faces": {
				"north": {"uv": [0, 4.5, 5, 9], "texture": "#1"},
				"east": {"uv": [0, 0, 5, 4.5], "texture": "#1"},
				"south": {"uv": [11, 6.5, 16, 11], "texture": "#1"},
				"west": {"uv": [0, 0, 5, 4.5], "texture": "#1"},
				"up": {"uv": [11, 1.5, 16, 6.5], "texture": "#1"},
				"down": {"uv": [11, 11, 16, 16], "texture": "#1"}
			}
		},
		{
			"from": [13, 14, 7],
			"to": [16, 16, 9],
			"faces": {
				"north": {"uv": [1, 10.5, 2.5, 11.5], "texture": "#1"},
				"east": {"uv": [0, 10.5, 1, 11.5], "texture": "#1"},
				"south": {"uv": [2.5, 10.5, 1, 11.5], "texture": "#1"},
				"up": {"uv": [1, 9.5, 2.5, 10.5], "texture": "#1"},
				"down": {"uv": [1, 11.5, 2.5, 12.5], "texture": "#1"}
			}
		},
		{
			"from": [0, 14, 7],
			"to": [3, 16, 9],
			"faces": {
				"north": {"uv": [2.5, 10.5, 1, 11.5], "texture": "#1"},
				"south": {"uv": [1, 10.5, 2.5, 11.5], "texture": "#1"},
				"west": {"uv": [0, 10.5, 1, 11.5], "texture": "#1"},
				"up": {"uv": [2.5, 9.5, 1, 10.5], "texture": "#1"},
				"down": {"uv": [2.5, 11.5, 1, 12.5], "texture": "#1"}
			}
		},
		{
			"from": [13, 8, 7],
			"to": [16, 10, 9],
			"faces": {
				"north": {"uv": [3.5, 10.5, 5, 11.5], "texture": "#1"},
				"east": {"uv": [2.5, 10.5, 3.5, 11.5], "texture": "#1"},
				"south": {"uv": [5, 10.5, 3.5, 11.5], "texture": "#1"},
				"up": {"uv": [3.5, 9.5, 5, 10.5], "texture": "#1"},
				"down": {"uv": [3.5, 11.5, 5, 12.5], "texture": "#1"}
			}
		},
		{
			"from": [0, 8, 7],
			"to": [3, 10, 9],
			"faces": {
				"north": {"uv": [5, 10.5, 3.5, 11.5], "texture": "#1"},
				"south": {"uv": [3.5, 10.5, 5, 11.5], "texture": "#1"},
				"west": {"uv": [2.5, 10.5, 3.5, 11.5], "texture": "#1"},
				"up": {"uv": [5, 9.5, 3.5, 10.5], "texture": "#1"},
				"down": {"uv": [5, 11.5, 3.5, 12.5], "texture": "#1"}
			}
		},
		{
			"from": [0, 10, 7],
			"to": [2, 14, 9],
			"faces": {
				"north": {"uv": [2, 12.5, 1, 14.5], "texture": "#1"},
				"east": {"uv": [2, 12.5, 3, 14.5], "texture": "#1"},
				"south": {"uv": [1, 12.5, 2, 14.5], "texture": "#1"},
				"west": {"uv": [1, 12.5, 0, 14.5], "texture": "#1"},
				"up": {"uv": [0, 0, 2, 2], "texture": "#1"},
				"down": {"uv": [0, 0, 2, 2], "texture": "#1"}
			}
		}
	],
	"display": {
		"thirdperson_righthand": {
			"scale": [0.5, 0.5, 0.5]
		},
		"thirdperson_lefthand": {
			"scale": [0.5, 0.5, 0.5]
		},
		"firstperson_righthand": {
			"scale": [0.5, 0.5, 0.5]
		},
		"firstperson_lefthand": {
			"scale": [0.5, 0.5, 0.5]
		},
		"ground": {
			"translation": [0, 5.25, 0]
		},
		"gui": {
			"rotation": [0, 180, 0],
			"scale": [0.9, 0.9, 0.9]
		},
		"head": {
			"translation": [0, 15, 0]
		}
	},
	"groups": [
		{
			"name": "group",
			"origin": [0, 0, 0],
			"color": 0,
			"children": [0, 1, 2, 3, 4, 5, 6, 7, 8]
		}
	]
}