{
  "dependencies": [
    "Circuit MK1",
    "Nikolite Ingot"
  ],
  "tasks": {
    "55EB225CEDCC8BB0": {
      "type": "heracles:item",
      "item": "indrev:circuit_mk2",
      "amount": 1,
      "collection": "AUTOMATIC",
      "title": "",
      "icon": {
        "item": {
          "id": "minecraft:air",
          "count": 0
        },
        "type": "heracles:item"
      }
    }
  },
  "rewards": {
    "25DAAEA3159EC8A7": {
      "title": "",
      "icon": {
        "item": {
          "id": "minecraft:air",
          "count": 0
        },
        "type": "heracles:item"
      },
      "item": {
        "id": "lootbags:loot_bag",
        "count": 1,
        "nbt": {
          "Type": "RARE",
          "Color": 8090608,
          "Loot": "aof:loot_bags/ind_rev/rare",
          "Name": "Industrial Revolution Rare Lootbag"
        }
      },
      "type": "heracles:item"
    }
  },
  "display": {
    "subtitle": {
      "translate": "This helped indrev start their campaign for revolution."
    },
    "description": [
      "<h2>This helped indrev start their campaign for revolution.</h2>",
      "---",
      "Mainly used for MK2 upgrades.",
      "---"
    ],
    "groups": {
      "Industrial Revolution": {
        "position": [
          -96,
          -144
        ]
      }
    },
    "icon": {
      "item": {
        "id": "indrev:circuit_mk2",
        "count": 1
      },
      "type": "heracles:item"
    },
    "icon_background": "heracles:textures/gui/quest_backgrounds/default.png",
    "title": {
      "translate": "MK2 Circuit"
    }
  },
  "settings": {
    "unlockNotification": false,
    "showDependencyArrow": true,
    "repeatable": false,
    "individual_progress": false,
    "hidden": "LOCKED"
  }
}