{
  "dependencies": [
    "Modular Chestplate",
    "Modular Helmet",
    "IR Battery",
    "IR Charge Pad MK4",
    "Nikolite Ingot",
    "IR Enhancers",
    "IR Factory Components",
    "IR Electric Furnace Factory MK4",
    "Modular Workbench MK4",
    "IR Ore Multiplication",
    "IR Item Pipe MK2",
    "Poor Mans Compressor",
    "IR Item Pipe MK3",
    "Modular Boots",
    "IR Item Pipe MK4",
    "IR Heat Gen MK4",
    "IR Item Pipe MK1",
    "Circuit MK1",
    "Circuit MK2",
    "Circuit MK3",
    "Circuit MK4",
    "Welcome to the Revolution",
    "IR Farming",
    "IR Servos",
    "IR Solid Infuser MK1",
    "Modular Leggings",
    "IR Energy Reader",
    "IR Fluid Infuser MK1",
    "IR Drain and Pump MK1",
    "Steel Plate from IR",
    "IR Biomass Gen MK3",
    "IR Pulverizer Factory MK4",
    "IR Solid Infuser Factory MK4",
    "IR Cable MK4",
    "IR Cable MK3",
    "IR Compressor MK1",
    "IR Cable MK2",
    "IR Compressor Factory MK4",
    "IR Cable MK1",
    "IR Fluid Pipe MK1",
    "IR Fluid Pipe MK2",
    "IR Machine Block",
    "Modular Mining Drill",
    "Enriched Nikolite Ingot",
    "Configurability",
    "IR Fluid Pipe MK3",
    "IR Fluid Pipe MK4",
    "IR Drill Bottom",
    "IR needs only the best diamonds",
    "IR Pulverizer MK1",
    "IR Coal Gen MK1",
    "Charging the Core",
    "Nikolite Dust",
    "IR Recycler MK2",
    "IR Empty Enhancer",
    "Enriched Nikolite Dust",
    "Modular Core Activated",
    "IR Fisher MK4",
    "Gamer Axe",
    "IR Fisher MK3",
    "IR Fisher MK2",
    "IR Sawmill MK1",
    "IR Solar Gen MK3",
    "IR Solar Gen MK1",
    "IR Tier Upgrade MK2",
    "IR Tier Upgrade MK4",
    "IR Tier Upgrade MK3"
  ],
  "tasks": {
    "28FBE0DAB8D6BF8F": {
      "title": "§b§lIndustrial Revolution 100%",
      "icon": {
        "item": {
          "id": "minecraft:air",
          "count": 0
        },
        "type": "heracles:item"
      },
      "type": "heracles:check"
    }
  },
  "rewards": {
    "47349A13BACC591D": {
      "title": "",
      "icon": {
        "item": {
          "id": "minecraft:air",
          "count": 0
        },
        "type": "heracles:item"
      },
      "item": {
        "id": "trofers:medium_pillar",
        "count": 1,
        "nbt": {
          "BlockEntityTag": {
            "Trophy": "trofers:indrev"
          }
        }
      },
      "type": "heracles:item"
    }
  },
  "display": {
    "subtitle": {
      "translate": "Complete all quests to obtain the trophy!"
    },
    "description": [
      "<br/>",
      "<columns template='0 100'>",
      "<column>",
      "<columns>",
      "<column valign='top'>",
      "<h2 background='8 #88d76e8b' border='0 #01d76e8b' color='#44d76e8b' obfuscated='true'>123456789</h2>",
      "</column>",
      "<column valign='bottom'>",
      "<h2 background='8 #88dfb147' border='2 #01dfb147' color='#44dfb147' obfuscated='true'>123456789</h2>",
      "</column>",
      "<column>",
      "<h2 background='8 #88acef69' border='5 #01acef69' color='#44acef69' obfuscated='true'>123456789</h2>",
      "</column>",
      "</columns>",
      "</column>",
      "<column>",
      "<columns template='20 80'>",
      "<column>",
      "<item border='0 #88777777' id='trofers:medium_pillar' scale='7' tag=\"{BlockEntityTag:{Trophy:'trofers:indrev'}}\">&#32;</item>",
      "</column>",
      "<column valign='middle'>",
      "",
      "<h1 align='center' background='3 #88acef69' border='1 #bbffffff' italic='true' shadowed='true'>&#160;Industrial Revolution&#160;</h1>",
      "",
      "---",
      "",
      "<columns template='15 8 77'>",
      "  <column>",
      "    <p>&#32;</p>",
      "  </column>",
      "  <column>",
      "    <item id='indrev:modular_core_activated' scale='4'>&#32;</item>",
      "  </column>",
      "  <column>",
      "    <p align='left' background='1 #44d76e8b' color='#D76E8B' obfuscated='true'>012345678901234567890123456789</p>",
      "    <p align='left' background='2 #44acef69' color='#ACEF69' obfuscated='true'>012345678901234567890123456789</p>",
      "    <p align='left' background='3 #4400ffff' color='#00FFFF' obfuscated='true'>012345678901234567890123456789</p>",
      "    <p align='left' background='2 #44acef69' color='#ACEF69' obfuscated='true'>012345678901234567890123456789</p>",
      "    <p align='left' background='1 #44d76e8b' color='#D76E8B' obfuscated='true'>012345678901234567890123456789</p>",
      "  </column>",
      "</columns>",
      "<br/>",
      "<h2 align='center'>Shut it down.</h2>",
      "<h2 align='center'>Shut it down &&onow!</h2>",
      "",
      "---",
      "</column>",
      "</columns>",
      "</column>",
      "</columns>"
    ],
    "groups": {
      "Industrial Revolution": {
        "position": [
          -201,
          -202
        ]
      }
    },
    "icon": {
      "item": {
        "id": "trofers:medium_pillar",
        "count": 1,
        "nbt": {
          "BlockEntityTag": {
            "Trophy": "trofers:indrev"
          }
        }
      },
      "type": "heracles:item"
    },
    "icon_background": "heracles:textures/gui/quest_backgrounds/gears.png",
    "title": {
      "translate": "§b§lIndustrial Revolution 100%"
    }
  },
  "settings": {
    "unlockNotification": false,
    "showDependencyArrow": false,
    "repeatable": false,
    "individual_progress": false,
    "hidden": "LOCKED"
  }
}