{
  "dependencies": [
    "IR needs only the best diamonds",
    "Nikolite Ingot"
  ],
  "tasks": {
    "0C2E5913E46CCEE9": {
      "type": "heracles:item",
      "item": "indrev:enriched_nikolite_dust",
      "amount": 4,
      "collection": "AUTOMATIC",
      "title": "",
      "icon": {
        "item": {
          "id": "minecraft:air",
          "count": 0
        },
        "type": "heracles:item"
      }
    }
  },
  "rewards": {
    "70FE93467EB59E75": {
      "title": "",
      "icon": {
        "item": {
          "id": "minecraft:air",
          "count": 0
        },
        "type": "heracles:item"
      },
      "item": {
        "id": "lootbags:loot_bag",
        "count": 1,
        "nbt": {
          "Type": "RARE",
          "Color": 8090608,
          "Loot": "aof:loot_bags/ind_rev/rare",
          "Name": "Industrial Revolution Rare Lootbag"
        }
      },
      "type": "heracles:item"
    }
  },
  "display": {
    "subtitle": {
      "text": ""
    },
    "description": [
      "---",
      "A more advanced form of nikolite, MK3 upgrades will now be available to you.",
      "---"
    ],
    "groups": {
      "Industrial Revolution": {
        "position": [
          -32,
          48
        ]
      }
    },
    "icon": {
      "item": {
        "id": "indrev:enriched_nikolite_dust",
        "count": 1
      },
      "type": "heracles:item"
    },
    "icon_background": "heracles:textures/gui/quest_backgrounds/default.png",
    "title": {
      "translate": "Enriched Nikolite Dust"
    }
  },
  "settings": {
    "unlockNotification": false,
    "showDependencyArrow": true,
    "repeatable": false,
    "individual_progress": false,
    "hidden": "LOCKED"
  }
}