{
  "dependencies": [
    "IR Servos",
    "Nikolite Dust"
  ],
  "tasks": {
    "258B02AFA8680893": {
      "type": "heracles:item",
      "item": "indrev:cable_mk1",
      "amount": 1,
      "collection": "AUTOMATIC",
      "title": "",
      "icon": {
        "item": {
          "id": "minecraft:air",
          "count": 0
        },
        "type": "heracles:item"
      }
    }
  },
  "rewards": {
    "09F245D7B37C6427": {
      "title": "",
      "icon": {
        "item": {
          "id": "minecraft:air",
          "count": 0
        },
        "type": "heracles:item"
      },
      "item": {
        "id": "lootbags:loot_bag",
        "count": 1,
        "nbt": {
          "Type": "COMMON",
          "Color": 8090608,
          "Loot": "aof:loot_bags/ind_rev/common",
          "Name": "Industrial Revolution Common Lootbag"
        }
      },
      "type": "heracles:item"
    }
  },
  "display": {
    "subtitle": {
      "translate": "Cables can be used to transfer power between machines far apart from each other."
    },
    "description": [
      "<h2>Cables can be used to transfer power between machines far apart from each other.</h2>",
      "---",
      "",
      "Used to distribute power. Does not require servos.",
      "---"
    ],
    "groups": {
      "Industrial Revolution": {
        "position": [
          -352,
          -144
        ]
      }
    },
    "icon": {
      "item": {
        "id": "indrev:cable_mk1",
        "count": 1
      },
      "type": "heracles:item"
    },
    "icon_background": "heracles:textures/gui/quest_backgrounds/default.png",
    "title": {
      "translate": "Cable MK1"
    }
  },
  "settings": {
    "unlockNotification": false,
    "showDependencyArrow": true,
    "repeatable": false,
    "individual_progress": false,
    "hidden": "LOCKED"
  }
}