{
  "dependencies": [
    "IR Machine Block"
  ],
  "tasks": {
    "1A45BB2D75F41120": {
      "type": "heracles:item",
      "item": "indrev:compressor_mk1",
      "amount": 1,
      "collection": "AUTOMATIC",
      "title": "",
      "icon": {
        "item": {
          "id": "minecraft:air",
          "count": 0
        },
        "type": "heracles:item"
      }
    }
  },
  "rewards": {
    "7A8B758D007E31B4": {
      "title": "",
      "icon": {
        "item": {
          "id": "minecraft:air",
          "count": 0
        },
        "type": "heracles:item"
      },
      "item": {
        "id": "lootbags:loot_bag",
        "count": 1,
        "nbt": {
          "Type": "COMMON",
          "Color": 8090608,
          "Loot": "aof:loot_bags/ind_rev/common",
          "Name": "Industrial Revolution Common Lootbag"
        }
      },
      "type": "heracles:item"
    }
  },
  "display": {
    "subtitle": {
      "translate": "Mainly used for compressing ingots into plates."
    },
    "description": [
      "<h2>Mainly used for compressing ingots into plates.</h2>",
      "---",
      "Mainly used for plates but necessary for making enhancements and the fisher.",
      "---"
    ],
    "groups": {
      "Industrial Revolution": {
        "position": [
          -304,
          32
        ]
      }
    },
    "icon": {
      "item": {
        "id": "indrev:compressor_mk1",
        "count": 1
      },
      "type": "heracles:item"
    },
    "icon_background": "heracles:textures/gui/quest_backgrounds/default.png",
    "title": {
      "translate": "Compressor MK1"
    }
  },
  "settings": {
    "unlockNotification": false,
    "showDependencyArrow": true,
    "repeatable": false,
    "individual_progress": false,
    "hidden": "LOCKED"
  }
}