{
  "dependencies": [
    "IR Compressor MK1"
  ],
  "tasks": {
    "52DD22CF4838D5B7": {
      "type": "heracles:item",
      "item": "indrev:empty_enhancer",
      "amount": 1,
      "collection": "AUTOMATIC",
      "title": "",
      "icon": {
        "item": {
          "id": "minecraft:air",
          "count": 0
        },
        "type": "heracles:item"
      }
    }
  },
  "rewards": {
    "11BF0AB4A36E9625": {
      "title": "",
      "icon": {
        "item": {
          "id": "minecraft:air",
          "count": 0
        },
        "type": "heracles:item"
      },
      "item": {
        "id": "lootbags:loot_bag",
        "count": 1,
        "nbt": {
          "Type": "COMMON",
          "Color": 8090608,
          "Loot": "aof:loot_bags/ind_rev/common",
          "Name": "Industrial Revolution Common Lootbag"
        }
      },
      "type": "heracles:item"
    }
  },
  "display": {
    "subtitle": {
      "translate": "Upgrades can boost machines stats."
    },
    "description": [
      "<h2>Upgrades can boost machines stats.</h2>",
      "---",
      "The blank template with which the ehnacements will be made.",
      "---"
    ],
    "groups": {
      "Industrial Revolution": {
        "position": [
          -352,
          32
        ]
      }
    },
    "icon": {
      "item": {
        "id": "indrev:empty_enhancer",
        "count": 1
      },
      "type": "heracles:item"
    },
    "icon_background": "heracles:textures/gui/quest_backgrounds/default.png",
    "title": {
      "translate": "Empty Enhancer"
    }
  },
  "settings": {
    "unlockNotification": false,
    "showDependencyArrow": true,
    "repeatable": false,
    "individual_progress": false,
    "hidden": "LOCKED"
  }
}