{
  "dependencies": [
    "IR Fluid Pipe MK1"
  ],
  "tasks": {
    "31A68C5E6F3BE266": {
      "type": "heracles:item",
      "item": "indrev:fluid_pipe_mk2",
      "amount": 1,
      "collection": "AUTOMATIC",
      "title": "",
      "icon": {
        "item": {
          "id": "minecraft:air",
          "count": 0
        },
        "type": "heracles:item"
      }
    }
  },
  "rewards": {
    "440E72651B7C90D6": {
      "title": "",
      "icon": {
        "item": {
          "id": "minecraft:air",
          "count": 0
        },
        "type": "heracles:item"
      },
      "item": {
        "id": "lootbags:loot_bag",
        "count": 1,
        "nbt": {
          "Type": "COMMON",
          "Color": 8090608,
          "Loot": "aof:loot_bags/ind_rev/common",
          "Name": "Industrial Revolution Common Lootbag"
        }
      },
      "type": "heracles:item"
    }
  },
  "display": {
    "subtitle": {
      "translate": "Don't forget your servos"
    },
    "description": [
      "<h2>Don't forget your servos</h2>",
      "---"
    ],
    "groups": {
      "Industrial Revolution": {
        "position": [
          -400,
          -112
        ]
      }
    },
    "icon": {
      "item": {
        "id": "indrev:fluid_pipe_mk2",
        "count": 1
      },
      "type": "heracles:item"
    },
    "icon_background": "heracles:textures/gui/quest_backgrounds/default.png",
    "title": {
      "translate": "Fluid Pipe MK2"
    }
  },
  "settings": {
    "unlockNotification": false,
    "showDependencyArrow": true,
    "repeatable": false,
    "individual_progress": false,
    "hidden": "LOCKED"
  }
}