{
  "dependencies": [
    "IR Battery"
  ],
  "tasks": {
    "5A05A31972972B83": {
      "type": "heracles:item",
      "item": "indrev:heat_generator_mk4",
      "amount": 1,
      "collection": "AUTOMATIC",
      "title": "",
      "icon": {
        "item": {
          "id": "minecraft:air",
          "count": 0
        },
        "type": "heracles:item"
      }
    }
  },
  "rewards": {
    "44EBF25DDD272F6A": {
      "title": "",
      "icon": {
        "item": {
          "id": "minecraft:air",
          "count": 0
        },
        "type": "heracles:item"
      },
      "item": {
        "id": "lootbags:loot_bag",
        "count": 1,
        "nbt": {
          "Type": "RARE",
          "Color": 8090608,
          "Loot": "aof:loot_bags/ind_rev/rare",
          "Name": "Industrial Revolution Rare Lootbag"
        }
      },
      "type": "heracles:item"
    }
  },
  "display": {
    "subtitle": {
      "translate": "Will consume lava inside it to generate energy. Pairs up well with the pump."
    },
    "description": [
      "<h2>Will consume lava inside it to generate energy. Pairs up well with the pump.</h2>",
      "---",
      "The heat generator will slowly consume lava to generate a lot of power, the longer it's running the faster it will produce energy.",
      "---"
    ],
    "groups": {
      "Industrial Revolution": {
        "position": [
          -208,
          -48
        ]
      }
    },
    "icon": {
      "item": {
        "id": "indrev:heat_generator_mk4",
        "count": 1
      },
      "type": "heracles:item"
    },
    "icon_background": "heracles:textures/gui/quest_backgrounds/default.png",
    "title": {
      "translate": "Heat Generator"
    }
  },
  "settings": {
    "unlockNotification": false,
    "showDependencyArrow": true,
    "repeatable": false,
    "individual_progress": false,
    "hidden": "LOCKED"
  }
}