{
  "dependencies": [
    "IR Factory Components"
  ],
  "tasks": {
    "1790DABC3E5BFAEC": {
      "type": "heracles:item",
      "item": "indrev:pulverizer_factory_mk4",
      "amount": 1,
      "collection": "AUTOMATIC",
      "title": "",
      "icon": {
        "item": {
          "id": "minecraft:air",
          "count": 0
        },
        "type": "heracles:item"
      }
    }
  },
  "rewards": {
    "298E39BB35B71199": {
      "title": "",
      "icon": {
        "item": {
          "id": "minecraft:air",
          "count": 0
        },
        "type": "heracles:item"
      },
      "item": {
        "id": "modern_industrialization:steel_plate",
        "count": 3
      },
      "type": "heracles:item"
    },
    "3D4C7471B2235326": {
      "title": "",
      "icon": {
        "item": {
          "id": "minecraft:air",
          "count": 0
        },
        "type": "heracles:item"
      },
      "item": {
        "id": "modern_industrialization:silver_plate",
        "count": 3
      },
      "type": "heracles:item"
    }
  },
  "display": {
    "subtitle": {
      "translate": "Factories are improved versions of machines and they can process 5 items at once."
    },
    "description": [
      "<h2>Factories are improved versions of machines and they can process 5 items at once.</h2>",
      "---"
    ],
    "groups": {
      "Industrial Revolution": {
        "position": [
          240,
          -128
        ]
      }
    },
    "icon": {
      "item": {
        "id": "indrev:pulverizer_factory_mk4",
        "count": 1
      },
      "type": "heracles:item"
    },
    "icon_background": "heracles:textures/gui/quest_backgrounds/default.png",
    "title": {
      "translate": "Pulverizer Factory MK4"
    }
  },
  "settings": {
    "unlockNotification": false,
    "showDependencyArrow": true,
    "repeatable": false,
    "individual_progress": false,
    "hidden": "LOCKED"
  }
}