{
  "dependencies": [
    "IR Machine Block"
  ],
  "tasks": {
    "43B579461130A023": {
      "type": "heracles:item",
      "item": "indrev:sawmill_mk1",
      "amount": 1,
      "collection": "AUTOMATIC",
      "title": "",
      "icon": {
        "item": {
          "id": "minecraft:air",
          "count": 0
        },
        "type": "heracles:item"
      }
    },
    "2F8A9A1509DDD699": {
      "type": "heracles:item",
      "item": "indrev:electric_furnace_mk1",
      "amount": 1,
      "collection": "AUTOMATIC",
      "title": "",
      "icon": {
        "item": {
          "id": "minecraft:air",
          "count": 0
        },
        "type": "heracles:item"
      }
    }
  },
  "rewards": {
    "57C269CE0DF67034": {
      "title": "",
      "icon": {
        "item": {
          "id": "minecraft:air",
          "count": 0
        },
        "type": "heracles:item"
      },
      "item": {
        "id": "lootbags:loot_bag",
        "count": 1,
        "nbt": {
          "Type": "COMMON",
          "Color": 8090608,
          "Loot": "aof:loot_bags/ind_rev/common",
          "Name": "Industrial Revolution Common Lootbag"
        }
      },
      "type": "heracles:item"
    }
  },
  "display": {
    "subtitle": {
      "text": ""
    },
    "description": [
      "---",
      "The electric furnace is a faster version of the regular furnace, it can also accept enhancements.",
      "",
      "The sawmill allows to get more planks out of each log and also gives sticks and sawdust which can be used for paper, cardboard boxes and other things. It can also accept enhancements.",
      "---"
    ],
    "groups": {
      "Industrial Revolution": {
        "position": [
          -272,
          96
        ]
      }
    },
    "icon": {
      "item": {
        "id": "indrev:sawmill_mk1",
        "count": 1
      },
      "type": "heracles:item"
    },
    "icon_background": "heracles:textures/gui/quest_backgrounds/default.png",
    "title": {
      "translate": "Vanilla Upgrades"
    }
  },
  "settings": {
    "unlockNotification": false,
    "showDependencyArrow": true,
    "repeatable": false,
    "individual_progress": false,
    "hidden": "LOCKED"
  }
}