{
  "dependencies": [
    "IR Machine Block"
  ],
  "tasks": {
    "2CA2353FB904C629": {
      "type": "heracles:item",
      "item": "indrev:solar_generator_mk1",
      "amount": 1,
      "collection": "AUTOMATIC",
      "title": "",
      "icon": {
        "item": {
          "id": "minecraft:air",
          "count": 0
        },
        "type": "heracles:item"
      }
    }
  },
  "rewards": {
    "7E3DC1FFEEA94B68": {
      "title": "",
      "icon": {
        "item": {
          "id": "minecraft:air",
          "count": 0
        },
        "type": "heracles:item"
      },
      "item": {
        "id": "lootbags:loot_bag",
        "count": 1,
        "nbt": {
          "Type": "COMMON",
          "Color": 8090608,
          "Loot": "aof:loot_bags/ind_rev/common",
          "Name": "Industrial Revolution Common Lootbag"
        }
      },
      "type": "heracles:item"
    }
  },
  "display": {
    "subtitle": {
      "translate": "Will generate energy as long as the sunlight can reach it."
    },
    "description": [
      "<h2>Will generate energy as long as the sunlight can reach it.</h2>",
      "---",
      "It's not the best or fastest but it's free energy after all.",
      "---"
    ],
    "groups": {
      "Industrial Revolution": {
        "position": [
          -304,
          0
        ]
      }
    },
    "icon": {
      "item": {
        "id": "indrev:solar_generator_mk1",
        "count": 1
      },
      "type": "heracles:item"
    },
    "icon_background": "heracles:textures/gui/quest_backgrounds/default.png",
    "title": {
      "translate": "Solar Generator MK1"
    }
  },
  "settings": {
    "unlockNotification": false,
    "showDependencyArrow": true,
    "repeatable": false,
    "individual_progress": false,
    "hidden": "LOCKED"
  }
}