{
  "dependencies": [
    "Circuit MK2"
  ],
  "tasks": {
    "4F4D8685014D737B": {
      "type": "heracles:item",
      "item": "indrev:tier_upgrade_mk2",
      "amount": 1,
      "collection": "AUTOMATIC",
      "title": "",
      "icon": {
        "item": {
          "id": "minecraft:air",
          "count": 0
        },
        "type": "heracles:item"
      }
    }
  },
  "rewards": {
    "587EA64BEAEB47E2": {
      "title": "",
      "icon": {
        "item": {
          "id": "minecraft:air",
          "count": 0
        },
        "type": "heracles:item"
      },
      "item": {
        "id": "lootbags:loot_bag",
        "count": 1,
        "nbt": {
          "Type": "RARE",
          "Color": 8090608,
          "Loot": "aof:loot_bags/ind_rev/rare",
          "Name": "Industrial Revolution Rare Lootbag"
        }
      },
      "type": "heracles:item"
    }
  },
  "display": {
    "subtitle": {
      "translate": "Upgrades MK1 machines to MK2."
    },
    "description": [
      "<h2>Upgrades MK1 machines to MK2.</h2>",
      "---",
      "These upgrades will improve the machine's input and output capability as well as other aspects. Right clicking on a machine below the upgrade's tier will upgrade it.",
      "---"
    ],
    "groups": {
      "Industrial Revolution": {
        "position": [
          -96,
          -192
        ]
      }
    },
    "icon": {
      "item": {
        "id": "indrev:tier_upgrade_mk2",
        "count": 1
      },
      "type": "heracles:item"
    },
    "icon_background": "heracles:textures/gui/quest_backgrounds/default.png",
    "title": {
      "translate": "MK2 Machine Upgrade"
    }
  },
  "settings": {
    "unlockNotification": false,
    "showDependencyArrow": true,
    "repeatable": false,
    "individual_progress": false,
    "hidden": "LOCKED"
  }
}