{
  "dependencies": [
    "Modular Core Activated"
  ],
  "tasks": {
    "indrev_modular_leggings": {
      "type": "heracles:item",
      "item": "indrev:modular_armor_legs",
      "amount": 1,
      "collection": "AUTOMATIC",
      "title": "",
      "icon": {
        "item": {
          "id": "minecraft:air",
          "count": 0
        },
        "type": "heracles:item"
      }
    }
  },
  "rewards": {
    "indrev_modular_leggings_reward": {
      "title": "",
      "icon": {
        "item": {
          "id": "minecraft:air",
          "count": 0
        },
        "type": "heracles:item"
      },
      "item": {
        "id": "indrev:module_color_green",
        "count": 1
      },
      "type": "heracles:item"
    }
  },
  "display": {
    "subtitle": {
      "text": ""
    },
    "description": [
      "---",
      "The Modular leggings can be upgraded with an unique module:",
      "-Speed module",
      "---"
    ],
    "groups": {
      "Industrial Revolution": {
        "position": [
          126,
          48
        ]
      }
    },
    "icon": {
      "item": {
        "id": "indrev:modular_armor_legs",
        "count": 1
      },
      "type": "heracles:item"
    },
    "icon_background": "heracles:textures/gui/quest_backgrounds/default.png",
    "title": {
      "translate": "Modular Leggings"
    }
  },
  "settings": {
    "unlockNotification": false,
    "showDependencyArrow": true,
    "repeatable": false,
    "individual_progress": false,
    "hidden": "LOCKED"
  }
}