{
  "dependencies": [],
  "tasks": {
    "bank_1_task": {
      "type": "heracles:item",
      "item": "bankstorage:bank_1",
      "amount": 1,
      "collection": "AUTOMATIC"
    }
  },
  "rewards": {
    "bank_1_reward": {
      "item": {
        "id": "minecraft:coal_block",
        "count": 1
      },
      "type": "heracles:item"
    }
  },
  "display": {
    "subtitle": {
      "text": ""
    },
    "description": [
      "---",
      "<br/>",
      "<columns>",
      "<column>",
      "<br/>",
      "<br/>",
      "## Bank 1",
      "</column>",
      "<column>",
      "<item id=\"bankstorage:bank_1\" scale=\"4\"> </item>",
      "</column>",
      "</columns>",
      "<br/>",
      "   The start of something powerful. The start of something so mind boggling extreme, it's hard to believe. This is the Bank 1. It's created with a single barrel, then surrounding it with 8 coal blocks, equaling about 13,500 kilograms.",
      "<br/>",
      "   These \"Banks\" are practically pocket dimensions where you can store your goodies. This first one holds 9 different types of items, but a whopping 256 of each item in each of the 9 slots. This is just the beginning!",
      "<br/>",
      "---"
    ],
    "groups": {
      "Storage": {
        "position": [
          40,
          -220
        ]
      }
    },
    "icon": {
      "item": {
        "id": "bankstorage:bank_1",
        "count": 1
      },
      "type": "heracles:item"
    },
    "icon_background": "heracles:textures/gui/quest_backgrounds/default.png",
    "title": {
      "translate": "Bank 1"
    }
  },
  "settings": {
    "showDependencyArrow": true,
    "repeatable": false,
    "autoClaimRewards": false,
    "individual_progress": false,
    "hidden": "LOCKED",
    "unlockNotification": false
  }
}