{
  "dependencies": [
    "bank_2"
  ],
  "tasks": {
    "b3t": {
      "type": "heracles:item",
      "item": "bankstorage:bank_3",
      "amount": 1,
      "collection": "AUTOMATIC",
      "title": "",
      "icon": {
        "item": {
          "id": "minecraft:air",
          "count": 0
        },
        "type": "heracles:item"
      }
    }
  },
  "rewards": {
    "bank_3_reward": {
      "title": "",
      "icon": {
        "item": {
          "id": "minecraft:air",
          "count": 0
        },
        "type": "heracles:item"
      },
      "item": {
        "id": "minecraft:iron_block",
        "count": 1
      },
      "type": "heracles:item"
    }
  },
  "display": {
    "subtitle": {
      "text": ""
    },
    "description": [
      "---",
      "<br/>",
      "<columns>",
      "<column>",
      "<br/>",
      "<br/>",
      "## Bank 3",
      "</column>",
      "<column>",
      "<item id=\"bankstorage:bank_3\" scale=\"4\"> </item>",
      "</column>",
      "</columns>",
      "<br/>",
      "  The Bank 3, made by taking your previous one and surrounding it by 8 blocks of iron (~70,857 kg).",
      "<br/>",
      "  This brings your total storage to 27 different slots with each slot holding up to 4,096 items in each.",
      "<br/>",
      "---"
    ],
    "groups": {
      "Storage": {
        "position": [
          40,
          -140
        ]
      }
    },
    "icon": {
      "item": {
        "id": "bankstorage:bank_3",
        "count": 1
      },
      "type": "heracles:item"
    },
    "icon_background": "heracles:textures/gui/quest_backgrounds/default.png",
    "title": {
      "translate": "Bank 3"
    }
  },
  "settings": {
    "unlockNotification": false,
    "showDependencyArrow": true,
    "repeatable": false,
    "individual_progress": false,
    "hidden": "LOCKED"
  }
}