{
  "dependencies": [
    "bank_6"
  ],
  "tasks": {
    "bank_7_task": {
      "type": "heracles:item",
      "item": "bankstorage:bank_7",
      "amount": 1,
      "collection": "AUTOMATIC",
      "title": "",
      "icon": {
        "item": {
          "id": "minecraft:air",
          "count": 0
        },
        "type": "heracles:item"
      }
    }
  },
  "rewards": {
    "bank_7_reward": {
      "title": "",
      "icon": {
        "item": {
          "id": "minecraft:air",
          "count": 0
        },
        "type": "heracles:item"
      },
      "item": {
        "id": "minecraft:netherite_block",
        "count": 1
      },
      "type": "heracles:item"
    }
  },
  "display": {
    "subtitle": {
      "text": ""
    },
    "description": [
      "---",
      "<br/>",
      "<columns>",
      "<column>",
      "<br/>",
      "<br/>",
      "## Bank 7",
      "</column>",
      "<column>",
      "<item id=\"bankstorage:bank_7\" scale=\"4\"> </item>",
      "</column>",
      "</columns>",
      "<br/>",
      "   The Bank 7, made by taking your previous one and surrounding it by 8 netherite ingots.",
      "<br/>",
      "  This brings your total storage to 108 different slots with each slot holding up to 1,000,000,000 items in each.",
      "<br/>",
      "---"
    ],
    "groups": {
      "Storage": {
        "position": [
          40,
          20
        ]
      }
    },
    "icon": {
      "item": {
        "id": "bankstorage:bank_7",
        "count": 1
      },
      "type": "heracles:item"
    },
    "icon_background": "heracles:textures/gui/quest_backgrounds/default.png",
    "title": {
      "translate": "Bank 7"
    }
  },
  "settings": {
    "unlockNotification": false,
    "showDependencyArrow": true,
    "repeatable": false,
    "individual_progress": false,
    "hidden": "LOCKED"
  }
}
