{
  "dependencies": [
    "bank_1"
  ],
  "tasks": {
    "bank_2_task": {
      "type": "heracles:item",
      "item": "bankstorage:bank_2",
      "amount": 1,
      "collection": "AUTOMATIC",
      "title": "",
      "icon": {
        "item": {
          "id": "minecraft:air",
          "count": 0
        },
        "type": "heracles:item"
      }
    }
  },
  "rewards": {
    "bank_2_reward": {
      "title": "",
      "icon": {
        "item": {
          "id": "minecraft:air",
          "count": 0
        },
        "type": "heracles:item"
      },
      "item": {
        "id": "minecraft:copper_block",
        "count": 1
      },
      "type": "heracles:item"
    }
  },
  "display": {
    "subtitle": {
      "text": ""
    },
    "description": [
      "---",
      "<br/>",
      "<columns>",
      "<column>",
      "<br/>",
      "<br/>",
      "## Bank 2",
      "</column>",
      "<column>",
      "<item id=\"bankstorage:bank_2\" scale=\"4\"> </item>",
      "</column>",
      "</columns>",
      "<br/>",
      "  The Bank 2, made by taking your previous one and surrounding it by 8 blocks of copper—about 80,100 kilograms worth.",
      "<br/>",
      "  This brings your total storage to 18 different slots with each slot holding up to 1,024 items in each.",
      "<br/>",
      "---"
    ],
    "groups": {
      "Storage": {
        "position": [
          40,
          -180
        ]
      }
    },
    "icon": {
      "item": {
        "id": "bankstorage:bank_2",
        "count": 1
      },
      "type": "heracles:item"
    },
    "icon_background": "heracles:textures/gui/quest_backgrounds/default.png",
    "title": {
      "translate": "Bank 2"
    }
  },
  "settings": {
    "unlockNotification": false,
    "showDependencyArrow": true,
    "repeatable": false,
    "individual_progress": false,
    "hidden": "LOCKED"
  }
}