{
  "dependencies": [
    "chest"
  ],
  "tasks": {
    "copper_chest_task": {
      "type": "heracles:item",
      "item": "ironchests:copper_chest",
      "amount": 1,
      "collection": "AUTOMATIC",
      "title": "",
      "icon": {
        "item": {
          "id": "minecraft:air",
          "count": 0
        },
        "type": "heracles:item"
      }
    }
  },
  "rewards": {
    "copper_chest_reward": {
      "title": "",
      "icon": {
        "item": {
          "id": "minecraft:air",
          "count": 0
        },
        "type": "heracles:item"
      },
      "item": {
        "id": "minecraft:copper_ingot",
        "count": 1
      },
      "type": "heracles:item"
    }
  },
  "display": {
    "subtitle": {
      "text": ""
    },
    "description": [
      "---",
      "<br/>",
      "<columns>",
      "<column>",
      "## &&6Copper&&r Chest",
      "</column>",
      "<column>",
      "<item id=\"ironchests:copper_chest\" scale=\"2\"> </item>",
      "</column>",
      "</columns>",
      "<br/>",
      "  The copper chest is your first upgrade of the chest tiers and this one has 36 slots for items now! Pretty big upgrade for how easy copper is to come by.",
      "<br/>",
      "---"
    ],
    "groups": {
      "Storage": {
        "position": [
          0,
          -180
        ]
      }
    },
    "icon": {
      "item": {
        "id": "ironchests:copper_chest",
        "count": 1
      },
      "type": "heracles:item"
    },
    "icon_background": "heracles:textures/gui/quest_backgrounds/default.png",
    "title": {
      "translate": "Copper Chest"
    }
  },
  "settings": {
    "unlockNotification": false,
    "showDependencyArrow": true,
    "repeatable": false,
    "individual_progress": false,
    "hidden": "LOCKED"
  }
}