{
  "dependencies": [
    "gold_barrel"
  ],
  "tasks": {
    "diamond_barrel_task": {
      "type": "heracles:item",
      "item": "ironchests:diamond_barrel",
      "amount": 1,
      "collection": "AUTOMATIC",
      "title": "",
      "icon": {
        "item": {
          "id": "minecraft:air",
          "count": 0
        },
        "type": "heracles:item"
      }
    }
  },
  "rewards": {
    "diamond_barrel_reward": {
      "title": "",
      "icon": {
        "item": {
          "id": "minecraft:air",
          "count": 0
        },
        "type": "heracles:item"
      },
      "item": {
        "id": "minecraft:diamond",
        "count": 1
      },
      "type": "heracles:item"
    }
  },
  "display": {
    "subtitle": {
      "text": ""
    },
    "description": [
      "---",
      "<br/>",
      "<columns>",
      "<column>",
      "## &&bDiamond&&r Barrel",
      "</column>",
      "<column>",
      "<item id=\"ironchests:diamond_barrel\" scale=\"2\"> </item>",
      "</column>",
      "</columns>",
      "<br/>",
      "   Now you must be completely blind. --DIAMOND--! This is --diamond-- I say! Not only that, we're bumping it up to 72 slots total! That's a --lot--.",
      "<br/>",
      "---"
    ],
    "groups": {
      "Storage": {
        "position": [
          -40,
          -60
        ]
      }
    },
    "icon": {
      "item": {
        "id": "ironchests:diamond_barrel",
        "count": 1
      },
      "type": "heracles:item"
    },
    "icon_background": "heracles:textures/gui/quest_backgrounds/default.png",
    "title": {
      "translate": "Diamond Barrel"
    }
  },
  "settings": {
    "unlockNotification": false,
    "showDependencyArrow": true,
    "repeatable": false,
    "individual_progress": false,
    "hidden": "LOCKED"
  }
}