{
  "dependencies": [],
  "tasks": {},
  "rewards": {},
  "display": {
    "subtitle": {
      "text": ""
    },
    "description": [
      "",
      "   --Energy--: A quantity that denotes the ability to do work and is measured in a unit dimensioned:",
      "",
      "<columns>",
      "<column></column>",
      "<column background=\"2 black\" border=\"1 linen\">",
      "<p align=\"center\" italic=\"true\">mass × distance²</p>",
      "<hr/>",
      "<p align=\"center\" italic=\"true\">time²</p>",
      "</column>",
      "<column></column>",
      "</columns>",
      "",
      "  When measured against time¹, it is commonly referred to as power. In SI² units the joule is used for former and the watt (or j/s) for the latter.",
      "",
      "  However, neither of those James³ have made their imprint here, and energy goes by many names and units—--lazuli flux-- being one.",
      "",
      "  **Industrial Revolution** has four tiers of energy storage. Which is right for you?",
      "",
      "<carousel>",
      "<carousel-item>",
      "<columns template='7 85 8'>",
      "<column>",
      "<columns>",
      "<column>",
      "<p color='#88ffffff' shadowed='true'>1</p>",
      "</column>",
      "<column>",
      "<item id='indrev:circuit_mk1'>&#32;</item>",
      "</column>",
      "</columns>",
      "<columns>",
      "<column>",
      "<p color='#88ffffff'>1</p>",
      "</column>",
      "<column>",
      "<item id='indrev:machine_block'>&#32;</item>",
      "</column>",
      "</columns>",
      "<columns>",
      "<column>",
      "<p color='#88ffffff'>2</p>",
      "</column>",
      "<column>",
      "<item id='indrev:nikolite_dust'>&#32;</item>",
      "</column>",
      "</columns>",
      "<columns>",
      "<column>",
      "<p color='#88ffffff'>2</p>",
      "</column>",
      "<column>",
      "<item id='modern_industrialization:bronze_plate'>&#32;</item>",
      "</column>",
      "</columns>",
      "<columns>",
      "<column>",
      "<p color='#88ffffff'>3</p>",
      "</column>",
      "<column>",
      "<item id='indrev:battery'>&#32;</item>",
      "</column>",
      "</columns>",
      "<hr/>",
      "<columns>",
      "<column>",
      "<p color='#88ffffff'>↳</p>",
      "</column>",
      "<column>",
      "<item id='indrev:lazuli_flux_container_mk1'>&#32;</item>",
      "</column>",
      "</columns>",
      "</column>",
      "<column>",
      "<columns>",
      "<column>",
      "<columns template='84 8 8'>",
      "<column>",
      "&#32;",
      "</column>",
      "<column>",
      "<p align='center' background='2 #44dfb147' color='#dfb147' shadowed='true'>LAZULI</p>",
      "</column>",
      "<column>",
      "<p align='center' background='2 #44dfb147' color='#dfb147' shadowed='true'>FLUX</p>",
      "</column>",
      "</columns>",
      "</column>",
      "<column>&#32;</column>",
      "</columns>",
      "<item id='indrev:lazuli_flux_container_mk1' scale='4'>&#32;</item>",
      "<columns>",
      "<column>&#32;</column>",
      "<column>",
      "<columns template='8 8 84'>",
      "<column>",
      "<p align='center' background='2 #44dfb147' color='#dfb147' shadowed='false'>storage</p>",
      "</column>",
      "<column>",
      "<p align='center' background='2 #44dfb147' color='#dfb147' shadowed='true'>MK1</p>",
      "</column>",
      "<column>",
      "&#32;",
      "</column>",
      "</columns>",
      "</column>",
      "</columns>",
      "</column>",
      "<column>",
      "<columns>",
      "<column valign='top'>",
      "<h2 align='center' background='2 #44acef69' color='#acef69' italic='true' shadowed='true'>INDUSTRIAL</h2>",
      "</column>",
      "<column valign='bottom'>",
      "<item id='indrev:modular_core_activated'></item>",
      "<h2 align='center' background='2 #44d76e8b' color='#d76e8b' italic='true' shadowed='true'>REVOLUTION</h2>",
      "</column>",
      "</columns>",
      "</column>",
      "</columns>",
      "</carousel-item>",
      "<carousel-item>",
      "<columns template='7 85 8'>",
      "<column>",
      "<columns>",
      "<column>",
      "<p color='#88ffffff' shadowed='true'>1</p>",
      "</column>",
      "<column>",
      "<item id='indrev:circuit_mk2'>&#32;</item>",
      "</column>",
      "</columns>",
      "<columns>",
      "<column>",
      "<p color='#88ffffff'>1</p>",
      "</column>",
      "<column>",
      "<item id='indrev:lazuli_flux_container_mk1'>&#32;</item>",
      "</column>",
      "</columns>",
      "<columns>",
      "<column>",
      "<p color='#88ffffff'>2</p>",
      "</column>",
      "<column>",
      "<item id='indrev:nikolite_ingot'>&#32;</item>",
      "</column>",
      "</columns>",
      "<columns>",
      "<column>",
      "<p color='#88ffffff'>2</p>",
      "</column>",
      "<column>",
      "<item id='modern_industrialization:silver_plate'>&#32;</item>",
      "</column>",
      "</columns>",
      "<columns>",
      "<column>",
      "<p color='#88ffffff'>3</p>",
      "</column>",
      "<column>",
      "<item id='indrev:battery'>&#32;</item>",
      "</column>",
      "</columns>",
      "<hr/>",
      "<columns>",
      "<column>",
      "<p color='#88ffffff'>↳</p>",
      "</column>",
      "<column>",
      "<item id='indrev:lazuli_flux_container_mk2'>&#32;</item>",
      "</column>",
      "</columns>",
      "</column>",
      "<column>",
      "<columns>",
      "<column>",
      "<columns template='84 8 8'>",
      "<column>",
      "&#32;",
      "</column>",
      "<column>",
      "<p align='center' background='2 #446150d9' color='#6150d9' shadowed='true'>LAZULI</p>",
      "</column>",
      "<column>",
      "<p align='center' background='2 #446150d9' color='#6150d9' shadowed='true'>FLUX</p>",
      "</column>",
      "</columns>",
      "</column>",
      "<column>&#32;</column>",
      "</columns>",
      "<item id='indrev:lazuli_flux_container_mk2' scale='4'>&#32;</item>",
      "<columns>",
      "<column>&#32;</column>",
      "<column>",
      "<columns template='8 8 84'>",
      "<column>",
      "<p align='center' background='2 #446150d9' color='#6150d9' shadowed='false'>storage</p>",
      "</column>",
      "<column>",
      "<p align='center' background='2 #446150d9' color='#6150d9' shadowed='true'>MK2</p>",
      "</column>",
      "<column>",
      "&#32;",
      "</column>",
      "</columns>",
      "</column>",
      "</columns>",
      "</column>",
      "<column>",
      "<columns>",
      "<column valign='top'>",
      "<h2 align='center' background='2 #44acef69' color='#acef69' italic='true' shadowed='true'>INDUSTRIAL</h2>",
      "</column>",
      "<column valign='bottom'>",
      "<item id='indrev:modular_core_activated'></item>",
      "<h2 align='center' background='2 #44d76e8b' color='#d76e8b' italic='true' shadowed='true'>REVOLUTION</h2>",
      "</column>",
      "</columns>",
      "</column>",
      "</columns>",
      "</carousel-item>",
      "<carousel-item>",
      "<columns template='7 85 8'>",
      "<column>",
      "<columns>",
      "<column>",
      "<p color='#88ffffff' shadowed='true'>1</p>",
      "</column>",
      "<column>",
      "<item id='indrev:circuit_mk3'>&#32;</item>",
      "</column>",
      "</columns>",
      "<columns>",
      "<column>",
      "<p color='#88ffffff'>1</p>",
      "</column>",
      "<column>",
      "<item id='indrev:lazuli_flux_container_mk2'>&#32;</item>",
      "</column>",
      "</columns>",
      "<columns>",
      "<column>",
      "<p color='#88ffffff'>2</p>",
      "</column>",
      "<column>",
      "<item id='indrev:enriched_nikolite_dust'>&#32;</item>",
      "</column>",
      "</columns>",
      "<columns>",
      "<column>",
      "<p color='#88ffffff'>2</p>",
      "</column>",
      "<column>",
      "<item id='modern_industrialization:electrum_plate'>&#32;</item>",
      "</column>",
      "</columns>",
      "<columns>",
      "<column>",
      "<p color='#88ffffff'>3</p>",
      "</column>",
      "<column>",
      "<item id='indrev:battery'>&#32;</item>",
      "</column>",
      "</columns>",
      "<hr/>",
      "<columns>",
      "<column>",
      "<p color='#88ffffff'>↳</p>",
      "</column>",
      "<column>",
      "<item id='indrev:lazuli_flux_container_mk3'>&#32;</item>",
      "</column>",
      "</columns>",
      "</column>",
      "<column>",
      "<columns>",
      "<column>",
      "<columns template='84 8 8'>",
      "<column>",
      "&#32;",
      "</column>",
      "<column>",
      "<p align='center' background='2 #44bf4eb7' color='#bf4eb7' shadowed='true'>LAZULI</p>",
      "</column>",
      "<column>",
      "<p align='center' background='2 #44bf4eb7' color='#bf4eb7' shadowed='true'>FLUX</p>",
      "</column>",
      "</columns>",
      "</column>",
      "<column>&#32;</column>",
      "</columns>",
      "<item id='indrev:lazuli_flux_container_mk3' scale='4'>&#32;</item>",
      "<columns>",
      "<column>&#32;</column>",
      "<column>",
      "<columns template='8 8 84'>",
      "<column>",
      "<p align='center' background='2 #44bf4eb7' color='#bf4eb7' shadowed='false'>storage</p>",
      "</column>",
      "<column>",
      "<p align='center' background='2 #44bf4eb7' color='#bf4eb7' shadowed='true'>MK3</p>",
      "</column>",
      "<column>",
      "&#32;",
      "</column>",
      "</columns>",
      "</column>",
      "</columns>",
      "</column>",
      "<column>",
      "<columns>",
      "<column valign='top'>",
      "<h2 align='center' background='2 #44acef69' color='#acef69' italic='true' shadowed='true'>INDUSTRIAL</h2>",
      "</column>",
      "<column valign='bottom'>",
      "<item id='indrev:modular_core_activated'></item>",
      "<h2 align='center' background='2 #44d76e8b' color='#d76e8b' italic='true' shadowed='true'>REVOLUTION</h2>",
      "</column>",
      "</columns>",
      "</column>",
      "</columns>",
      "</carousel-item>",
      "<carousel-item>",
      "<columns template='7 85 8'>",
      "<column>",
      "<columns>",
      "<column>",
      "<p color='#88ffffff' shadowed='true'>1</p>",
      "</column>",
      "<column>",
      "<item id='indrev:circuit_mk4'>&#32;</item>",
      "</column>",
      "</columns>",
      "<columns>",
      "<column>",
      "<p color='#88ffffff'>4</p>",
      "</column>",
      "<column>",
      "<item id='indrev:lazuli_flux_container_mk3'>&#32;</item>",
      "</column>",
      "</columns>",
      "<columns>",
      "<column>",
      "<p color='#88ffffff'>4</p>",
      "</column>",
      "<column>",
      "<item id='modern_industrialization:electrum_plate'>&#32;</item>",
      "</column>",
      "</columns>",
      "<hr/>",
      "<columns>",
      "<column>",
      "<p color='#88ffffff'>↳</p>",
      "</column>",
      "<column>",
      "<item id='indrev:lazuli_flux_container_mk3'>&#32;</item>",
      "</column>",
      "</columns>",
      "</column>",
      "<column>",
      "<columns>",
      "<column>",
      "<columns template='84 8 8'>",
      "<column>",
      "&#32;",
      "</column>",
      "<column>",
      "<p align='center' background='2 #44d95f81' color='#d95f81' shadowed='true'>LAZULI</p>",
      "</column>",
      "<column>",
      "<p align='center' background='2 #44d95f81' color='#d95f81' shadowed='true'>FLUX</p>",
      "</column>",
      "</columns>",
      "</column>",
      "<column>&#32;</column>",
      "</columns>",
      "<item id='indrev:lazuli_flux_container_mk4' scale='4'>&#32;</item>",
      "<columns>",
      "<column>&#32;</column>",
      "<column>",
      "<columns template='8 8 84'>",
      "<column>",
      "<p align='center' background='2 #44d95f81' color='#d95f81' shadowed='false'>storage</p>",
      "</column>",
      "<column>",
      "<p align='center' background='2 #44d95f81' color='#d95f81' shadowed='true'>MK4</p>",
      "</column>",
      "<column>",
      "&#32;",
      "</column>",
      "</columns>",
      "</column>",
      "</columns>",
      "</column>",
      "<column>",
      "<columns>",
      "<column valign='top'>",
      "<h2 align='center' background='2 #44acef69' color='#acef69' italic='true' shadowed='true'>INDUSTRIAL</h2>",
      "</column>",
      "<column valign='bottom'>",
      "<item id='indrev:modular_core_activated'></item>",
      "<h2 align='center' background='2 #44d76e8b' color='#d76e8b' italic='true' shadowed='true'>REVOLUTION</h2>",
      "</column>",
      "</columns>",
      "</column>",
      "</columns>",
      "</carousel-item>",
      "</carousel>",
      "---",
      "¹ There are gnostics, called eccentric by some, mad by more, that speak of a dimension of time apart from our trusty and true --tick--. Whispers of a so-called “wall time”.  For your peace, I advise you to leave the metaphysics to philosophers. Mine, craft, live.",
      "",
      "² --Système international d'unités--",
      "",
      "³ James Prescott Joule and James Watt"
    ],
    "groups": {
      "Storage": {
        "position": [
          310,
          -260
        ]
      }
    },
    "icon": {
      "item": {
        "id": "indrev:nikolite_dust",
        "count": 1
      },
      "type": "heracles:item"
    },
    "icon_background": "heracles:textures/gui/quest_backgrounds/diamonds.png",
    "title": {
      "translate": "IndRev Lazuli Flux Storage"
    }
  },
  "settings": {
    "showDependencyArrow": true,
    "repeatable": false,
    "autoClaimRewards": false,
    "individual_progress": false,
    "hidden": "LOCKED",
    "unlockNotification": false
  }
}