{
  "dependencies": [
    "IR Lazuli Flux Container MK2"
  ],
  "tasks": {
    "IR Lazuli Flux Container MK3 Task0": {
      "type": "heracles:item",
      "item": "indrev:lazuli_flux_container_mk3",
      "amount": 1,
      "collection": "AUTOMATIC",
      "title": "",
      "icon": {
        "item": {
          "id": "minecraft:air",
          "count": 0
        },
        "type": "heracles:item"
      }
    }
  },
  "rewards": {
    "IR Lazuli Flux Container MK3 Reward0": {
      "title": "",
      "icon": {
        "item": {
          "id": "minecraft:air",
          "count": 0
        },
        "type": "heracles:item"
      },
      "item": {
        "id": "indrev:circuit_mk3",
        "count": 2
      },
      "type": "heracles:item"
    }
  },
  "display": {
    "subtitle": {
      "text": ""
    },
    "description": [
      "<columns template='7 85 8'>",
      "<column>",
      "<columns>",
      "<column>",
      "<p color='#88ffffff' shadowed='true'>1</p>",
      "</column>",
      "<column>",
      "<item id='indrev:circuit_mk3'>&#32;</item>",
      "</column>",
      "</columns>",
      "<columns>",
      "<column>",
      "<p color='#88ffffff'>1</p>",
      "</column>",
      "<column>",
      "<item id='indrev:lazuli_flux_container_mk2'>&#32;</item>",
      "</column>",
      "</columns>",
      "<columns>",
      "<column>",
      "<p color='#88ffffff'>2</p>",
      "</column>",
      "<column>",
      "<item id='indrev:enriched_nikolite_dust'>&#32;</item>",
      "</column>",
      "</columns>",
      "<columns>",
      "<column>",
      "<p color='#88ffffff'>2</p>",
      "</column>",
      "<column>",
      "<item id='modern_industrialization:electrum_plate'>&#32;</item>",
      "</column>",
      "</columns>",
      "<columns>",
      "<column>",
      "<p color='#88ffffff'>3</p>",
      "</column>",
      "<column>",
      "<item id='indrev:battery'>&#32;</item>",
      "</column>",
      "</columns>",
      "<hr/>",
      "<columns>",
      "<column>",
      "<p color='#88ffffff'>↳</p>",
      "</column>",
      "<column>",
      "<item id='indrev:lazuli_flux_container_mk3'>&#32;</item>",
      "</column>",
      "</columns>",
      "</column>",
      "<column>",
      "<columns>",
      "<column>",
      "<columns template='84 8 8'>",
      "<column>",
      "&#32;",
      "</column>",
      "<column>",
      "<p align='center' background='2 #44bf4eb7' color='#bf4eb7' shadowed='true'>LAZULI</p>",
      "</column>",
      "<column>",
      "<p align='center' background='2 #44bf4eb7' color='#bf4eb7' shadowed='true'>FLUX</p>",
      "</column>",
      "</columns>",
      "</column>",
      "<column>&#32;</column>",
      "</columns>",
      "<item id='indrev:lazuli_flux_container_mk3' scale='4'>&#32;</item>",
      "<columns>",
      "<column>&#32;</column>",
      "<column>",
      "<columns template='8 8 84'>",
      "<column>",
      "<p align='center' background='2 #44bf4eb7' color='#bf4eb7' shadowed='false'>storage</p>",
      "</column>",
      "<column>",
      "<p align='center' background='2 #44bf4eb7' color='#bf4eb7' shadowed='true'>MK3</p>",
      "</column>",
      "<column>",
      "&#32;",
      "</column>",
      "</columns>",
      "</column>",
      "</columns>",
      "</column>",
      "<column>",
      "<columns>",
      "<column valign='top'>",
      "<h2 align='center' background='2 #44acef69' color='#acef69' italic='true' shadowed='true'>INDUSTRIAL</h2>",
      "</column>",
      "<column valign='bottom'>",
      "<item id='indrev:modular_core_activated'></item>",
      "<h2 align='center' background='2 #44d76e8b' color='#d76e8b' italic='true' shadowed='true'>REVOLUTION</h2>",
      "</column>",
      "</columns>",
      "</column>",
      "</columns>"
    ],
    "groups": {
      "Storage": {
        "position": [
          309,
          -140
        ]
      }
    },
    "icon": {
      "item": {
        "id": "indrev:lazuli_flux_container_mk3",
        "count": 1
      },
      "type": "heracles:item"
    },
    "icon_background": "heracles:textures/gui/quest_backgrounds/default.png",
    "title": {
      "translate": "IR Lazuli Flux Container MK3"
    }
  },
  "settings": {
    "unlockNotification": false,
    "showDependencyArrow": true,
    "repeatable": false,
    "individual_progress": false,
    "hidden": "LOCKED"
  }
}