{
  "dependencies": [
    "copper_barrel"
  ],
  "tasks": {
    "iron_barrel_task": {
      "type": "heracles:item",
      "item": "ironchests:iron_barrel",
      "amount": 1,
      "collection": "AUTOMATIC",
      "title": "",
      "icon": {
        "item": {
          "id": "minecraft:air",
          "count": 0
        },
        "type": "heracles:item"
      }
    }
  },
  "rewards": {
    "iron_barrel_reward": {
      "title": "",
      "icon": {
        "item": {
          "id": "minecraft:air",
          "count": 0
        },
        "type": "heracles:item"
      },
      "item": {
        "id": "minecraft:iron_ingot",
        "count": 1
      },
      "type": "heracles:item"
    }
  },
  "display": {
    "subtitle": {
      "text": ""
    },
    "description": [
      "---",
      "<br/>",
      "<columns>",
      "<column>",
      "## &&7Iron&&r Barrel",
      "</column>",
      "<column>",
      "<item id=\"ironchests:iron_barrel\" scale=\"2\"> </item>",
      "</column>",
      "</columns>",
      "<br/>",
      "  Time for your second upgrade! This one brings the grand total of slots up to 56! That's a lot of items and we're not even half way to the final tier!",
      "<br/>",
      "---"
    ],
    "groups": {
      "Storage": {
        "position": [
          -40,
          -140
        ]
      }
    },
    "icon": {
      "item": {
        "id": "ironchests:iron_barrel",
        "count": 1
      },
      "type": "heracles:item"
    },
    "icon_background": "heracles:textures/gui/quest_backgrounds/default.png",
    "title": {
      "translate": "Iron Barrel"
    }
  },
  "settings": {
    "unlockNotification": false,
    "showDependencyArrow": true,
    "repeatable": false,
    "individual_progress": false,
    "hidden": "LOCKED"
  }
}