{
  "dependencies": [
    "MI Bronze Tank"
  ],
  "tasks": {
    "MI Steel Tank Task0": {
      "type": "heracles:item",
      "item": "modern_industrialization:steel_tank",
      "amount": 1,
      "collection": "AUTOMATIC",
      "title": "",
      "icon": {
        "item": {
          "id": "minecraft:air",
          "count": 0
        },
        "type": "heracles:item"
      }
    }
  },
  "rewards": {
    "MI Steel Tank Reward0": {
      "title": "",
      "icon": {
        "item": {
          "id": "minecraft:air",
          "count": 0
        },
        "type": "heracles:item"
      },
      "item": {
        "id": "modern_industrialization:steel_plate",
        "count": 8
      },
      "type": "heracles:item"
    }
  },
  "display": {
    "subtitle": {
      "text": ""
    },
    "description": [
      "---",
      "<columns template=\"30 40 30\">",
      "<column valign=\"middle\">",
      "<p align=\"right\" color=\"#88ffffff\">Bronze</p>",
      "<p align=\"right\" background=\"2 #252425\" color=\"white\">Steel</p>",
      "<p align=\"right\" color=\"#88ffffff\">Aluminum</p>",
      "<p align=\"right\" color=\"#88ffffff\">Stainless</p>",
      "<p align=\"right\" color=\"#88ffffff\">Titanium</p>",
      "<p align=\"right\" color=\"#88ffffff\" shadowed=\"true\">Quantum</p>",
      "</column>",
      "<column valign=\"middle\">",
      "<br/>",
      "<item id=\"modern_industrialization:steel_tank\" scale=\"3\" background=\"4 ghostwhite\" border=\"2 black\"> </item>",
      "<br/>",
      "</column>",
      "<column valign=\"middle\">",
      "<h2 align=\"left\" background=\"2 ghostwhite\" border=\"1 black\" color=\"red\">MI</h2>",
      "<br/>",
      "<p align=\"left\" color=\"lightgray\">Barrel</p>",
      "<p align=\"left\" background=\"2 crimson\" color=\"white\">Tank</p>",
      "</column>",
      "</columns>",
      "<p align=\"center\" background=\"2 crimson\" color=\"white\">8,000 mB</p>",
      "",
      "",
      "  Now you’re coke-ing!",
      "",
      "  Elemental iron? Passé!",
      "",
      "  Steel—iron alloyed with carbon—is where it’s at.",
      "  ",
      "  Coke, mix, blast… and repeat. You’re going to want a --lot-- of this stuff. Now you are really getting industrial.",
      "",
      "  But first, a nice steely looking barrel or tank—or several—will do nicely.",
      "",
      "---"
    ],
    "groups": {
      "Storage": {
        "position": [
          260,
          -180
        ]
      }
    },
    "icon": {
      "item": {
        "id": "modern_industrialization:steel_tank",
        "count": 1
      },
      "type": "heracles:item"
    },
    "icon_background": "heracles:textures/gui/quest_backgrounds/default.png",
    "title": {
      "translate": "MI Steel Tank"
    }
  },
  "settings": {
    "unlockNotification": false,
    "showDependencyArrow": true,
    "repeatable": false,
    "individual_progress": false,
    "hidden": "LOCKED"
  }
}