{
  "dependencies": [],
  "tasks": {},
  "rewards": {},
  "display": {
    "subtitle": {
      "text": ""
    },
    "description": [
      "---",
      "<carousel>",
      "<carousel-item>",
      "<columns template=\"30 40 30\">",
      "<column valign=\"middle\">",
      "<p align=\"right\" background=\"2 #d9ba00\" color=\"white\">Bronze</p>",
      "<p align=\"right\" color=\"#88ffffff\">Steel</p>",
      "<p align=\"right\" color=\"#88ffffff\">Aluminum</p>",
      "<p align=\"right\" color=\"#88ffffff\">Stainless</p>",
      "<p align=\"right\" color=\"#88ffffff\">Titanium</p>",
      "<p align=\"right\" color=\"#88ffffff\" shadowed=\"true\">Quantum</p>",
      "</column>",
      "<column valign=\"middle\">",
      "<br/>",
      "<item id=\"modern_industrialization:bronze_barrel\" scale=\"3\" background=\"4 ghostwhite\" border=\"2 black\"> </item>",
      "<br/>",
      "</column>",
      "<column valign=\"middle\">",
      "<h2 align=\"left\" background=\"2 ghostwhite\" border=\"1 black\" color=\"red\">MI</h2>",
      "<br/>",
      "<p align=\"left\" background=\"2 crimson\" color=\"white\">Barrel</p>",
      "<p align=\"left\" color=\"lightgray\">Tank</p>",
      "</column>",
      "</columns>",
      "<p align=\"center\" background=\"2 crimson\" color=\"white\">32 stacks</p>",
      "</carousel-item>",
      "<carousel-item>",
      "<columns template=\"30 40 30\">",
      "<column valign=\"middle\">",
      "<p align=\"right\" color=\"#88ffffff\">Bronze</p>",
      "<p align=\"right\" background=\"2 #252425\" color=\"white\">Steel</p>",
      "<p align=\"right\" color=\"#88ffffff\">Aluminum</p>",
      "<p align=\"right\" color=\"#88ffffff\">Stainless</p>",
      "<p align=\"right\" color=\"#88ffffff\">Titanium</p>",
      "<p align=\"right\" color=\"#88ffffff\" shadowed=\"true\">Quantum</p>",
      "</column>",
      "<column valign=\"middle\">",
      "<br/>",
      "<item id=\"modern_industrialization:steel_barrel\" scale=\"3\" background=\"4 ghostwhite\" border=\"2 black\"> </item>",
      "<br/>",
      "</column>",
      "<column valign=\"middle\">",
      "<h2 align=\"left\" background=\"2 ghostwhite\" border=\"1 black\" color=\"red\">MI</h2>",
      "<br/>",
      "<p align=\"left\" background=\"2 crimson\" color=\"white\">Barrel</p>",
      "<p align=\"left\" color=\"lightgray\">Tank</p>",
      "</column>",
      "</columns>",
      "<p align=\"center\" background=\"2 crimson\" color=\"white\">128 stacks</p>",
      "</carousel-item>",
      "<carousel-item>",
      "<columns template=\"30 40 30\">",
      "<column valign=\"middle\">",
      "<p align=\"right\" color=\"#88ffffff\">Bronze</p>",
      "<p align=\"right\" color=\"#88ffffff\">Steel</p>",
      "<p align=\"right\" background=\"2 #57b3d1\" color=\"white\">Aluminum</p>",
      "<p align=\"right\" color=\"#88ffffff\">Stainless</p>",
      "<p align=\"right\" color=\"#88ffffff\">Titanium</p>",
      "<p align=\"right\" color=\"#88ffffff\" shadowed=\"true\">Quantum</p>",
      "</column>",
      "<column valign=\"middle\">",
      "<br/>",
      "<item id=\"modern_industrialization:aluminum_barrel\" scale=\"3\" background=\"4 ghostwhite\" border=\"2 black\"> </item>",
      "<br/>",
      "</column>",
      "<column valign=\"middle\">",
      "<h2 align=\"left\" background=\"2 ghostwhite\" border=\"1 black\" color=\"red\">MI</h2>",
      "<br/>",
      "<p align=\"left\" background=\"2 crimson\" color=\"white\">Barrel</p>",
      "<p align=\"left\" color=\"lightgray\">Tank</p>",
      "</column>",
      "</columns>",
      "<p align=\"center\" background=\"2 crimson\" color=\"white\">512 stacks</p>",
      "</carousel-item>",
      "<carousel-item>",
      "<columns template=\"30 40 30\">",
      "<column valign=\"middle\">",
      "<p align=\"right\" color=\"#88ffffff\">Bronze</p>",
      "<p align=\"right\" color=\"#88ffffff\">Steel</p>",
      "<p align=\"right\" color=\"#88ffffff\">Aluminum</p>",
      "<p align=\"right\" background=\"2 #bcd3e3\" color=\"white\">Stainless</p>",
      "<p align=\"right\" color=\"#88ffffff\">Titanium</p>",
      "<p align=\"right\" color=\"#88ffffff\" shadowed=\"true\">Quantum</p>",
      "</column>",
      "<column valign=\"middle\">",
      "<br/>",
      "<item id=\"modern_industrialization:stainless_steel_barrel\" scale=\"3\" background=\"4 ghostwhite\" border=\"2 black\"> </item>",
      "<br/>",
      "</column>",
      "<column valign=\"middle\">",
      "<h2 align=\"left\" background=\"2 ghostwhite\" border=\"1 black\" color=\"red\">MI</h2>",
      "<br/>",
      "<p align=\"left\" background=\"2 crimson\" color=\"white\">Barrel</p>",
      "<p align=\"left\" color=\"lightgray\">Tank</p>",
      "</column>",
      "</columns>",
      "<p align=\"center\" background=\"2 crimson\" color=\"white\">4096 stacks</p>",
      "</carousel-item>",
      "<carousel-item>",
      "<columns template=\"30 40 30\">",
      "<column valign=\"middle\">",
      "<p align=\"right\" color=\"#88ffffff\">Bronze</p>",
      "<p align=\"right\" color=\"#88ffffff\">Steel</p>",
      "<p align=\"right\" color=\"#88ffffff\">Aluminum</p>",
      "<p align=\"right\" color=\"#88ffffff\">Stainless</p>",
      "<p align=\"right\" background=\"2 #ee84ed\" color=\"white\">Titanium</p>",
      "<p align=\"right\" color=\"#88ffffff\" shadowed=\"true\">Quantum</p>",
      "</column>",
      "<column valign=\"middle\">",
      "<br/>",
      "<item id=\"modern_industrialization:titanium_barrel\" scale=\"3\" background=\"4 ghostwhite\" border=\"2 black\"> </item>",
      "<br/>",
      "</column>",
      "<column valign=\"middle\">",
      "<h2 align=\"left\" background=\"2 ghostwhite\" border=\"1 black\" color=\"red\">MI</h2>",
      "<br/>",
      "<p align=\"left\" background=\"2 crimson\" color=\"white\">Barrel</p>",
      "<p align=\"left\" color=\"lightgray\">Tank</p>",
      "</column>",
      "</columns>",
      "<p align=\"center\" background=\"2 crimson\" color=\"white\">8192 stacks</p>",
      "</carousel-item>",
      "<carousel-item>",
      "<columns template=\"30 40 30\">",
      "<column valign=\"middle\">",
      "<p align=\"right\" color=\"#88ffffff\">Bronze</p>",
      "<p align=\"right\" color=\"#88ffffff\">Steel</p>",
      "<p align=\"right\" color=\"#88ffffff\">Aluminum</p>",
      "<p align=\"right\" color=\"#88ffffff\">Stainless</p>",
      "<p align=\"right\" color=\"#88ffffff\">Titanium</p>",
      "<p align=\"right\" background=\"2 #f7f7f7\" color=\"white\" shadowed=\"true\">Quantum</p>",
      "</column>",
      "<column valign=\"middle\">",
      "<br/>",
      "<item id=\"modern_industrialization:quantum_barrel\" scale=\"3\" background=\"4 ghostwhite\" border=\"2 black\"> </item>",
      "<br/>",
      "</column>",
      "<column valign=\"middle\">",
      "<h2 align=\"left\" background=\"2 ghostwhite\" border=\"1 black\" color=\"red\">MI</h2>",
      "<br/>",
      "<p align=\"left\" background=\"2 crimson\" color=\"white\">Barrel</p>",
      "<p align=\"left\" color=\"lightgray\">Tank</p>",
      "</column>",
      "</columns>",
      "<p align=\"center\" background=\"2 crimson\" color=\"white\">2,147,483,647 stacks</p>",
      "</carousel-item>",
      "<carousel-item>",
      "<columns template=\"30 40 30\">",
      "<column valign=\"middle\">",
      "<p align=\"right\" background=\"2 #d9ba00\" color=\"white\">Bronze</p>",
      "<p align=\"right\" color=\"#88ffffff\">Steel</p>",
      "<p align=\"right\" color=\"#88ffffff\">Aluminum</p>",
      "<p align=\"right\" color=\"#88ffffff\">Stainless</p>",
      "<p align=\"right\" color=\"#88ffffff\">Titanium</p>",
      "<p align=\"right\" color=\"#88ffffff\" shadowed=\"true\">Quantum</p>",
      "</column>",
      "<column valign=\"middle\">",
      "<br/>",
      "<item id=\"modern_industrialization:bronze_tank\" scale=\"3\" background=\"4 ghostwhite\" border=\"2 black\"> </item>",
      "<br/>",
      "</column>",
      "<column valign=\"middle\">",
      "<h2 align=\"left\" background=\"2 ghostwhite\" border=\"1 black\" color=\"red\">MI</h2>",
      "<br/>",
      "<p align=\"left\" color=\"lightgray\">Barrel</p>",
      "<p align=\"left\" background=\"2 crimson\" color=\"white\">Tank</p>",
      "</column>",
      "</columns>",
      "<p align=\"center\" background=\"2 crimson\" color=\"white\">4,000 mB</p>",
      "</carousel-item>",
      "<carousel-item>",
      "<columns template=\"30 40 30\">",
      "<column valign=\"middle\">",
      "<p align=\"right\" color=\"#88ffffff\">Bronze</p>",
      "<p align=\"right\" background=\"2 #252425\" color=\"white\">Steel</p>",
      "<p align=\"right\" color=\"#88ffffff\">Aluminum</p>",
      "<p align=\"right\" color=\"#88ffffff\">Stainless</p>",
      "<p align=\"right\" color=\"#88ffffff\">Titanium</p>",
      "<p align=\"right\" color=\"#88ffffff\" shadowed=\"true\">Quantum</p>",
      "</column>",
      "<column valign=\"middle\">",
      "<br/>",
      "<item id=\"modern_industrialization:steel_tank\" scale=\"3\" background=\"4 ghostwhite\" border=\"2 black\"> </item>",
      "<br/>",
      "</column>",
      "<column valign=\"middle\">",
      "<h2 align=\"left\" background=\"2 ghostwhite\" border=\"1 black\" color=\"red\">MI</h2>",
      "<br/>",
      "<p align=\"left\" color=\"lightgray\">Barrel</p>",
      "<p align=\"left\" background=\"2 crimson\" color=\"white\">Tank</p>",
      "</column>",
      "</columns>",
      "<p align=\"center\" background=\"2 crimson\" color=\"white\">8,000 mB</p>",
      "</carousel-item>",
      "<carousel-item>",
      "<columns template=\"30 40 30\">",
      "<column valign=\"middle\">",
      "<p align=\"right\" color=\"#88ffffff\">Bronze</p>",
      "<p align=\"right\" color=\"#88ffffff\">Steel</p>",
      "<p align=\"right\" background=\"2 #57b3d1\" color=\"white\">Aluminum</p>",
      "<p align=\"right\" color=\"#88ffffff\">Stainless</p>",
      "<p align=\"right\" color=\"#88ffffff\">Titanium</p>",
      "<p align=\"right\" color=\"#88ffffff\" shadowed=\"true\">Quantum</p>",
      "</column>",
      "<column valign=\"middle\">",
      "<br/>",
      "<item id=\"modern_industrialization:aluminum_tank\" scale=\"3\" background=\"4 ghostwhite\" border=\"2 black\"> </item>",
      "<br/>",
      "</column>",
      "<column valign=\"middle\">",
      "<h2 align=\"left\" background=\"2 ghostwhite\" border=\"1 black\" color=\"red\">MI</h2>",
      "<br/>",
      "<p align=\"left\" color=\"lightgray\">Barrel</p>",
      "<p align=\"left\" background=\"2 crimson\" color=\"white\">Tank</p>",
      "</column>",
      "</columns>",
      "<p align=\"center\" background=\"2 crimson\" color=\"white\">16,000 mB</p>",
      "</carousel-item>",
      "<carousel-item>",
      "<columns template=\"30 40 30\">",
      "<column valign=\"middle\">",
      "<p align=\"right\" color=\"#88ffffff\">Bronze</p>",
      "<p align=\"right\" color=\"#88ffffff\">Steel</p>",
      "<p align=\"right\" color=\"#88ffffff\">Aluminum</p>",
      "<p align=\"right\" background=\"2 #bcd3e3\" color=\"white\">Stainless</p>",
      "<p align=\"right\" color=\"#88ffffff\">Titanium</p>",
      "<p align=\"right\" color=\"#88ffffff\" shadowed=\"true\">Quantum</p>",
      "</column>",
      "<column valign=\"middle\">",
      "<br/>",
      "<item id=\"modern_industrialization:stainless_steel_tank\" scale=\"3\" background=\"4 ghostwhite\" border=\"2 black\"> </item>",
      "<br/>",
      "</column>",
      "<column valign=\"middle\">",
      "<h2 align=\"left\" background=\"2 ghostwhite\" border=\"1 black\" color=\"red\">MI</h2>",
      "<br/>",
      "<p align=\"left\" color=\"lightgray\">Barrel</p>",
      "<p align=\"left\" background=\"2 crimson\" color=\"white\">Tank</p>",
      "</column>",
      "</columns>",
      "<p align=\"center\" background=\"2 crimson\" color=\"white\">32,000 mB</p>",
      "</carousel-item>",
      "<carousel-item>",
      "<columns template=\"30 40 30\">",
      "<column valign=\"middle\">",
      "<p align=\"right\" color=\"#88ffffff\">Bronze</p>",
      "<p align=\"right\" color=\"#88ffffff\">Steel</p>",
      "<p align=\"right\" color=\"#88ffffff\">Aluminum</p>",
      "<p align=\"right\" color=\"#88ffffff\">Stainless</p>",
      "<p align=\"right\" background=\"2 #ee84ed\" color=\"white\">Titanium</p>",
      "<p align=\"right\" color=\"#88ffffff\" shadowed=\"true\">Quantum</p>",
      "</column>",
      "<column valign=\"middle\">",
      "<br/>",
      "<item id=\"modern_industrialization:titanium_tank\" scale=\"3\" background=\"4 ghostwhite\" border=\"2 black\"> </item>",
      "<br/>",
      "</column>",
      "<column valign=\"middle\">",
      "<h2 align=\"left\" background=\"2 ghostwhite\" border=\"1 black\" color=\"red\">MI</h2>",
      "<br/>",
      "<p align=\"left\" color=\"lightgray\">Barrel</p>",
      "<p align=\"left\" background=\"2 crimson\" color=\"white\">Tank</p>",
      "</column>",
      "</columns>",
      "<p align=\"center\" background=\"2 crimson\" color=\"white\">64,000 mB</p>",
      "</carousel-item>",
      "<carousel-item>",
      "<columns template=\"30 40 30\">",
      "<column valign=\"middle\">",
      "<p align=\"right\" color=\"#88ffffff\">Bronze</p>",
      "<p align=\"right\" color=\"#88ffffff\">Steel</p>",
      "<p align=\"right\" color=\"#88ffffff\">Aluminum</p>",
      "<p align=\"right\" color=\"#88ffffff\">Stainless</p>",
      "<p align=\"right\" color=\"#88ffffff\">Titanium</p>",
      "<p align=\"right\" background=\"2 #f7f7f7\" color=\"white\" shadowed=\"true\">Quantum</p>",
      "</column>",
      "<column valign=\"middle\">",
      "<br/>",
      "<item id=\"modern_industrialization:quantum_tank\" scale=\"3\" background=\"4 ghostwhite\" border=\"2 black\"> </item>",
      "<br/>",
      "</column>",
      "<column valign=\"middle\">",
      "<h2 align=\"left\" background=\"2 ghostwhite\" border=\"1 black\" color=\"red\">MI</h2>",
      "<br/>",
      "<p align=\"left\" color=\"lightgray\">Barrel</p>",
      "<p align=\"left\" background=\"2 crimson\" color=\"white\">Tank</p>",
      "</column>",
      "</columns>",
      "<p align=\"center\" background=\"2 crimson\" color=\"white\">2.147 GB</p>",
      "</carousel-item>",
      "</carousel>",
      "",
      "",
      "<blockquote color='#54c1ed'>",
      "<p>&#32;&#32;Modern Industrialization™ has tanks and barrels for storing fluids and items. Both tanks and barrels conveniently visually indicate their contents and currently stored amounts.</p>",
      "<p>&#32;&#32;Tanks have clear sides so the color of the fluid they contain can be seen, as well as their level within the tank. A barrel’s sides display the item contained within and an exact count of currently held items.</p>",
      "<p>&#32;&#32;&&cTIP&&r &&oMI&&r barrels and tanks “break” from block to item form with a hit of a wrench.</p>",
      "</blockquote>",
      "",
      "---",
      "Damhirschkuh, Johannes (2020),",
      "“Modern Industrialization & You: Grow the Factory, Grow your Happiness”,",
      "--Techinic4l Press--,",
      "<component>{\"text\":\"ISBN 978-3-0648-4684-5\",\"clickEvent\":{\"action\":\"open_url\",\"value\":\"https://discord.gg/Z5hGBuH\"},\"hoverEvent\":{\"action\":\"show_text\",\"contents\":\"Join the Modern Industrialization Discord Server!\"}}</component>",
      "---"
    ],
    "groups": {
      "Storage": {
        "position": [
          240,
          -260
        ]
      }
    },
    "icon": {
      "item": {
        "id": "modern_industrialization:forge_hammer",
        "count": 1
      },
      "type": "heracles:item"
    },
    "icon_background": "heracles:textures/gui/quest_backgrounds/diamonds.png",
    "title": {
      "translate": "MI Storage"
    }
  },
  "settings": {
    "showDependencyArrow": true,
    "repeatable": false,
    "autoClaimRewards": false,
    "individual_progress": false,
    "hidden": "LOCKED",
    "unlockNotification": false
  }
}