{
  "dependencies": [
    "MI Stainless Steel Barrel"
  ],
  "tasks": {
    "MI Titanium Barrel Task0": {
      "type": "heracles:item",
      "item": "modern_industrialization:titanium_barrel",
      "amount": 1,
      "collection": "AUTOMATIC",
      "title": "",
      "icon": {
        "item": {
          "id": "minecraft:air",
          "count": 0
        },
        "type": "heracles:item"
      }
    }
  },
  "rewards": {
    "MI Titanium Barrel Reward0": {
      "title": "",
      "icon": {
        "item": {
          "id": "minecraft:air",
          "count": 0
        },
        "type": "heracles:item"
      },
      "item": {
        "id": "modern_industrialization:titanium_plate",
        "count": 8
      },
      "type": "heracles:item"
    }
  },
  "display": {
    "subtitle": {
      "text": ""
    },
    "description": [
      "---",
      "<columns template=\"30 40 30\">",
      "<column valign=\"middle\">",
      "<p align=\"right\" color=\"#88ffffff\">Bronze</p>",
      "<p align=\"right\" color=\"#88ffffff\">Steel</p>",
      "<p align=\"right\" color=\"#88ffffff\">Aluminum</p>",
      "<p align=\"right\" color=\"#88ffffff\">Stainless</p>",
      "<p align=\"right\" background=\"2 #ee84ed\" color=\"white\">Titanium</p>",
      "<p align=\"right\" color=\"#88ffffff\" shadowed=\"true\">Quantum</p>",
      "</column>",
      "<column valign=\"middle\">",
      "<br/>",
      "<item id=\"modern_industrialization:titanium_barrel\" scale=\"3\" background=\"4 ghostwhite\" border=\"2 black\"> </item>",
      "<br/>",
      "</column>",
      "<column valign=\"middle\">",
      "<h2 align=\"left\" background=\"2 ghostwhite\" border=\"1 black\" color=\"red\">MI</h2>",
      "<br/>",
      "<p align=\"left\" background=\"2 crimson\" color=\"white\">Barrel</p>",
      "<p align=\"left\" color=\"lightgray\">Tank</p>",
      "</column>",
      "</columns>",
      "<p align=\"center\" background=\"2 crimson\" color=\"white\">8192 stacks</p>",
      "",
      "",
      "  Advanced alloys¹, magnesium sulfuric solution, and argon… oh my!",
      "",
      "  You’ve made it: Titanium. The apex of metallurgy² in your journey through MI.",
      " ",
      " Your reward for all that is… just double the storage capacity of Stainless Steel tanks and barrels?",
      "",
      "  Well, just you wait… boggling amounts of storage in a single block are nearly yours to have.",
      "",
      "---",
      "¹ --Kanthal--, aka FeCrAl",
      "² But not the most advanced material in MI. Oh, no, you're not quite there yet."
    ],
    "groups": {
      "Storage": {
        "position": [
          220,
          -60
        ]
      }
    },
    "icon": {
      "item": {
        "id": "modern_industrialization:titanium_barrel",
        "count": 1
      },
      "type": "heracles:item"
    },
    "icon_background": "heracles:textures/gui/quest_backgrounds/default.png",
    "title": {
      "translate": "MI Titanium Barrel"
    }
  },
  "settings": {
    "unlockNotification": false,
    "showDependencyArrow": true,
    "repeatable": false,
    "individual_progress": false,
    "hidden": "LOCKED"
  }
}