{
  "dependencies": [
    "obsidian_barrel"
  ],
  "tasks": {
    "netherite_barrel_task": {
      "type": "heracles:item",
      "item": "ironchests:netherite_barrel",
      "amount": 1,
      "collection": "AUTOMATIC",
      "title": "",
      "icon": {
        "item": {
          "id": "minecraft:air",
          "count": 0
        },
        "type": "heracles:item"
      }
    }
  },
  "rewards": {
    "netherite_barrel_reward": {
      "title": "",
      "icon": {
        "item": {
          "id": "minecraft:air",
          "count": 0
        },
        "type": "heracles:item"
      },
      "item": {
        "id": "minecraft:netherite_ingot",
        "count": 1
      },
      "type": "heracles:item"
    }
  },
  "display": {
    "subtitle": {
      "text": ""
    },
    "description": [
      "---",
      "<br/>",
      "<columns>",
      "<column>",
      "## Netherite Barrel",
      "</column>",
      "<column>",
      "<item id=\"ironchests:netherite_barrel\" scale=\"2\"> </item>",
      "</column>",
      "</columns>",
      "<br/>",
      "   The final upgrade! 91 total slots --PLUS-- it's explosion proof? That sounds like a total steal, take my money! ",
      "<br/>",
      "---"
    ],
    "groups": {
      "Storage": {
        "position": [
          -40,
          20
        ]
      }
    },
    "icon": {
      "item": {
        "id": "ironchests:netherite_barrel",
        "count": 1
      },
      "type": "heracles:item"
    },
    "icon_background": "heracles:textures/gui/quest_backgrounds/default.png",
    "title": {
      "translate": "Netherite Barrel"
    }
  },
  "settings": {
    "unlockNotification": false,
    "showDependencyArrow": true,
    "repeatable": false,
    "individual_progress": false,
    "hidden": "LOCKED"
  }
}