{
  "dependencies": [
    "diamond_barrel"
  ],
  "tasks": {
    "obsidian_barrel_task": {
      "type": "heracles:item",
      "item": "ironchests:obsidian_barrel",
      "amount": 1,
      "collection": "AUTOMATIC",
      "title": "",
      "icon": {
        "item": {
          "id": "minecraft:air",
          "count": 0
        },
        "type": "heracles:item"
      }
    }
  },
  "rewards": {
    "obsidian_barrel_reward": {
      "title": "",
      "icon": {
        "item": {
          "id": "minecraft:air",
          "count": 0
        },
        "type": "heracles:item"
      },
      "item": {
        "id": "minecraft:obsidian",
        "count": 1
      },
      "type": "heracles:item"
    }
  },
  "display": {
    "subtitle": {
      "text": ""
    },
    "description": [
      "---",
      "<br/>",
      "<columns>",
      "<column>",
      "## &&5Obsidian&&r Barrel",
      "</column>",
      "<column>",
      "<item id=\"ironchests:obsidian_barrel\" scale=\"2\"> </item>",
      "</column>",
      "</columns>",
      "<br/>",
      "   Now, don't be disappointed. This upgrade doesn't --necessarily-- increase the slot count, but since you're encasing it with obsidian, you're protecting it from explosions, like those pesky creepers! It's a pretty worth while upgrade to keep your items safe.",
      "<br/>",
      "---"
    ],
    "groups": {
      "Storage": {
        "position": [
          -40,
          -20
        ]
      }
    },
    "icon": {
      "item": {
        "id": "ironchests:obsidian_barrel",
        "count": 1
      },
      "type": "heracles:item"
    },
    "icon_background": "heracles:textures/gui/quest_backgrounds/default.png",
    "title": {
      "translate": "Obsidian Barrel"
    }
  },
  "settings": {
    "unlockNotification": false,
    "showDependencyArrow": true,
    "repeatable": false,
    "individual_progress": false,
    "hidden": "LOCKED"
  }
}