{
  "dependencies": [],
  "tasks": {},
  "rewards": {},
  "display": {
    "subtitle": {
      "text": ""
    },
    "description": [
      "<h1 background=\"1 #882e5cc8\" border=\"1 #442e5cb7\" color=\"#2e5cFF\" bold=\"true\" shadowed=\"true\" align=\"center\"> TECH REBORN &&6🔧&&r </h1>",
      "",
      "  Do you hear that? It is like... a jar of mechanical bees, aggravated and hyped up on their own sugary honey, whipping around in a jangly, angular metallic cyclone. Oh, my head...",
      "",
      "<p align=\"center\" italic=\"true\">&lt; your guide's eyes roll back, mouth open, voicing a strange tongue... &gt;</p>",
      "",
      "<p align=\"left\" background=\"2 #22ff8c00\" color=\"darkorange\"> ATZ OK ATDT555-2675 CONNECT </p>",
      "<p align=\"left\" bold=\"true\" background=\"2 #22ff8c00\" color=\"darkorange\"> WH47 Y0U 607? &&oTECH REBORN&&r C4N 570R3 17! </p>",
      "<p align=\"left\" background=\"2 #22ff8c00\" color=\"darkorange\"> +++ ATH0 NO CARRIER_ </p>",
      "<p align=\"left\" background=\"2 #22ff8c00\" color=\"darkorange\"> END OF LINE </p>",
      "",
      "---",
      "",
      "<carousel>",
      "<carousel-item>",
      "<columns template=\"34 24 46\">",
      "<column>",
      "<p align=\"right\">TechReborn</p>",
      "<h2 align=\"right\">Storage Units</h2>",
      "</column>",
      "<column valign=\"bottom\">",
      "<item id=\"techreborn:crude_storage_unit\" scale=\"2\" align=\"right\" background=\"5 #88faf0e6\"></item>",
      "<p align=\"right\" italic=\"true\" background=\"2 #44faf0e6\" border=\"0 faf0e6\" color=\"#88faf0e6\"> stacks:</p>",
      "<p align=\"right\" italic=\"true\" background=\"2 #44faf0e6\" border=\"0 faf0e6\" color=\"#88faf0e6\"> items:</p>",
      "</column>",
      "<column valign=\"bottom\">",
      "<h2 align=\"left\" shadowed=\"true\" background=\"2 #44faf0e6\" color=\"#faf0e6\">Crude</h2>",
      "<p align=\"left\" italic=\"true\" background=\"2 #88faf0e6\" color=\"black\"> 32 </p>",
      "<p align=\"left\" italic=\"true\" background=\"2 #88faf0e6\" color=\"black\"> 2,048 </p>",
      "</column>",
      "</columns>",
      "</carousel-item><carousel-item>",
      "<columns template=\"34 24 46\">",
      "<column>",
      "<p align=\"right\">TechReborn</p>",
      "<h2 align=\"right\">Storage Units</h2>",
      "</column>",
      "<column valign=\"bottom\">",
      "<item id=\"techreborn:basic_storage_unit\" scale=\"2\" align=\"right\" background=\"5 #aa7cfc00\"></item>",
      "<p align=\"right\" italic=\"true\" background=\"2 #447cfc00\" border=\"0 7cfc00\" color=\"#aa7cfc00\"> stacks:</p>",
      "<p align=\"right\" italic=\"true\" background=\"2 #447cfc00\" border=\"0 7cfc00\" color=\"#aa7cfc00\"> items:</p>",
      "</column>",
      "<column valign=\"bottom\">",
      "<h2 align=\"left\" shadowed=\"true\" background=\"2 #447cfc00\" color=\"#7cfc00\">Basic</h2>",
      "<p align=\"left\" italic=\"true\" background=\"2 #aa7cfc00\" color=\"black\"> 128 </p>",
      "<p align=\"left\" italic=\"true\" background=\"2 #aa7cfc00\" color=\"black\"> 8,192 </p>",
      "</column>",
      "</columns>",
      "</carousel-item><carousel-item>",
      "<columns template=\"34 24 46\">",
      "<column>",
      "<p align=\"right\">TechReborn</p>",
      "<h2 align=\"right\">Storage Units</h2>",
      "</column>",
      "<column valign=\"bottom\">",
      "<item id=\"techreborn:advanced_storage_unit\" scale=\"2\" align=\"right\" background=\"5 #aadc143c\"></item>",
      "<p align=\"right\" italic=\"true\" background=\"2 #44dc143c\" border=\"0 dc143c\" color=\"#aadc143c\"> stacks:</p>",
      "<p align=\"right\" italic=\"true\" background=\"2 #44dc143c\" border=\"0 dc143c\" color=\"#aadc143c\"> items:</p>",
      "</column>",
      "<column valign=\"bottom\">",
      "<h2 align=\"left\" shadowed=\"true\" background=\"2 #44dc143c\" color=\"#dc143c\">Advanced</h2>",
      "<p align=\"left\" italic=\"true\" background=\"2 #aadc143c\" color=\"black\"> 512 </p>",
      "<p align=\"left\" italic=\"true\" background=\"2 #aadc143c\" color=\"black\"> 32,768 </p>",
      "</column>",
      "</columns>",
      "</carousel-item><carousel-item>",
      "<columns template=\"34 24 46\">",
      "<column>",
      "<p align=\"right\">TechReborn</p>",
      "<h2 align=\"right\">Storage Units</h2>",
      "</column>",
      "<column valign=\"bottom\">",
      "<item id=\"techreborn:industrial_storage_unit\" scale=\"2\" align=\"right\" background=\"5 #8800ffff\"></item>",
      "<p align=\"right\" italic=\"true\" background=\"2 #4400ffff\" border=\"0 00ffff\" color=\"#8800ffff\"> stacks:</p>",
      "<p align=\"right\" italic=\"true\" background=\"2 #4400ffff\" border=\"0 00ffff\" color=\"#8800ffff\"> items:</p>",
      "</column>",
      "<column valign=\"bottom\">",
      "<h2 align=\"left\" shadowed=\"true\" background=\"2 #4400ffff\" color=\"#00ffff\">Industrial</h2>",
      "<p align=\"left\" italic=\"true\" background=\"2 #8800ffff\" color=\"black\"> 1,024 </p>",
      "<p align=\"left\" italic=\"true\" background=\"2 #8800ffff\" color=\"black\"> 65,536 </p>",
      "</column>",
      "</columns>",
      "</carousel-item><carousel-item>",
      "<columns template=\"34 24 46\">",
      "<column>",
      "<p align=\"right\">TechReborn</p>",
      "<h2 align=\"right\">Storage Units</h2>",
      "</column>",
      "<column valign=\"bottom\">",
      "<item id=\"techreborn:quantum_storage_unit\" scale=\"2\" align=\"right\" background=\"5 #88ba55d3\"></item>",
      "<p align=\"right\" italic=\"true\" background=\"2 #44ba55d3\" border=\"0 ba55d3\" color=\"#88ba55d3\"> stacks:</p>",
      "<p align=\"right\" italic=\"true\" background=\"2 #44ba55d3\" border=\"0 ba55d3\" color=\"#88ba55d3\"> items:</p>",
      "</column>",
      "<column valign=\"bottom\">",
      "<h2 align=\"left\" shadowed=\"true\" background=\"2 #44ba55d3\" color=\"#ba55d3\">Quantum</h2>",
      "<p align=\"left\" italic=\"true\" background=\"2 #88ba55d3\" color=\"black\"> 33,554,431 </p>",
      "<p align=\"left\" italic=\"true\" background=\"2 #88ba55d3\" color=\"black\"> 2,147,483,584 </p>",
      "</column>",
      "</columns>",
      "</carousel-item>",
      "<carousel-item>",
      "<columns template=\"34 24 46\">",
      "<column>",
      "<p align=\"right\">TechReborn</p>",
      "<h2 align=\"right\">Tank Units</h2>",
      "</column>",
      "<column valign=\"bottom\">",
      "<item id=\"techreborn:basic_tank_unit\" scale=\"2\" align=\"right\" background=\"5 #aa7cfc00\"></item>",
      "<p align=\"right\" italic=\"true\" background=\"2 #447cfc00\" border=\"0 7cfc00\" color=\"#aa7cfc00\"> volume:</p>",
      "</column>",
      "<column valign=\"bottom\">",
      "<h2 align=\"left\" shadowed=\"true\" background=\"2 #447cfc00\" color=\"#7cfc00\">Basic</h2>",
      "<p align=\"left\" italic=\"true\" background=\"2 #aa7cfc00\" color=\"black\"> 128,000 mB </p>",
      "</column>",
      "</columns>",
      "</carousel-item><carousel-item>",
      "<columns template=\"34 24 46\">",
      "<column>",
      "<p align=\"right\">TechReborn</p>",
      "<h2 align=\"right\">Tank Units</h2>",
      "</column>",
      "<column valign=\"bottom\">",
      "<item id=\"techreborn:advanced_tank_unit\" scale=\"2\" align=\"right\" background=\"5 #aadc143c\"></item>",
      "<p align=\"right\" italic=\"true\" background=\"2 #44dc143c\" border=\"0 dc143c\" color=\"#aadc143c\"> volume:</p>",
      "</column>",
      "<column valign=\"bottom\">",
      "<h2 align=\"left\" shadowed=\"true\" background=\"2 #44dc143c\" color=\"#dc143c\">Advanced</h2>",
      "<p align=\"left\" italic=\"true\" background=\"2 #aadc143c\" color=\"black\"> 512,000 mB </p>",
      "</column>",
      "</columns>",
      "</carousel-item><carousel-item>",
      "<columns template=\"34 24 46\">",
      "<column>",
      "<p align=\"right\">TechReborn</p>",
      "<h2 align=\"right\">Tank Units</h2>",
      "</column>",
      "<column valign=\"bottom\">",
      "<item id=\"techreborn:industrial_tank_unit\" scale=\"2\" align=\"right\" background=\"5 #8800ffff\"></item>",
      "<p align=\"right\" italic=\"true\" background=\"2 #4400ffff\" border=\"0 00ffff\" color=\"#8800ffff\"> volume:</p>",
      "</column>",
      "<column valign=\"bottom\">",
      "<h2 align=\"left\" shadowed=\"true\" background=\"2 #4400ffff\" color=\"#00ffff\">Industrial</h2>",
      "<p align=\"left\" italic=\"true\" background=\"2 #8800ffff\" color=\"black\"> 1,024,000 mB </p>",
      "</column>",
      "</columns>",
      "</carousel-item><carousel-item>",
      "<columns template=\"34 24 46\">",
      "<column>",
      "<p align=\"right\">TechReborn</p>",
      "<h2 align=\"right\">Tank Units</h2>",
      "</column>",
      "<column valign=\"bottom\">",
      "<item id=\"techreborn:quantum_tank_unit\" scale=\"2\" align=\"right\" background=\"5 #88ba55d3\"></item>",
      "<p align=\"right\" italic=\"true\" background=\"2 #44ba55d3\" border=\"0 ba55d3\" color=\"#88ba55d3\"> volume:</p>",
      "</column>",
      "<column valign=\"bottom\">",
      "<h2 align=\"left\" shadowed=\"true\" background=\"2 #44ba55d3\" color=\"#ba55d3\">Quantum</h2>",
      "<p align=\"left\" italic=\"true\" background=\"2 #88ba55d3\" color=\"black\"> 2,147,483,000 mB </p>",
      "</column>",
      "</columns>",
      "</carousel-item>",
      "<carousel-item>",
      "<columns template=\"34 24 46\">",
      "<column>",
      "<p align=\"right\">TechReborn</p>",
      "<h2 align=\"right\">Energy Stores</h2>",
      "</column>",
      "<column valign=\"bottom\">",
      "<item id=\"techreborn:low_voltage_su\" scale=\"2\" align=\"right\" background=\"5 #aa7cfc00\"></item>",
      "<p align=\"right\" italic=\"true\" background=\"2 #447cfc00\" border=\"0 7cfc00\" color=\"#aa7cfc00\"> max:</p>",
      "<p align=\"right\" italic=\"true\" background=\"2 #447cfc00\" border=\"0 7cfc00\" color=\"#aa7cfc00\"> rate:</p>",
      "</column>",
      "<column valign=\"bottom\">",
      "<h2 align=\"left\" shadowed=\"true\" background=\"2 #447cfc00\" color=\"#7cfc00\">Batt. Box</h2>",
      "<p align=\"left\" italic=\"true\" background=\"2 #aa7cfc00\" color=\"black\"> 40K E</p>",
      "<p align=\"left\" italic=\"true\" background=\"2 #aa7cfc00\" color=\"black\"> 32 E/t</p>",
      "</column>",
      "</columns>",
      "</carousel-item><carousel-item>",
      "<columns template=\"34 24 46\">",
      "<column>",
      "<p align=\"right\">TechReborn</p>",
      "<h2 align=\"right\">Energy Stores</h2>",
      "</column>",
      "<column valign=\"bottom\">",
      "<item id=\"techreborn:medium_voltage_su\" scale=\"2\" align=\"right\" background=\"5 #aadc143c\"></item>",
      "<p align=\"right\" italic=\"true\" background=\"2 #44dc143c\" border=\"0 dc143c\" color=\"#aadc143c\"> max:</p>",
      "<p align=\"right\" italic=\"true\" background=\"2 #44dc143c\" border=\"0 dc143c\" color=\"#aadc143c\"> rate:</p>",
      "</column>",
      "<column valign=\"bottom\">",
      "<h2 align=\"left\" shadowed=\"true\" background=\"2 #44dc143c\" color=\"#dc143c\">MFE</h2>",
      "<p align=\"left\" italic=\"true\" background=\"2 #aadc143c\" color=\"black\"> 4M E</p>",
      "<p align=\"left\" italic=\"true\" background=\"2 #aadc143c\" color=\"black\"> 128 E/t</p>",
      "</column>",
      "</columns>",
      "</carousel-item><carousel-item>",
      "<columns template=\"34 24 46\">",
      "<column>",
      "<p align=\"right\">TechReborn</p>",
      "<h2 align=\"right\">Energy Stores</h2>",
      "</column>",
      "<column valign=\"bottom\">",
      "<item id=\"techreborn:high_voltage_su\" scale=\"2\" align=\"right\" background=\"5 #8800ffff\"></item>",
      "<p align=\"right\" italic=\"true\" background=\"2 #4400ffff\" border=\"0 00ffff\" color=\"#8800ffff\"> max:</p>",
      "<p align=\"right\" italic=\"true\" background=\"2 #4400ffff\" border=\"0 00ffff\" color=\"#8800ffff\"> rate:</p>",
      "</column>",
      "<column valign=\"bottom\">",
      "<h2 align=\"left\" shadowed=\"true\" background=\"2 #4400ffff\" color=\"#00ffff\">MFSU</h2>",
      "<p align=\"left\" italic=\"true\" background=\"2 #8800ffff\" color=\"black\"> 40M E</p>",
      "<p align=\"left\" italic=\"true\" background=\"2 #8800ffff\" color=\"black\"> 512 E/t</p>",
      "</column>",
      "</columns>",
      "</carousel-item><carousel-item>",
      "<columns template=\"34 24 46\">",
      "<column>",
      "<p align=\"right\">TechReborn</p>",
      "<h2 align=\"right\">Energy Stores</h2>",
      "</column>",
      "<column valign=\"bottom\">",
      "<item id=\"techreborn:interdimensional_su\" scale=\"2\" align=\"right\" background=\"5 #88ba55d3\"></item>",
      "<p align=\"right\" italic=\"true\" background=\"2 #44ba55d3\" border=\"0 ba55d3\" color=\"#88ba55d3\"> max:</p>",
      "<p align=\"right\" italic=\"true\" background=\"2 #44ba55d3\" border=\"0 ba55d3\" color=\"#88ba55d3\"> rate:</p>",
      "</column>",
      "<column valign=\"bottom\">",
      "<h2 align=\"left\" shadowed=\"true\" background=\"2 #44ba55d3\" color=\"#ba55d3\">Inter-D</h2>",
      "<p align=\"left\" italic=\"true\" background=\"2 #88ba55d3\" color=\"black\"> 1G E</p>",
      "<p align=\"left\" italic=\"true\" background=\"2 #88ba55d3\" color=\"black\"> 8.1k E/t</p>",
      "</column>",
      "</columns>",
      "</carousel-item>",
      "</carousel>",
      "",
      "---",
      "",
      "  Whoah.",
      "",
      "  How long was I out for? Sometimes the fabric of the universe gets gnarled and snagged, and something aberrant shakes out as the forces-that-be tug and pull it all taught again.",
      "",
      "   I can tell you, being a conduit for that is... unsettling. Be glad it hasn't happend to you.",
      "",
      "   Anyhoo, TechReborn can storage solutions for items, fluids, and energy; all in several tiers."
    ],
    "groups": {
      "Storage": {
        "position": [
          130,
          -260
        ]
      }
    },
    "icon": {
      "item": {
        "id": "techreborn:electronic_circuit",
        "count": 1
      },
      "type": "heracles:item"
    },
    "icon_background": "heracles:textures/gui/quest_backgrounds/diamonds.png",
    "title": {
      "translate": "Tech Reborn Storage"
    }
  },
  "settings": {
    "showDependencyArrow": true,
    "repeatable": false,
    "autoClaimRewards": false,
    "individual_progress": false,
    "hidden": "LOCKED",
    "unlockNotification": false
  }
}