{
  "dependencies": [
    "TR MFSU"
  ],
  "tasks": {
    "TR Interdimensional SU Task0": {
      "type": "heracles:item",
      "item": "techreborn:interdimensional_su",
      "amount": 1,
      "collection": "AUTOMATIC",
      "title": "",
      "icon": {
        "item": {
          "id": "minecraft:air",
          "count": 0
        },
        "type": "heracles:item"
      }
    }
  },
  "rewards": {
    "TR Interdimensional SU Reward0": {
      "title": "",
      "icon": {
        "item": {
          "id": "minecraft:air",
          "count": 0
        },
        "type": "heracles:item"
      },
      "item": {
        "id": "techreborn:iridium_alloy_plate",
        "count": 4
      },
      "type": "heracles:item"
    }
  },
  "display": {
    "subtitle": {
      "text": ""
    },
    "description": [
      "---",
      "",
      "<columns template=\"34 24 46\">",
      "<column>",
      "<p align=\"right\">TechReborn</p>",
      "<h2 align=\"right\">Energy Store</h2>",
      "</column>",
      "<column valign=\"bottom\">",
      "<item id=\"techreborn:interdimensional_su\" scale=\"2\" align=\"right\" background=\"5 #88ba55d3\"></item>",
      "<p align=\"right\" italic=\"true\" background=\"2 #44ba55d3\" border=\"0 ba55d3\" color=\"#88ba55d3\"> max:</p>",
      "<p align=\"right\" italic=\"true\" background=\"2 #44ba55d3\" border=\"0 ba55d3\" color=\"#88ba55d3\"> rate:</p>",
      "</column>",
      "<column valign=\"bottom\">",
      "<h2 align=\"left\" shadowed=\"true\" background=\"2 #44ba55d3\" color=\"#ba55d3\">Inter-D</h2>",
      "<p align=\"left\" italic=\"true\" background=\"2 #88ba55d3\" color=\"black\"> 1G E</p>",
      "<p align=\"left\" italic=\"true\" background=\"2 #88ba55d3\" color=\"black\"> 8.1k E/t</p>",
      "</column>",
      "</columns>",
      "",
      "---"
    ],
    "groups": {
      "Storage": {
        "position": [
          170,
          -60
        ]
      }
    },
    "icon": {
      "item": {
        "id": "techreborn:interdimensional_su",
        "count": 1
      },
      "type": "heracles:item"
    },
    "icon_background": "heracles:textures/gui/quest_backgrounds/default.png",
    "title": {
      "translate": "TR Interdimensional SU"
    }
  },
  "settings": {
    "unlockNotification": false,
    "showDependencyArrow": true,
    "repeatable": false,
    "individual_progress": false,
    "hidden": "LOCKED"
  }
}