{
  "replace": false,
  "values" : [
    {"required": false, "id": "ironchests:dirt_barrel" },
    {"required": false, "id": "ironchests:copper_barrel" },
    {"required": false, "id": "ironchests:iron_barrel" },
    {"required": false, "id": "ironchests:gold_barrel" },
    {"required": false, "id": "ironchests:diamond_barrel" },
    {"required": false, "id": "ironchests:obsidian_barrel" },
    {"required": false, "id": "ironchests:crystal_barrel" },
    {"required": false, "id": "ironchests:netherite_barrel" }
  ]
}
