{
	"type": "minecraft:block",
	"pools": [
		{
			"rolls": 1,
			"entries": [
				{
					"type": "minecraft:item",
					"name": "mythicupgrades:sapphire",
					"functions": [
						{
							"function": "minecraft:set_count",
							"count": {
								"min": 1.0,
								"max": 2.0,
								"type": "minecraft:uniform"
							}
						},
						{
							"function": "minecraft:apply_bonus",
							"enchantment": "minecraft:fortune",
							"formula": "minecraft:ore_drops"
						},
						{
							"function": "minecraft:explosion_decay"
						}
					]
				}
			]
		},
		{
			"rolls": 1,
			"entries": [
				{
					"type": "minecraft:item",
					"name": "techreborn:peridot_gem",
					"functions": [
						{
							"function": "minecraft:set_count",
							"count": {
								"min": 0.0,
								"max": 1.0,
								"type": "minecraft:uniform"
							}
						},
						{
							"function": "minecraft:apply_bonus",
							"enchantment": "minecraft:fortune",
							"formula": "minecraft:ore_drops"
						},
						{
							"function": "minecraft:explosion_decay"
						}
					]
				}
			]
		}
	]
}