{
  "dependencies": [
    "Andesite Alloy"
  ],
  "tasks": {
    "56A29EFD21A45310": {
      "type": "heracles:item",
      "item": "create:belt_connector",
      "amount": 8,
      "collection": "AUTOMATIC",
      "title": "",
      "icon": {
        "item": {
          "id": "minecraft:air",
          "count": 0
        },
        "type": "heracles:item"
      }
    }
  },
  "rewards": {
    "1217EEBF15A922C9": {
      "icon": {
        "item": {
          "id": "minecraft:air",
          "count": 0
        },
        "type": "heracles:item"
      },
      "xptype": "LEVEL",
      "amount": 5,
      "title": "",
      "type": "heracles:xp"
    },
    "398B4C3C4FA571FF": {
      "title": "",
      "icon": {
        "item": {
          "id": "minecraft:air",
          "count": 0
        },
        "type": "heracles:item"
      },
      "item": {
        "id": "minecraft:kelp",
        "count": 64
      },
      "type": "heracles:item"
    },
    "18CE6AA6D3C60E07": {
      "title": "",
      "icon": {
        "item": {
          "id": "minecraft:air",
          "count": 0
        },
        "type": "heracles:item"
      },
      "item": {
        "id": "lootbags:loot_bag",
        "count": 1,
        "nbt": {
          "Type": "COMMON",
          "Color": 15576960,
          "Loot": "aof:loot_bags/create/common",
          "Name": "Create Common Lootbag"
        }
      },
      "type": "heracles:item"
    }
  },
  "display": {
    "subtitle": {
      "translate": "You don't put these in your trousers"
    },
    "description": [
      "<h2>You don't put these in your trousers</h2>",
      "---",
      "> Mechanical Belts have two purpose:",
      "> First is that it can move items",
      "> Second is that it can transfer rotational power",
      "---"
    ],
    "groups": {
      "Create": {
        "position": [
          0,
          80
        ]
      }
    },
    "icon": {
      "item": {
        "id": "create:belt_connector",
        "count": 1
      },
      "type": "heracles:item"
    },
    "icon_background": "heracles:textures/gui/quest_backgrounds/default.png",
    "title": {
      "translate": "Just like in the factories"
    }
  },
  "settings": {
    "unlockNotification": false,
    "showDependencyArrow": true,
    "repeatable": false,
    "individual_progress": false,
    "hidden": "LOCKED"
  }
}