{
  "dependencies": [
    "Attribute Filter"
  ],
  "tasks": {
    "43D789B3D3A4BE27": {
      "type": "heracles:item",
      "item": "create:brass_funnel",
      "amount": 1,
      "collection": "AUTOMATIC",
      "title": "",
      "icon": {
        "item": {
          "id": "minecraft:air",
          "count": 0
        },
        "type": "heracles:item"
      }
    }
  },
  "rewards": {
    "0FABCA33426406C6": {
      "title": "",
      "icon": {
        "item": {
          "id": "minecraft:air",
          "count": 0
        },
        "type": "heracles:item"
      },
      "item": {
        "id": "lootbags:loot_bag",
        "count": 1,
        "nbt": {
          "Type": "RARE",
          "Color": 15576960,
          "Loot": "aof:loot_bags/create/rare",
          "Name": "Create Rare Lootbag"
        }
      },
      "type": "heracles:item"
    }
  },
  "display": {
    "subtitle": {
      "translate": "Andesite Funnel, but better"
    },
    "description": [
      "<h2>Andesite Funnel, but better</h2>",
      "---"
    ],
    "groups": {
      "Create": {
        "position": [
          64,
          256
        ]
      }
    },
    "icon": {
      "item": {
        "id": "create:brass_funnel",
        "count": 1
      },
      "type": "heracles:item"
    },
    "icon_background": "heracles:textures/gui/quest_backgrounds/default.png",
    "title": {
      "translate": "Brass Funnel"
    }
  },
  "settings": {
    "unlockNotification": false,
    "showDependencyArrow": true,
    "repeatable": false,
    "individual_progress": false,
    "hidden": "LOCKED"
  }
}