{
  "dependencies": [
    "Measuring Tools"
  ],
  "tasks": {
    "418FE5A825CCB147": {
      "type": "heracles:item",
      "item": "create:crafting_blueprint",
      "amount": 1,
      "collection": "AUTOMATIC",
      "title": "",
      "icon": {
        "item": {
          "id": "minecraft:air",
          "count": 0
        },
        "type": "heracles:item"
      }
    }
  },
  "rewards": {
    "23286979E10F6999": {
      "icon": {
        "item": {
          "id": "minecraft:air",
          "count": 0
        },
        "type": "heracles:item"
      },
      "xptype": "LEVEL",
      "amount": 5,
      "title": "",
      "type": "heracles:xp"
    },
    "1DDC4E3B445257FF": {
      "title": "",
      "icon": {
        "item": {
          "id": "minecraft:air",
          "count": 0
        },
        "type": "heracles:item"
      },
      "item": {
        "id": "lootbags:loot_bag",
        "count": 1,
        "nbt": {
          "Type": "COMMON",
          "Color": 15576960,
          "Loot": "aof:loot_bags/create/common",
          "Name": "Create Common Lootbag"
        }
      },
      "type": "heracles:item"
    }
  },
  "display": {
    "subtitle": {
      "translate": "It's not the endgame autocrafting, but it's close enough"
    },
    "description": [
      "<h2>It's not the endgame autocrafting, but it's close enough</h2>",
      "---",
      "Crafting &&bBlueprints &&rcan be used to craft a &&bTemplate &&ryou placed on the blueprint without placing the items on the crafting Menu. Convenient while you still don't have an ME system.",
      "---"
    ],
    "groups": {
      "Create": {
        "position": [
          -128,
          16
        ]
      }
    },
    "icon": {
      "item": {
        "id": "create:crafting_blueprint",
        "count": 1
      },
      "type": "heracles:item"
    },
    "icon_background": "heracles:textures/gui/quest_backgrounds/default.png",
    "title": {
      "translate": "Crafting Blueprint"
    }
  },
  "settings": {
    "unlockNotification": false,
    "showDependencyArrow": true,
    "repeatable": false,
    "individual_progress": false,
    "hidden": "LOCKED"
  }
}