{
  "dependencies": [
    "Copper Casing"
  ],
  "tasks": {
    "2FE59458C9981F42": {
      "type": "heracles:item",
      "item": "create:fluid_tank",
      "amount": 1,
      "collection": "AUTOMATIC",
      "title": "",
      "icon": {
        "item": {
          "id": "minecraft:air",
          "count": 0
        },
        "type": "heracles:item"
      }
    }
  },
  "rewards": {
    "2F51E2F9BC99552D": {
      "title": "",
      "icon": {
        "item": {
          "id": "minecraft:air",
          "count": 0
        },
        "type": "heracles:item"
      },
      "item": {
        "id": "lootbags:loot_bag",
        "count": 1,
        "nbt": {
          "Type": "COMMON",
          "Color": 15576960,
          "Loot": "aof:loot_bags/create/common",
          "Name": "Create Common Lootbag"
        }
      },
      "type": "heracles:item"
    }
  },
  "display": {
    "subtitle": {
      "translate": "Fluid Storage"
    },
    "description": [
      "<h2>Fluid Storage</h2>",
      "---"
    ],
    "groups": {
      "Create": {
        "position": [
          192,
          160
        ]
      }
    },
    "icon": {
      "item": {
        "id": "create:fluid_tank",
        "count": 1
      },
      "type": "heracles:item"
    },
    "icon_background": "heracles:textures/gui/quest_backgrounds/default.png",
    "title": {
      "translate": "Fluid Tank"
    }
  },
  "settings": {
    "unlockNotification": false,
    "showDependencyArrow": true,
    "repeatable": false,
    "individual_progress": false,
    "hidden": "LOCKED"
  }
}