{
  "dependencies": [
    "Mechanical Press",
    "Andesite Funnel"
  ],
  "tasks": {
    "3BD7EB5A4BE1F97C": {
      "type": "heracles:item",
      "item": "create:item_vault",
      "amount": 1,
      "collection": "AUTOMATIC",
      "title": "",
      "icon": {
        "item": {
          "id": "minecraft:air",
          "count": 0
        },
        "type": "heracles:item"
      }
    }
  },
  "rewards": {
    "29B7CA2294F20339": {
      "title": "",
      "icon": {
        "item": {
          "id": "minecraft:air",
          "count": 0
        },
        "type": "heracles:item"
      },
      "item": {
        "id": "lootbags:loot_bag",
        "count": 1,
        "nbt": {
          "Type": "COMMON",
          "Color": 15576960,
          "Loot": "aof:loot_bags/create/common",
          "Name": "Create Common Lootbag"
        }
      },
      "type": "heracles:item"
    }
  },
  "display": {
    "subtitle": {
      "translate": "No, this is All of Fabric."
    },
    "description": [
      "<h2>No, this is All of Fabric.</h2>",
      "---"
    ],
    "groups": {
      "Create": {
        "position": [
          64,
          80
        ]
      }
    },
    "icon": {
      "item": {
        "id": "create:item_vault",
        "count": 1
      },
      "type": "heracles:item"
    },
    "icon_background": "heracles:textures/gui/quest_backgrounds/default.png",
    "title": {
      "translate": "Item Vault"
    }
  },
  "settings": {
    "unlockNotification": false,
    "showDependencyArrow": true,
    "repeatable": false,
    "individual_progress": false,
    "hidden": "LOCKED"
  }
}