{
  "dependencies": [
    "Deployer"
  ],
  "tasks": {
    "357E032E895E7510": {
      "type": "heracles:item",
      "item": "create:precision_mechanism",
      "amount": 1,
      "collection": "AUTOMATIC",
      "title": "",
      "icon": {
        "item": {
          "id": "minecraft:air",
          "count": 0
        },
        "type": "heracles:item"
      }
    }
  },
  "rewards": {
    "59E64FFE6EFE09C2": {
      "title": "",
      "icon": {
        "item": {
          "id": "minecraft:air",
          "count": 0
        },
        "type": "heracles:item"
      },
      "item": {
        "id": "lootbags:loot_bag",
        "count": 1,
        "nbt": {
          "Type": "EPIC",
          "Color": 15576960,
          "Loot": "aof:loot_bags/create/epic",
          "Name": "Create Epic Lootbag"
        }
      },
      "type": "heracles:item"
    }
  },
  "display": {
    "subtitle": {
      "text": ""
    },
    "description": [
      "---"
    ],
    "groups": {
      "Create": {
        "position": [
          448,
          -48
        ]
      }
    },
    "icon": {
      "item": {
        "id": "create:precision_mechanism",
        "count": 1
      },
      "type": "heracles:item"
    },
    "icon_background": "heracles:textures/gui/quest_backgrounds/default.png",
    "title": {
      "translate": "Precision Mechanism"
    }
  },
  "settings": {
    "unlockNotification": false,
    "showDependencyArrow": true,
    "repeatable": false,
    "individual_progress": false,
    "hidden": "LOCKED"
  }
}