{
  "dependencies": [
    "Schematic and Quill"
  ],
  "tasks": {
    "327E02A860C477B0": {
      "type": "heracles:item",
      "item": "create:schematicannon",
      "amount": 1,
      "collection": "AUTOMATIC",
      "title": "",
      "icon": {
        "item": {
          "id": "minecraft:air",
          "count": 0
        },
        "type": "heracles:item"
      }
    },
    "269723EDD5279715": {
      "type": "heracles:item",
      "item": "create:schematic_table",
      "amount": 1,
      "collection": "AUTOMATIC",
      "title": "",
      "icon": {
        "item": {
          "id": "minecraft:air",
          "count": 0
        },
        "type": "heracles:item"
      }
    }
  },
  "rewards": {
    "2E9490114C5D2520": {
      "title": "",
      "icon": {
        "item": {
          "id": "minecraft:air",
          "count": 0
        },
        "type": "heracles:item"
      },
      "item": {
        "id": "minecraft:gunpowder",
        "count": 32
      },
      "type": "heracles:item"
    },
    "2468D8DF9C39352C": {
      "title": "",
      "icon": {
        "item": {
          "id": "minecraft:air",
          "count": 0
        },
        "type": "heracles:item"
      },
      "item": {
        "id": "lootbags:loot_bag",
        "count": 2,
        "nbt": {
          "Type": "COMMON",
          "Color": 15576960,
          "Loot": "aof:loot_bags/create/common",
          "Name": "Create Common Lootbag"
        }
      },
      "type": "heracles:item"
    }
  },
  "display": {
    "subtitle": {
      "translate": "It's like litematica, but with a cannon"
    },
    "description": [
      "<h2>It's like litematica, but with a cannon</h2>",
      "---"
    ],
    "groups": {
      "Create": {
        "position": [
          -192,
          80
        ]
      }
    },
    "icon": {
      "item": {
        "id": "create:schematicannon",
        "count": 1
      },
      "type": "heracles:item"
    },
    "icon_background": "heracles:textures/gui/quest_backgrounds/default.png",
    "title": {
      "translate": "Cannonball"
    }
  },
  "settings": {
    "unlockNotification": false,
    "showDependencyArrow": true,
    "repeatable": false,
    "individual_progress": false,
    "hidden": "LOCKED"
  }
}