{
  "dependencies": [
    "Attribute Filter"
  ],
  "tasks": {
    "2A3ACB440D93F24D": {
      "type": "heracles:item",
      "item": "create:smart_chute",
      "amount": 1,
      "collection": "AUTOMATIC",
      "title": "",
      "icon": {
        "item": {
          "id": "minecraft:air",
          "count": 0
        },
        "type": "heracles:item"
      }
    }
  },
  "rewards": {
    "077DE0792FB90191": {
      "title": "",
      "icon": {
        "item": {
          "id": "minecraft:air",
          "count": 0
        },
        "type": "heracles:item"
      },
      "item": {
        "id": "lootbags:loot_bag",
        "count": 1,
        "nbt": {
          "Type": "RARE",
          "Color": 15576960,
          "Loot": "aof:loot_bags/create/rare",
          "Name": "Create Rare Lootbag"
        }
      },
      "type": "heracles:item"
    }
  },
  "display": {
    "subtitle": {
      "translate": "I choose what I suck and blow"
    },
    "description": [
      "<h2>I choose what I suck and blow</h2>",
      "---"
    ],
    "groups": {
      "Create": {
        "position": [
          0,
          256
        ]
      }
    },
    "icon": {
      "item": {
        "id": "create:smart_chute",
        "count": 1
      },
      "type": "heracles:item"
    },
    "icon_background": "heracles:textures/gui/quest_backgrounds/default.png",
    "title": {
      "translate": "Smart Chute"
    }
  },
  "settings": {
    "unlockNotification": false,
    "showDependencyArrow": true,
    "repeatable": false,
    "individual_progress": false,
    "hidden": "LOCKED"
  }
}