{
  "dependencies": [
    "Fluid Transport"
  ],
  "tasks": {
    "494AEF60DD62281A": {
      "type": "heracles:item",
      "item": "create:sweet_roll",
      "amount": 1,
      "collection": "AUTOMATIC",
      "title": "",
      "icon": {
        "item": {
          "id": "minecraft:air",
          "count": 0
        },
        "type": "heracles:item"
      }
    }
  },
  "rewards": {
    "575B52C987AC7222": {
      "title": "",
      "icon": {
        "item": {
          "id": "minecraft:air",
          "count": 0
        },
        "type": "heracles:item"
      },
      "item": {
        "id": "lootbags:loot_bag",
        "count": 1,
        "nbt": {
          "Type": "RARE",
          "Color": 15576960,
          "Loot": "aof:loot_bags/create/rare",
          "Name": "Create Rare Lootbag"
        }
      },
      "type": "heracles:item"
    }
  },
  "display": {
    "subtitle": {
      "translate": "A Bethesda Staple"
    },
    "description": [
      "<h2>A Bethesda Staple</h2>",
      "---"
    ],
    "groups": {
      "Create": {
        "position": [
          256,
          256
        ]
      }
    },
    "icon": {
      "item": {
        "id": "create:sweet_roll",
        "count": 1
      },
      "type": "heracles:item"
    },
    "icon_background": "heracles:textures/gui/quest_backgrounds/default.png",
    "title": {
      "translate": "Sweet Roll"
    }
  },
  "settings": {
    "unlockNotification": false,
    "showDependencyArrow": true,
    "repeatable": false,
    "individual_progress": false,
    "hidden": "LOCKED"
  }
}
