{
  "dependencies": [
    "Railway Casing",
    "Create Track"
  ],
  "tasks": {
    "7EC6DB89045723DE": {
      "type": "heracles:item",
      "item": "create:controls",
      "amount": 1,
      "collection": "AUTOMATIC",
      "title": "",
      "icon": {
        "item": {
          "id": "minecraft:air",
          "count": 0
        },
        "type": "heracles:item"
      }
    },
    "37D1FF8ECA160E23": {
      "type": "heracles:item",
      "item": "create:track_station",
      "amount": 1,
      "collection": "AUTOMATIC",
      "title": "",
      "icon": {
        "item": {
          "id": "minecraft:air",
          "count": 0
        },
        "type": "heracles:item"
      }
    }
  },
  "rewards": {
    "2992FD7FC9922899": {
      "title": "",
      "icon": {
        "item": {
          "id": "minecraft:air",
          "count": 0
        },
        "type": "heracles:item"
      },
      "item": {
        "id": "create:schedule",
        "count": 1
      },
      "type": "heracles:item"
    },
    "374CE0AA020014CB": {
      "title": "",
      "icon": {
        "item": {
          "id": "minecraft:air",
          "count": 0
        },
        "type": "heracles:item"
      },
      "item": {
        "id": "lootbags:loot_bag",
        "count": 1,
        "nbt": {
          "Type": "LEGENDARY",
          "Color": 15576960,
          "Loot": "aof:loot_bags/create/legendary",
          "Name": "Create Legendary Lootbag"
        }
      },
      "type": "heracles:item"
    },
    "6C2DD9A128651BB4": {
      "title": "",
      "icon": {
        "item": {
          "id": "minecraft:air",
          "count": 0
        },
        "type": "heracles:item"
      },
      "item": {
        "id": "minecraft:lead",
        "count": 1
      },
      "type": "heracles:item"
    },
    "75EC0195740DB95A": {
      "title": "",
      "icon": {
        "item": {
          "id": "minecraft:air",
          "count": 0
        },
        "type": "heracles:item"
      },
      "item": {
        "id": "create:red_seat",
        "count": 1
      },
      "type": "heracles:item"
    }
  },
  "display": {
    "subtitle": {
      "text": ""
    },
    "description": [
      "---"
    ],
    "groups": {
      "Create": {
        "position": [
          576,
          16
        ]
      }
    },
    "icon": {
      "item": {
        "id": "create:controls",
        "count": 1
      },
      "type": "heracles:item"
    },
    "icon_background": "heracles:textures/gui/quest_backgrounds/default.png",
    "title": {
      "translate": "Train Station: Part 1"
    }
  },
  "settings": {
    "unlockNotification": false,
    "showDependencyArrow": true,
    "repeatable": false,
    "individual_progress": false,
    "hidden": "LOCKED"
  }
}