{
  "dependencies": [],
  "tasks": {
    "795D749CAC452D48": {
      "type": "heracles:item",
      "item": "#advancednetherite:tiers/armor",
      "amount": 1,
      "collection": "AUTOMATIC"
    }
  },
  "rewards": {
    "52ED16348FDFD65A": {
      "item": {
        "id": "lootbags:loot_bag",
        "count": 1,
        "nbt": {
          "Type": "LEGENDARY",
          "Color": 16103753,
          "Loot": "aof:loot_bags/misc/artifacts",
          "Name": "Artifact Lootbag"
        }
      },
      "type": "heracles:item"
    }
  },
  "display": {
    "subtitle": {
      "translate": "Every Netherite tier has its own unique properties."
    },
    "description": [
      "<h2>Every Netherite tier has its own unique properties.</h2>",
      "---"
    ],
    "groups": {
      "Tools and Armory": {
        "position": [
          -254,
          -45
        ]
      }
    },
    "icon": {
      "item": "#advancednetherite:tiers/armor",
      "type": "heracles:item"
    },
    "icon_background": "heracles:textures/gui/quest_backgrounds/default.png",
    "title": {
      "translate": "§cAdvanced Netherite"
    }
  },
  "settings": {
    "showDependencyArrow": true,
    "repeatable": false,
    "autoClaimRewards": false,
    "individual_progress": false,
    "hidden": "LOCKED",
    "unlockNotification": false
  }
}