{
  "dependencies": [],
  "tasks": {
    "3F481DAC528F0A17": {
      "type": "heracles:item",
      "item": "techreborn:advanced_chainsaw",
      "amount": 1,
      "collection": "AUTOMATIC"
    },
    "0C330A4FB95CF932": {
      "type": "heracles:item",
      "item": "techreborn:advanced_drill",
      "amount": 1,
      "collection": "AUTOMATIC"
    },
    "0ADB3F49D2FA16CF": {
      "type": "heracles:item",
      "item": "techreborn:advanced_jackhammer",
      "amount": 1,
      "collection": "AUTOMATIC"
    }
  },
  "rewards": {
    "611ADE0A36B53A8D": {
      "item": {
        "id": "lootbags:loot_bag",
        "count": 1,
        "nbt": {
          "Type": "RARE",
          "Color": 3706623,
          "Loot": "aof:loot_bags/tech_reborn/rare",
          "Name": "Tech Reborn Rare Lootbag"
        }
      },
      "type": "heracles:item"
    }
  },
  "display": {
    "subtitle": {
      "text": ""
    },
    "description": [
      "---",
      "Advanced Drill is an advanced version of Basic Drill and works same as Diamond Pickaxe or Diamond Shovel.",
      "",
      "Advanced Chainsaw is a more advanced chainsaw compare to Basic Chainsaw.",
      "",
      "Advanced Jackhammer is a more advanced version of Basic Jackhammer. Advanced Jackhammer is capable of 3×3 mining when set to active.",
      "---"
    ],
    "groups": {
      "Tools and Armory": {
        "position": [
          -61,
          44
        ]
      }
    },
    "icon": {
      "item": {
        "id": "techreborn:advanced_drill",
        "count": 1
      },
      "type": "heracles:item"
    },
    "icon_background": "heracles:textures/gui/quest_backgrounds/default.png",
    "title": {
      "translate": "Advanced Tools"
    }
  },
  "settings": {
    "showDependencyArrow": true,
    "repeatable": false,
    "autoClaimRewards": false,
    "individual_progress": false,
    "hidden": "LOCKED",
    "unlockNotification": false
  }
}