{
  "dependencies": [],
  "tasks": {
    "2468CAEE0E3DFE45": {
      "title": "Block Variations",
      "type": "heracles:check"
    }
  },
  "rewards": {},
  "display": {
    "subtitle": {
      "translate": "Blocks as far as the eye can see!"
    },
    "description": [
      "<h2>Blocks as far as the eye can see!</h2>",
      "---",
      "There are plenty of options of blocks to build with, with options from not only Chisel, Chipped and Chisels n Bits, but also from Blockus, Architect's Palette, and other cool mods!"
    ],
    "groups": {
      "Tools and Armory": {
        "position": [
          0,
          -140
        ]
      }
    },
    "icon": {
      "item": {
        "id": "heracles:quest_book",
        "count": 1
      },
      "type": "heracles:item"
    },
    "icon_background": "heracles:textures/gui/quest_backgrounds/diamonds.png",
    "title": {
      "translate": "Block Variations"
    }
  },
  "settings": {
    "showDependencyArrow": true,
    "repeatable": false,
    "autoClaimRewards": false,
    "individual_progress": false,
    "hidden": "LOCKED",
    "unlockNotification": false
  }
}