{
  "dependencies": [
    "parts"
  ],
  "tasks": {
    "Cast-away": {
      "type": "heracles:item",
      "item": "#tconstruct:casts/gold",
      "amount": 3,
      "collection": "AUTOMATIC",
      "title": "Make any 3 Gold Casts"
    }
  },
  "rewards": {
    "Tinker Casting Reward": {
      "item": {
        "id": "tconstruct:molten_amethyst_bronze_bucket",
        "count": 1
      },
      "type": "heracles:item"
    }
  },
  "display": {
    "subtitle": {
      "text": ""
    },
    "description": [
      "<hr/>",
      "<br/>",
      "<h1 style='align:center;italic'>Casts Away!</h1>",
      "<br/>",
      "<p>&#32; There are sand cast blanks that are cheap and good for one use only. Gold casts last, but must themselves be made by pouring molten gold over an part or item.</p>",
      "<br/>",
      "<columns>",
      "<column>",
      "<item style='id:tconstruct:small_blade_sand_cast;scale:3'>&#32;</item>",
      "</column>",
      "<column>",
      "<item style='id:tconstruct:ingot_cast;scale:3'>&#32;</item>",
      "</column>",
      "<column>",
      "<item style='id:tconstruct:hammer_head_red_sand_cast;scale:3'>&#32;</item>",
      "</column>",
      "</columns>",
      "<br/>",
      "<br/>",
      "<p>&#32; A Cast Chest is handy for storing your casts, and also shares it's UI with the other tables placed alongside.</p>",
      "<br/>",
      "<item style='id:tconstruct:cast_chest;scale:4'>&#32;</item>",
      "<br/>",
      "<hr/>"
    ],
    "groups": {
      "Tools and Armory": {
        "position": [
          23,
          142
        ]
      }
    },
    "icon": {
      "item": "#tconstruct:casts/gold",
      "type": "heracles:item"
    },
    "icon_background": "heracles:textures/gui/quest_backgrounds/default.png",
    "title": {
      "translate": "Casts"
    }
  },
  "settings": {
    "unlockNotification": false,
    "showDependencyArrow": true,
    "repeatable": false,
    "individual_progress": false,
    "hidden": "LOCKED"
  }
}