{
  "dependencies": [
    "smeltery"
  ],
  "tasks": {
    "Use a Foundry": {
      "block": "tconstruct:foundry_controller",
      "state": {},
      "type": "heracles:block_interaction"
    }
  },
  "rewards": {
    "Foundry Reward": {
      "item": {
        "id": "tconstruct:molten_refined_glowstone_bucket",
        "count": 1
      },
      "type": "heracles:item"
    }
  },
  "display": {
    "subtitle": {
      "text": ""
    },
    "description": [
      "---",
      "",
      "<h1 align=\"center\">Foundry</h1>",
      "",
      "<p align=\"center\">/ˈfoundrē/</p>",
      "",
      "<p align=\"center\"><i>a workshop or factory for casting metal.</i></p>",
      "",
      "<item id=\"tconstruct:foundry_controller\" scale=\"4\" />",
      "",
      "<p align=\"center\">Unalloyed. For your pleasure.</p>",
      "",
      "<h1 align=\"center\">🤘</h1>",
      "",
      "---"
    ],
    "groups": {
      "Tools and Armory": {
        "position": [
          115,
          142
        ]
      }
    },
    "icon": {
      "item": "#tconstruct:foundry",
      "type": "heracles:item"
    },
    "icon_background": "heracles:textures/gui/quest_backgrounds/default.png",
    "title": {
      "translate": "Foundry"
    }
  },
  "settings": {
    "unlockNotification": false,
    "showDependencyArrow": true,
    "repeatable": false,
    "individual_progress": false,
    "hidden": "LOCKED"
  }
}