{
  "dependencies": [],
  "tasks": {
    "6C643470AFDDBCA8": {
      "type": "heracles:item",
      "item": "techreborn:industrial_drill",
      "amount": 1,
      "collection": "AUTOMATIC"
    },
    "53482D59ADAE2691": {
      "type": "heracles:item",
      "item": "techreborn:industrial_chainsaw",
      "amount": 1,
      "collection": "AUTOMATIC"
    },
    "25E72AB0C71E8D5F": {
      "type": "heracles:item",
      "item": "techreborn:industrial_jackhammer",
      "amount": 1,
      "collection": "AUTOMATIC"
    }
  },
  "rewards": {
    "7D6B7C6B76782BCC": {
      "item": {
        "id": "lootbags:loot_bag",
        "count": 1,
        "nbt": {
          "Type": "EPIC",
          "Color": 3706623,
          "Loot": "aof:loot_bags/tech_reborn/epic",
          "Name": "Tech Reborn Epic Lootbag"
        }
      },
      "type": "heracles:item"
    }
  },
  "display": {
    "subtitle": {
      "text": ""
    },
    "description": [
      "---",
      "Industrial Drill is a most powerfull drill. It can do AOE mining in 3×3 area. It has 1.000.000 Energy storage. ",
      "",
      "Industrial Chainsaw is a top tier chainsaw.  It has 1M Energy storage. Chainsaw could be used as a replacement for Diamond Axe and able to chop down whole tree at once. It will cost 150 Energy to break one block.",
      "",
      "Industrial Jackhammer is a top tier JackHammer.  It has 1M energy storage.  Industrial Jackhammer is capable of 3×3 and 5×5 AoE mining when set to active. It will cost 150 energy to break one block.",
      "---"
    ],
    "groups": {
      "Tools and Armory": {
        "position": [
          -23,
          71
        ]
      }
    },
    "icon": {
      "item": {
        "id": "techreborn:industrial_chainsaw",
        "count": 1
      },
      "type": "heracles:item"
    },
    "icon_background": "heracles:textures/gui/quest_backgrounds/default.png",
    "title": {
      "translate": "Industrial Tools"
    }
  },
  "settings": {
    "showDependencyArrow": true,
    "repeatable": false,
    "autoClaimRewards": false,
    "individual_progress": false,
    "hidden": "LOCKED",
    "unlockNotification": false
  }
}