{
  "dependencies": [],
  "tasks": {
    "3EC5A10FAA01134D": {
      "type": "heracles:item",
      "item": "indrev:modular_armor_chest",
      "amount": 1,
      "collection": "AUTOMATIC"
    },
    "163EF88F92507BF1": {
      "type": "heracles:item",
      "item": "indrev:modular_armor_legs",
      "amount": 1,
      "collection": "AUTOMATIC"
    },
    "0A1F047C42BCE9CC": {
      "type": "heracles:item",
      "item": "indrev:modular_armor_boots",
      "amount": 1,
      "collection": "AUTOMATIC"
    },
    "5E654EBB4577464B": {
      "type": "heracles:item",
      "item": "indrev:modular_armor_helmet",
      "amount": 1,
      "collection": "AUTOMATIC"
    }
  },
  "rewards": {
    "4FACAFE5C8B57182": {
      "item": {
        "id": "lootbags:loot_bag",
        "count": 1,
        "nbt": {
          "Type": "RARE",
          "Color": 8090608,
          "Loot": "aof:loot_bags/ind_rev/rare",
          "Name": "Industrial Revolution Rare Lootbag"
        }
      },
      "type": "heracles:item"
    }
  },
  "display": {
    "subtitle": {
      "translate": "Smash modules on it!"
    },
    "description": [
      "<h2>Smash modules on it!</h2>",
      "---",
      "The Modular Armor is, on its own, not much, but when you install modules, it can become very powerful!",
      "",
      "Notice that installing modules cost time and some energy!",
      "---"
    ],
    "groups": {
      "Tools and Armory": {
        "position": [
          -254,
          45
        ]
      }
    },
    "icon": {
      "item": {
        "id": "indrev:modular_armor_chest",
        "count": 1
      },
      "type": "heracles:item"
    },
    "icon_background": "heracles:textures/gui/quest_backgrounds/default.png",
    "title": {
      "translate": "Modular Armory"
    }
  },
  "settings": {
    "showDependencyArrow": true,
    "repeatable": false,
    "autoClaimRewards": false,
    "individual_progress": false,
    "hidden": "LOCKED",
    "unlockNotification": false
  }
}