{
  "dependencies": [
    "tables"
  ],
  "tasks": {
    "Make Parts": {
      "advancements": [
        "tconstruct:tools/make_part"
      ],
      "type": "heracles:advancement"
    }
  },
  "rewards": {
    "Tinker Toys Reward": {
      "item": {
        "id": "tconstruct:molten_rose_gold_bucket",
        "count": 1
      },
      "type": "heracles:item"
    }
  },
  "display": {
    "subtitle": {
      "text": ""
    },
    "description": [
      "<hr/>",
      "<br/>",
      "<p align='center'>The Whole Shall be Greater Than the Sum of Its</p>",
      "<br/>",
      "<h1 style='align:center;i'>Parts</h1>",
      "<br/>",
      "<br/>",
      "<p>&#32; Hephaestus enables you to make several kinds of parts from a broad array of materials. Here is a small selection of five species of parts wrought from several materials:</p>",
      "<br/>",
      "<carousel>",
      "<carousel-item>",
      "<columns template='40 20 40'>",
      "<column>",
      "<columns>",
      "<column valign='top'>",
      "<item style='id:tconstruct:repair_kit;tag:{Material:&#39;tconstruct:enderslime&#39;};scale:2'></item>",
      "<p align='center'>Ender Slime</p>",
      "</column>",
      "<column valign='top'>",
      "<item style='id:tconstruct:pick_head;tag:{Material:&#39;hephaestusplus:terrasteel&#39;};scale:2'></item>",
      "<p align='center'>Terrasteel</p>",
      "</column>",
      "</columns>",
      "</column>",
      "<column valign='top'>",
      "<item style='id:tconstruct:broad_axe_head;tag:{Material:&#39;hephaestusplus:manasteel&#39;};scale:2'></item>",
      "<p align='center'>Manasteel</p>",
      "</column>",
      "<column>",
      "<columns>",
      "<column valign='top'>",
      "<item style='id:tconstruct:broad_blade;tag:{Material:&#39;tconstruct:bloodbone&#39;};scale:2'></item>",
      "<p align='center'>Bloodbone</p>",
      "</column>",
      "<column valign='top'>",
      "<item style='id:tconstruct:tool_binding;tag:{Material:&#39;tconstruct:blazing_bone&#39;};scale:2'></item>",
      "<p align='center'>Blazing Bone</p>",
      "</column>",
      "</columns>",
      "</column>",
      "</columns>",
      "</carousel-item>",
      "<carousel-item>",
      "<columns template='40 20 40'>",
      "<column>",
      "<columns>",
      "<column valign='top'>",
      "<item style='id:tconstruct:repair_kit;tag:{Material:&#39;tconstruct:rose_gold&#39;};scale:2'></item>",
      "<p align='center'>Rose Gold</p>",
      "</column>",
      "<column valign='top'>",
      "<item style='id:tconstruct:pick_head;tag:{Material:&#39;tconstruct:slimewood&#39;};scale:2'></item>",
      "<p align='center'>Slimewood</p>",
      "</column>",
      "</columns>",
      "</column>",
      "<column valign='top'>",
      "<item style='id:tconstruct:broad_axe_head;tag:{Material:&#39;tconstruct:platinum&#39;};scale:2'></item>",
      "<p align='center'>Platinum</p>",
      "</column>",
      "<column>",
      "<columns>",
      "<column valign='top'>",
      "<item style='id:tconstruct:broad_blade;tag:{Material:&#39;tconstruct:electrum&#39;};scale:2'></item>",
      "<p align='center'>Electrum</p>",
      "</column>",
      "<column valign='top'>",
      "<item style='id:tconstruct:tool_binding;tag:{Material:&#39;hephaestusplus:elementium&#39;};scale:2'></item>",
      "<p align='center'>Elementium</p>",
      "</column>",
      "</columns>",
      "</column>",
      "</columns>",
      "</carousel-item>",
      "<carousel-item>",
      "<columns template='40 20 40'>",
      "<column>",
      "<columns>",
      "<column valign='top'>",
      "<item style='id:tconstruct:repair_kit;tag:{Material:&#39;tconstruct:ender_pearl&#39;};scale:2'></item>",
      "<p align='center'>Ender Pearl</p>",
      "</column>",
      "<column valign='top'>",
      "<item style='id:tconstruct:pick_head;tag:{Material:&#39;tconstruct:queens_slime&#39;};scale:2'></item>",
      "<p align='center'>Queen's Slime</p>",
      "</column>",
      "</columns>",
      "</column>",
      "<column valign='top'>",
      "<item style='id:tconstruct:broad_axe_head;tag:{Material:&#39;hephaestusplus:mythril&#39;};scale:2'></item>",
      "<p align='center'>Mythril</p>",
      "</column>",
      "<column>",
      "<columns>",
      "<column valign='top'>",
      "<item style='id:tconstruct:broad_blade;tag:{Material:&#39;hephaestusplus:stormyx&#39;};scale:2'></item>",
      "<p align='center'>Stormyx</p>",
      "</column>",
      "<column valign='top'>",
      "<item style='id:tconstruct:tool_binding;tag:{Material:&#39;tconstruct:osmium&#39;};scale:2'></item>",
      "<p align='center'>Osmium</p>",
      "</column>",
      "</columns>",
      "</column>",
      "</columns>",
      "</carousel-item>",
      "</carousel>",
      "<br/>",
      "<br/>",
      "<br/>",
      "<p>&#32; Where to keep all your parts? A Part Chest, or the more capacious Tinker's Chest, will do for nicely for that. Naturally, they will share there UI with other abutting stations, builders, and chests.</p>",
      "<br/>",
      "<columns>",
      "<column valign='top'>",
      "<item style='id:tconstruct:part_chest;scale:4'>&#32;</item>",
      "<p style='align:center'>Part Chest</p>",
      "</column>",
      "<column valign='top'>",
      "<item style='id:tconstruct:tinkers_chest;scale:4'>&#32;</item>",
      "<p style='align:center'>Tinker's Chest</p>",
      "</column>",
      "</columns>",
      "<br/>",
      "<hr/>"
    ],
    "groups": {
      "Tools and Armory": {
        "position": [
          -23,
          142
        ]
      }
    },
    "icon": {
      "item": "#tconstruct:parts",
      "type": "heracles:item"
    },
    "icon_background": "heracles:textures/gui/quest_backgrounds/default.png",
    "title": {
      "translate": "Parts"
    }
  },
  "settings": {
    "unlockNotification": false,
    "showDependencyArrow": true,
    "repeatable": false,
    "individual_progress": false,
    "hidden": "LOCKED"
  }
}