{
  "dependencies": [
    "hephaestus intro"
  ],
  "tasks": {
    "Advancement Tinker Station": {
      "advancements": [
        "tconstruct:tools/tinker_station"
      ],
      "type": "heracles:advancement"
    }
  },
  "rewards": {
    "Tinker Table Reward": {
      "item": {
        "id": "tconstruct:molten_slimesteel_bucket",
        "count": 1
      },
      "type": "heracles:item"
    }
  },
  "display": {
    "subtitle": {
      "text": ""
    },
    "description": [
      "<hr/>",
      "<br/>",
      "<h2 align='center'>Let's Table This Discussion</h2>",
      "<br/>",
      "<br/>",
      "<p>&#32; Er... let's discuss tables.</p>",
      "<br/>",
      "<p>&#32; You will need at least one of each of three kinds. When placed together, using any one will let you access the UI for all.</p>",
      "<br/>",
      "<br/>",
      "<columns>",
      "<column valign='top'>",
      "<item style='id:tconstruct:crafting_station;scale:4'>&#32;</item>",
      "<p style='align:center;strikethrough'>Crafting Station</p>",
      "<p style='align:center;color:crimson;bold'>OUT OF ORDER<span color=\"goldenrod\">*</span></p>",
      "</column>",
      "<column valign='top'>",
      "<item style='id:tconstruct:part_builder;scale:4'>&#32;</item>",
      "<p align='center'>Parts Builder</p>",
      "</column>",
      "<column valign='top'>",
      "<item style='id:tconstruct:tinker_station;scale:4'>&#32;</item>",
      "<p align='center'>Tinker Station</p>",
      "</column>",
      "</columns>",
      "<br/>",
      "<hr/>",
      "<p><span color=\"goldenrod\">*</span>For now, use the Crafting Station from <i>Enhanced Workbenches</i> instead.</p>"
    ],
    "groups": {
      "Tools and Armory": {
        "position": [
          -69,
          142
        ]
      }
    },
    "icon": {
      "item": "#tconstruct:tables",
      "type": "heracles:item"
    },
    "icon_background": "heracles:textures/gui/quest_backgrounds/default.png",
    "title": {
      "translate": "Tables"
    }
  },
  "settings": {
    "unlockNotification": false,
    "showDependencyArrow": true,
    "repeatable": false,
    "individual_progress": false,
    "hidden": "LOCKED"
  }
}