{
    "cooldown": 60.0,
    "spawnDistance": 0.0,
    "playerDistance": 16.0,
    "pools": [{
            "rolls": {
                "type": "uniform",
                "value": {
                    "min_inclusive": 2,
                    "max_inclusive": 4
                }
            },
            "entries": [{
                    "weight": 2,
                    "entity": "minecells:grenadier"
                }, {
                    "weight": 1,
                    "entity": "minecells:mutated_bat"
                }
            ]
        }
    ]
}
