{
    "cooldown": 60.0,
    "spawnDistance": 0.0,
    "playerDistance": 12.0,
    "pools": [{
            "rolls": {
                "type": "uniform",
                "value": {
                    "min_inclusive": 2,
                    "max_inclusive": 4
                }
            },
            "entries": [{
                    "weight": 4,
                    "entity": "minecells:leaping_zombie"
                }, {
                    "weight": 1,
                    "entity": "minecells:runner"
                }
            ]
        }
    ]
}
