{
  "dependencies": [
    "Soot Redstone"
  ],
  "tasks": {
    "6FD0D261E90790A2": {
      "type": "heracles:item",
      "item": "dml-refabricated:data_model",
      "amount": 1,
      "collection": "AUTOMATIC",
      "title": "",
      "icon": {
        "item": {
          "id": "minecraft:air",
          "count": 0
        },
        "type": "heracles:item"
      }
    }
  },
  "rewards": {
    "640CD95998E28E2D": {
      "title": "",
      "icon": {
        "item": {
          "id": "minecraft:air",
          "count": 0
        },
        "type": "heracles:item"
      },
      "item": {
        "id": "lootbags:loot_bag",
        "count": 1,
        "nbt": {
          "Type": "UNCOMMON",
          "Color": 16747259,
          "Loot": "aof:loot_bags/misc/utilities",
          "Name": "Utilities Lootbag"
        }
      },
      "type": "heracles:item"
    }
  },
  "display": {
    "subtitle": {
      "translate": "To get started with the mod you will need a Blank Data Model."
    },
    "description": [
      "<h2>To get started with the mod you will need a Blank Data Model.</h2>",
      "---",
      "A blank data model does absolutely nothing, you will need to bound it with a Category.",
      "",
      "Categories are (as the name suggests) categories of aggressive mobs in Minecraft.",
      "",
      "Currently, these are the categories:",
      "",
      "- From Hades",
      "Groups common mobs of the Nether.",
      "",
      "- Overworld",
      "Groups common mobs of the Overworld.",
      "",
      "- Slimy",
      "Groups slime-like mobs.",
      "",
      "- Rotten Guys",
      "Groups zombie mobs.",
      "",
      "- Spooky Scary Skeletons",
      "Groups skeletons mobs.",
      "",
      "- End Mobs",
      "Groups common mobs of The End.",
      "",
      "- From Emeritus",
      "Groups Ghost mobs.",
      "",
      "- Illager Mobs",
      "Groups Illager-like mobs.",
      "",
      "- Poseidon Children",
      "Groups ocean mobs.",
      "---"
    ],
    "groups": {
      "Deep Mob Learning": {
        "position": [
          -304,
          -80
        ]
      }
    },
    "icon": {
      "item": {
        "id": "dml-refabricated:data_model",
        "count": 1
      },
      "type": "heracles:item"
    },
    "icon_background": "heracles:textures/gui/quest_backgrounds/default.png",
    "title": {
      "translate": "Blank Data Model"
    }
  },
  "settings": {
    "unlockNotification": false,
    "showDependencyArrow": true,
    "repeatable": false,
    "individual_progress": false,
    "hidden": "LOCKED"
  }
}