{
  "dependencies": [
    "Trial Keystone"
  ],
  "tasks": {
    "763F3B0C76A6CB16": {
      "type": "heracles:item",
      "item": "dml-refabricated:glitch_ingot",
      "amount": 1,
      "collection": "AUTOMATIC",
      "title": "",
      "icon": {
        "item": {
          "id": "minecraft:air",
          "count": 0
        },
        "type": "heracles:item"
      }
    }
  },
  "rewards": {
    "02388A14D1691B7B": {
      "title": "",
      "icon": {
        "item": {
          "id": "minecraft:air",
          "count": 0
        },
        "type": "heracles:item"
      },
      "item": {
        "id": "lootbags:loot_bag",
        "count": 1,
        "nbt": {
          "Type": "UNCOMMON",
          "Color": 16747259,
          "Loot": "aof:loot_bags/misc/utilities",
          "Name": "Utilities Lootbag"
        }
      },
      "type": "heracles:item"
    }
  },
  "display": {
    "subtitle": {
      "translate": "Kill System Glitch, gather Matrix Fragments and craft a Glitch Ingot."
    },
    "description": [
      "<h2>Kill System Glitch, gather Matrix Fragments and craft a Glitch Ingot.</h2>",
      "---",
      "As I said before, you will be facing the System Glitch at your fight, but it is not alone!",
      "",
      "",
      "Higher tiers will have bigger waves, and they will be called faster. So, pay attention to it.",
      "",
      "Sometimes the waves will be enemies even harder than the System Glitch itself.",
      "",
      "Those ingots alone are completely useless. But maybe if you combine with a piece of netherite armor you will get something useful. Try doing it in the Smithing Table.",
      "---"
    ],
    "groups": {
      "Deep Mob Learning": {
        "position": [
          -64,
          -80
        ]
      }
    },
    "icon": {
      "item": {
        "id": "dml-refabricated:glitch_ingot",
        "count": 1
      },
      "type": "heracles:item"
    },
    "icon_background": "heracles:textures/gui/quest_backgrounds/default.png",
    "title": {
      "translate": "Glitch Ingot"
    }
  },
  "settings": {
    "unlockNotification": false,
    "showDependencyArrow": true,
    "repeatable": false,
    "individual_progress": false,
    "hidden": "LOCKED"
  }
}