{
  "dependencies": [
    "DML Machine Casing"
  ],
  "tasks": {
    "79866817A5588058": {
      "type": "heracles:item",
      "item": "dml-refabricated:simulation_chamber",
      "amount": 1,
      "collection": "AUTOMATIC",
      "title": "",
      "icon": {
        "item": {
          "id": "minecraft:air",
          "count": 0
        },
        "type": "heracles:item"
      }
    }
  },
  "rewards": {
    "2604E932DD35A4D8": {
      "title": "",
      "icon": {
        "item": {
          "id": "minecraft:air",
          "count": 0
        },
        "type": "heracles:item"
      },
      "item": {
        "id": "lootbags:loot_bag",
        "count": 1,
        "nbt": {
          "Type": "UNCOMMON",
          "Color": 16747259,
          "Loot": "aof:loot_bags/misc/utilities",
          "Name": "Utilities Lootbag"
        }
      },
      "type": "heracles:item"
    }
  },
  "display": {
    "subtitle": {
      "translate": "Now that you have some Data Models that are leveled up to at least Basic tier, we can move on to the good stuff."
    },
    "description": [
      "<h2>Now that you have some Data Models that are leveled up to at least Basic tier, we can move on to the good stuff.</h2>",
      "---",
      "Provide the Simulation Chamber with energy and place some Polymer Clay in the top right slot that has an E in it.",
      "",
      "Now, you will have to put one of your Data Models into the Simulation Machine.",
      "",
      "Shift left click on a Data Model in your inventory to move it into the Simulation Chamber.",
      "",
      "Once the Simulation Chamber has a Data Model that is a minimum of Basic Tier, some polymer clay, and some energy, it will start running simulations.",
      "",
      "There are 4 types of ordinary matter: Overworldian Matter, Hellish Matter, Extraterrestrial Matter, and Twilight Matter.",
      "",
      "The matter that is produced by a simulation depends on the dimension from which the mob in the Data Model originates.",
      "",
      "For example, an Enderman Data Model produces Extraterrestrial Matter. Holding shift while hovering your mouse over a Data Model will tell you what kind of Data Model it is.",
      "---"
    ],
    "groups": {
      "Deep Mob Learning": {
        "position": [
          -320,
          16
        ]
      }
    },
    "icon": {
      "item": {
        "id": "dml-refabricated:simulation_chamber",
        "count": 1
      },
      "type": "heracles:item"
    },
    "icon_background": "heracles:textures/gui/quest_backgrounds/default.png",
    "title": {
      "translate": "Simulation Chamber"
    }
  },
  "settings": {
    "unlockNotification": false,
    "showDependencyArrow": true,
    "repeatable": false,
    "individual_progress": false,
    "hidden": "LOCKED"
  }
}