{
  "dependencies": [
    "Deep Learner"
  ],
  "tasks": {
    "1712246FD3D1B782": {
      "type": "heracles:item",
      "item": "dml-refabricated:trial_key",
      "amount": 1,
      "collection": "AUTOMATIC",
      "title": "",
      "icon": {
        "item": {
          "id": "minecraft:air",
          "count": 0
        },
        "type": "heracles:item"
      }
    }
  },
  "rewards": {
    "68922F15BA7974D2": {
      "title": "",
      "icon": {
        "item": {
          "id": "minecraft:air",
          "count": 0
        },
        "type": "heracles:item"
      },
      "item": {
        "id": "lootbags:loot_bag",
        "count": 1,
        "nbt": {
          "Type": "UNCOMMON",
          "Color": 16747259,
          "Loot": "aof:loot_bags/misc/utilities",
          "Name": "Utilities Lootbag"
        }
      },
      "type": "heracles:item"
    }
  },
  "display": {
    "subtitle": {
      "translate": "Challenge to a fight!"
    },
    "description": [
      "<h2>Challenge to a fight!</h2>",
      "---",
      "Trial Keys are what you will be using to getting the attention of the System Glitch and challenging it to a fight.",
      "",
      "Now that you have a Trial Key, you should bound it to the category and tier you want to fight.",
      "",
      "Just put an unbound Trial Key in the crafting table next to a Data Model.",
      "",
      "All the data inside your Trial Model will be transferred to the Trial Key, and the Data Model well be gone.",
      "",
      "Pay attention to the tier and category of the Data Model you bind to the Key. Certain categories are harder than others, and high tiered trials can be very difficult.",
      "",
      "You may have noticed that your Trial Key also has a \"Affixes\" list. Those are special effects that can occur during the trial. Some of them may help you, some of them not.",
      "---"
    ],
    "groups": {
      "Deep Mob Learning": {
        "position": [
          -160,
          -80
        ]
      }
    },
    "icon": {
      "item": {
        "id": "dml-refabricated:trial_key",
        "count": 1
      },
      "type": "heracles:item"
    },
    "icon_background": "heracles:textures/gui/quest_backgrounds/default.png",
    "title": {
      "translate": "Trial Key"
    }
  },
  "settings": {
    "unlockNotification": false,
    "showDependencyArrow": true,
    "repeatable": false,
    "individual_progress": false,
    "hidden": "LOCKED"
  }
}