{
  "dependencies": [
    "Trial Key"
  ],
  "tasks": {
    "1CAE14E935895EEE": {
      "type": "heracles:item",
      "item": "dml-refabricated:trial_keystone",
      "amount": 1,
      "collection": "AUTOMATIC",
      "title": "",
      "icon": {
        "item": {
          "id": "minecraft:air",
          "count": 0
        },
        "type": "heracles:item"
      }
    }
  },
  "rewards": {
    "04A1C279905FF779": {
      "title": "",
      "icon": {
        "item": {
          "id": "minecraft:air",
          "count": 0
        },
        "type": "heracles:item"
      },
      "item": {
        "id": "lootbags:loot_bag",
        "count": 1,
        "nbt": {
          "Type": "UNCOMMON",
          "Color": 16747259,
          "Loot": "aof:loot_bags/misc/utilities",
          "Name": "Utilities Lootbag"
        }
      },
      "type": "heracles:item"
    }
  },
  "display": {
    "subtitle": {
      "translate": "Craft a Trial Keystone."
    },
    "description": [
      "<h2>Craft a Trial Keystone.</h2>",
      "---",
      "The Trial Key used in the crafting has no effect, so I's suggest you to use an Unbound one to avoid loosing your precious data.",
      "",
      "After you have one, put it in a good location in the world and start getting ready for your fight.",
      "",
      "Before getting into the fight, I'd like to present to you who you gonna fight:",
      "",
      "> The System Glitch is a pretty strong mob, its life will vary depending of the tier of the Trial you are running. He is also pretty fast, and will be teleporting and tricking you.",
      "",
      "To get started, get a bound Trial Key and click in the Trial Keystone!",
      "---"
    ],
    "groups": {
      "Deep Mob Learning": {
        "position": [
          -112,
          -80
        ]
      }
    },
    "icon": {
      "item": {
        "id": "dml-refabricated:trial_keystone",
        "count": 1
      },
      "type": "heracles:item"
    },
    "icon_background": "heracles:textures/gui/quest_backgrounds/default.png",
    "title": {
      "translate": "Trial Keystone"
    }
  },
  "settings": {
    "unlockNotification": false,
    "showDependencyArrow": true,
    "repeatable": false,
    "individual_progress": false,
    "hidden": "LOCKED"
  }
}