{
  "fabric:load_conditions": [
    {
      "condition": "fabric:item_tags_populated",
      "values": [
        "c:coal_ores",
        "c:iron_ores",
        "c:steel_ingots"
      ]
    }
  ],
  "type": "alloy_forgery:forging",
  "inputs": [
    {
      "tag": "c:iron_ores"
    },
	  {
      "tag": "c:coal_ores"
    }
  ],
  "output": {
    "priority": [
      "modern_industrialization:steel_ingot"
    ],
    "default": "c:steel_ingots",
    "count": 3
  },
  "overrides": {
    "2+": {
      "count": 4
    },
    "3+": {
      "count": 5
    }
  },
  "min_forge_tier": 1,
  "fuel_per_tick": 5
}