{
  "type": "minecraft:block",
  "pools": [
    {
      "bonus_rolls": 0.0,
      "entries": [
        {
          "type": "minecraft:alternatives",
          "children": [
            {
              "type": "minecraft:item",
              "conditions": [
                {
                  "condition": "minecraft:match_tool",
                  "predicate": {
                    "enchantments": [
                      {
                        "enchantment": "minecraft:silk_touch",
                        "levels": {
                          "min": 1
                        }
                      }
                    ]
                  }
                }
              ],
              "name": "jewelry:gem_vein"
            },
            {
              "type": "minecraft:group",
              "children": [
                {
                  "type": "minecraft:item",
                  "functions": [
                    {
                      "enchantment": "minecraft:fortune",
                      "formula": "minecraft:uniform_bonus_count",
                      "function": "minecraft:apply_bonus",
                      "parameters": {
                        "bonusMultiplier": 1
                      }
                    },
                    {
                      "function": "minecraft:explosion_decay"
                    }
                  ],
                  "name": "mythicupgrades:ruby"
                },
                {
                  "type": "minecraft:item",
                  "functions": [
                    {
                      "enchantment": "minecraft:fortune",
                      "formula": "minecraft:uniform_bonus_count",
                      "function": "minecraft:apply_bonus",
                      "parameters": {
                        "bonusMultiplier": 1
                      }
                    },
                    {
                      "function": "minecraft:explosion_decay"
                    }
                  ],
                  "name": "jewelry:topaz"
                },
                {
                  "type": "minecraft:item",
                  "functions": [
                    {
                      "enchantment": "minecraft:fortune",
                      "formula": "minecraft:uniform_bonus_count",
                      "function": "minecraft:apply_bonus",
                      "parameters": {
                        "bonusMultiplier": 1
                      }
                    },
                    {
                      "function": "minecraft:explosion_decay"
                    }
                  ],
                  "name": "jewelry:citrine"
                },
                {
                  "type": "minecraft:item",
                  "functions": [
                    {
                      "enchantment": "minecraft:fortune",
                      "formula": "minecraft:uniform_bonus_count",
                      "function": "minecraft:apply_bonus",
                      "parameters": {
                        "bonusMultiplier": 1
                      }
                    },
                    {
                      "function": "minecraft:explosion_decay"
                    }
                  ],
                  "name": "mythicupgrades:jade"
                },
                {
                  "type": "minecraft:item",
                  "functions": [
                    {
                      "enchantment": "minecraft:fortune",
                      "formula": "minecraft:uniform_bonus_count",
                      "function": "minecraft:apply_bonus",
                      "parameters": {
                        "bonusMultiplier": 1
                      }
                    },
                    {
                      "function": "minecraft:explosion_decay"
                    }
                  ],
                  "name": "mythicupgrades:sapphire"
                },
                {
                  "type": "minecraft:item",
                  "functions": [
                    {
                      "enchantment": "minecraft:fortune",
                      "formula": "minecraft:uniform_bonus_count",
                      "function": "minecraft:apply_bonus",
                      "parameters": {
                        "bonusMultiplier": 1
                      }
                    },
                    {
                      "function": "minecraft:explosion_decay"
                    }
                  ],
                  "name": "jewelry:tanzanite"
                }
              ]
            }
          ]
        }
      ],
      "rolls": 1.0
    }
  ],
  "random_sequence": "jewelry:blocks/gem_vein"
}