{
    "colors": {
      "accent": "#ad62d9",
      "base": "#606060"
    },
    "display": {
      "offset": {
        "y": 2.0
      },
      "scale": 1.0
    },
    "effects": {
      "sound": {
        "soundEvent": "minecraft:block.bell.use"
      }
    },
    "item": {
      "item": "ae2:mysterious_cube",
      "count": 1
    },
    "animation": {
        "type": "spinning",
        "speed": 0.20
      },
    "name": {
      "color": "#ad62d9",
      "text": "Applied Energistics Trophy"
    }
  }