{
    "colors": {
      "base": "#EBCB2F",
      "accent": "#606060"
    },
    "display": {
      "offset": {
        "y": 1
      },
      "scale": 1.5
    },
    "effects": {
      "sound": {
        "soundEvent": "minecraft:block.bell.use"
      }
    },
    "item": {
      "item": "kubejs:quester",
      "count": 1
    },
    "animation": {
        "type": "spinning",
        "speed": 0.20
      },
    "name": {
      "color": "#EBCB2F",
      "text": "All The Quests Trophy"
    }
  }