{
    "colors": {
      "base": "#00bfff",
      "accent": "#606060"
    },
    "display": {
      "offset": {
        "y": 0.5
      },
      "scale": 1.5
    },
    "effects": {
      "sound": {
        "soundEvent": "minecraft:block.bell.use"
      }
    },
    "item": {
      "item": "kibe:angel_ring",
      "count": 1
    },
    "animation": {
        "type": "spinning",
        "speed": 0.20
      },
    "name": {
      "color": "#F5F34B",
      "text": "Ring of Angels Trophy"
    }
  }
