{
    "colors": {
      "base": "#DA8B26",
      "accent": "#606060"
    },
    "display": {
      "offset": {
        "y": 1.0
      },
      "scale": 1.5
    },
    "effects": {
      "sound": {
        "soundEvent": "minecraft:block.bell.use"
      }
    },
    "item": {
      "item": "farmersdelight:cooking_pot",
      "count": 1
    },
    "animation": {
        "type": "spinning",
        "speed": 0.20
      },
    "name": {
      "color": "#DA8B26",
      "text": "Hell's Kitchen Trophy"
    }
  }