{
  "dependencies": [
    "a_map_how"
  ],
  "tasks": {
    "factories_task": {
      "title": "",
      "icon": {
        "item": {
          "id": "minecraft:air",
          "count": 0
        },
        "type": "heracles:item"
      },
      "type": "heracles:check"
    }
  },
  "rewards": {
    "factories_reward_1": {
      "title": "",
      "icon": {
        "item": {
          "id": "minecraft:air",
          "count": 0
        },
        "type": "heracles:item"
      },
      "item": {
        "id": "modern_industrialization:wrench",
        "count": 1
      },
      "type": "heracles:item"
    },
    "factories_reward_2": {
      "title": "",
      "icon": {
        "item": {
          "id": "minecraft:air",
          "count": 0
        },
        "type": "heracles:item"
      },
      "item": {
        "id": "indrev:wrench",
        "count": 1
      },
      "type": "heracles:item"
    },
    "factories_reward_3": {
      "title": "",
      "icon": {
        "item": {
          "id": "minecraft:air",
          "count": 0
        },
        "type": "heracles:item"
      },
      "item": {
        "id": "techreborn:wrench",
        "count": 1
      },
      "type": "heracles:item"
    }
  },
  "display": {
    "subtitle": {
      "text": ""
    },
    "description": [
      "<hr/>",
      "## Monopolizing resources?",
      "<br/>",
      "  I hope you don't plan on ruining this world. I understand it's entirely at your disposal and --this-- ||plane of existence|| is a clean slate... but I wouldn't get your hopes up.",
      "<br/>",
      "  This domain is massive: about 3.6 billion square kilometers cover the surface. Considering too a depth of about 128 meters down from sea level, spanning the entire domain, the amount of resources to collect would be unfathomable. Add in the multiple ||planes of existence|| initially hidden from your current physical one, well... I wish you luck.",
      "<br/>",
      "  Automate to your desire, to the point you no longer need to lift a finger, and any food or machine will be made at your command. Anything is possible as long as you put your mind to it. I can promise you that.",
      "<hr/>"
    ],
    "groups": {
      "Getting Started": {
        "position": [
          50,
          -50
        ]
      }
    },
    "icon": {
      "item": {
        "id": "modern_industrialization:chemical_reactor",
        "count": 1
      },
      "type": "heracles:item"
    },
    "icon_background": "heracles:textures/gui/quest_backgrounds/hexagons.png",
    "title": {
      "translate": "Factories?"
    }
  },
  "settings": {
    "unlockNotification": false,
    "showDependencyArrow": true,
    "repeatable": false,
    "individual_progress": false,
    "hidden": "LOCKED"
  }
}