{
  "dependencies": [
    "need_assistance"
  ],
  "tasks": {
    "mining_takes_forever_task": {
      "title": "",
      "icon": {
        "item": {
          "id": "minecraft:air",
          "count": 0
        },
        "type": "heracles:item"
      },
      "type": "heracles:check"
    }
  },
  "rewards": {},
  "display": {
    "subtitle": {
      "text": ""
    },
    "description": [
      "---",
      "",
      "  Breaking so many blocks take entirely too long? Fine, I'll tell you a little trick to break blocks so much quicker.",
      "",
      "  You know that grave symbol ( ` ) near your fingers, most likely not far from your left pinky? Well, if you concentrate really hard to press it while you mine, it'll break a lot of blocks! Be wary, because this shortens mining time but does not free your mining efforts of food or tool durability costs.",
      "",
      "  If you don't like this default symbol, you can always change it in your mind. When I first was amalgamated, this symbol and more were referred to as \"key binds\". This one specifically is called --FTB Ultimine.--",
      "",
      "<columns>",
      "<column>",
      "<item align='right' id='minecraft:diamond_pickaxe' scale='4'>&#32;</item>",
      "</column>",
      "<column>",
      "<columns>",
      "<column>",
      "<columns>",
      "<column>",
      "<item id='stone' scale='4'>&#32;</item>",
      "</column>",
      "<column>",
      "<item align='right' id='cobblestone' scale='3' valign='top'>&#32;</item>",
      "<br/>",
      "<item align='center' id='cobblestone' scale='3'>&#32;</item>",
      "</column>",
      "</columns>",
      "</column>",
      "<column>",
      "<columns>",
      "<column>",
      "<item align='center' id='cobblestone' scale='2' valign='top'>&#32;</item>",
      "<item align='right' id='cobblestone' scale='2'>&#32;</item>",
      "<item align='center' id='cobblestone' scale='2'>&#32;</item>",
      "<item align='left' id='cobblestone' scale='2' valign='bottom'>&#32;</item>",
      "<item align='center' id='cobblestone' scale='2'>&#32;</item>",
      "</column>",
      "<column>",
      "<item align='right' id='cobblestone' scale='1' valign='top'>&#32;</item>",
      "<item align='center' id='cobblestone' scale='1' valign='top'>&#32;</item>",
      "<item align='left' id='cobblestone' scale='1'>&#32;</item>",
      "<item align='center' id='cobblestone' scale='1' valign='bottom'>&#32;</item>",
      "<item align='right' id='cobblestone' scale='1'>&#32;</item>",
      "<item align='center' id='cobblestone' scale='1'>&#32;</item>",
      "<item align='left' id='cobblestone' scale='1' valign='top'>&#32;</item>",
      "<item align='right' id='cobblestone' scale='1'>&#32;</item>",
      "<item align='center' id='cobblestone' scale='1' valign='bottom'>&#32;</item>",
      "</column>",
      "<column>",
      "<item align='right' id='cobblestone' scale='0.5' valign='top'>&#32;</item>",
      "<item align='center' id='cobblestone' scale='0.5' valign='top'>&#32;</item>",
      "<item align='left' id='cobblestone' scale='0.5'>&#32;</item>",
      "<item align='center' id='cobblestone' scale='0.5' valign='bottom'>&#32;</item>",
      "<item align='right' id='cobblestone' scale='0.5'>&#32;</item>",
      "<item align='center' id='cobblestone' scale='0.5'>&#32;</item>",
      "<item align='left' id='cobblestone' scale='0.5' valign='top'>&#32;</item>",
      "<item align='right' id='cobblestone' scale='0.5'>&#32;</item>",
      "<item align='center' id='cobblestone' scale='0.5' valign='bottom'>&#32;</item>",
      "<item align='right' id='cobblestone' scale='0.5' valign='top'>&#32;</item>",
      "<item align='center' id='cobblestone' scale='0.5' valign='top'>&#32;</item>",
      "<item align='left' id='cobblestone' scale='0.5'>&#32;</item>",
      "<item align='center' id='cobblestone' scale='0.5' valign='bottom'>&#32;</item>",
      "<item align='right' id='cobblestone' scale='0.5'>&#32;</item>",
      "<item align='center' id='cobblestone' scale='0.5'>&#32;</item>",
      "<item align='left' id='cobblestone' scale='0.5' valign='top'>&#32;</item>",
      "<item align='right' id='cobblestone' scale='0.5'>&#32;</item>",
      "<item align='center' id='cobblestone' scale='0.5' valign='bottom'>&#32;</item>",
      "</column>",
      "</columns>",
      "</column>",
      "</columns>",
      "</column>",
      "</columns>",
      "<br/>",
      "<hr/>"
    ],
    "groups": {
      "Getting Started": {
        "position": [
          -101,
          0
        ]
      }
    },
    "icon": {
      "item": {
        "id": "minecraft:diamond_pickaxe",
        "count": 1,
        "nbt": {
          "Damage": 0
        }
      },
      "type": "heracles:item"
    },
    "icon_background": "heracles:textures/gui/quest_backgrounds/circles.png",
    "title": {
      "translate": "Mining takes forver!"
    }
  },
  "settings": {
    "unlockNotification": false,
    "showDependencyArrow": true,
    "repeatable": false,
    "individual_progress": false,
    "hidden": "LOCKED"
  }
}