{
  "dependencies": [],
  "tasks": {
    "need_assistance_task": {
      "type": "heracles:check"
    }
  },
  "rewards": {},
  "display": {
    "subtitle": {
      "text": ""
    },
    "description": [
      "<hr/>",
      "## &&eAssistance Needed!",
      "<br/>",
      "Running into a few problems are you? That's to be expected. I can offer a few tips to assist you but I'm not sure I'll be able to hold your hand through it.",
      "<br/>",
      "Because I have no hands.",
      "<br/>",
      "Either way, I'll give you a quick tip that might help you out. Everyone loves money, right? Well, you can earn it and it'll stay in your /b/purse/b/. You can /6/drop money upon death/6/, so don't do that. You can obtain coins from /6/loot chests/6/ as you explore the world, but also from /6/defeating bosses/6/. I'll give you a list of bosses that drop money below. Be careful though!",
      "<br/>",
      "<ul>",
      "<li>Lich</li>",
      "<li>Ender Dragon</li>",
      "<li>Warden</li>",
      "<li>Conjunctivius</li>",
      "<li>Corrupted Champion</li>",
      "<li>Captain Cornelia</li>",
      "<li>Wither</li>",
      "<li>Orc Boss</li>",
      "<li>Elder Guardian</li>",
      "<li>Blaze Guardian</li>",
      "<li>Eel</li>",
      "<li>Mimic</li>",
      "<li>Blackstone Golem</li>",
      "</ul>",
      "<br/>",
      "Promise me you wont become /4/selfish/4/ with your soon to be new found wealth!",
      "<hr/>"
    ],
    "groups": {
      "Getting Started": {
        "position": [
          -50,
          0
        ]
      }
    },
    "icon": {
      "item": {
        "id": "adventurez:handbook",
        "count": 1
      },
      "type": "heracles:item"
    },
    "icon_background": "heracles:textures/gui/quest_backgrounds/hexagons.png",
    "title": {
      "translate": "Need assistance?"
    }
  },
  "settings": {
    "showDependencyArrow": true,
    "repeatable": false,
    "autoClaimRewards": false,
    "individual_progress": false,
    "hidden": "LOCKED",
    "unlockNotification": false
  }
}