{
  "dependencies": [
    "Trees"
  ],
  "tasks": {
    "vat": {
      "type": "heracles:item",
      "item": "vinery:apple_tree_sapling",
      "amount": 1,
      "collection": "AUTOMATIC",
      "title": "",
      "icon": {
        "item": {
          "id": "minecraft:air",
          "count": 0
        },
        "type": "heracles:item"
      }
    }
  },
  "rewards": {
    "1": {
      "title": "",
      "icon": {
        "item": {
          "id": "minecraft:air",
          "count": 0
        },
        "type": "heracles:item"
      },
      "item": {
        "id": "vinery:apple_tree_sapling",
        "count": 2
      },
      "type": "heracles:item"
    },
    "2": {
      "title": "",
      "icon": {
        "item": {
          "id": "minecraft:air",
          "count": 0
        },
        "type": "heracles:item"
      },
      "item": {
        "id": "minecraft:bone_meal",
        "count": 16
      },
      "type": "heracles:item"
    }
  },
  "display": {
    "subtitle": {
      "text": ""
    },
    "description": [
      "While apple trees are not necessary for making wines they can still be useful for farming apples, they can be found rarely in the world or you can get them from the market or winemaker villagers"
    ],
    "groups": {
      "Farmer O' Worlds": {
        "position": [
          400,
          -30
        ]
      }
    },
    "icon": {
      "item": {
        "id": "vinery:apple_tree_sapling",
        "count": 1
      },
      "type": "heracles:item"
    },
    "icon_background": "heracles:textures/gui/quest_backgrounds/default.png",
    "title": {
      "translate": "Apple Trees"
    }
  },
  "settings": {
    "unlockNotification": false,
    "showDependencyArrow": true,
    "repeatable": false,
    "individual_progress": false,
    "hidden": "LOCKED"
  }
}