{
  "dependencies": [
    "2E12C8D6A35B7405",
    "Spectrum"
  ],
  "tasks": {
    "bloodboil_syrup": {
      "type": "heracles:item",
      "item": "spectrum:bloodboil_syrup",
      "amount": 8,
      "collection": "AUTOMATIC",
      "title": "",
      "icon": {
        "item": {
          "id": "minecraft:air",
          "count": 0
        },
        "type": "heracles:item"
      }
    },
    "demon_tea": {
      "type": "heracles:item",
      "item": "spectrum:demon_tea",
      "amount": 8,
      "collection": "AUTOMATIC",
      "title": "",
      "icon": {
        "item": {
          "id": "minecraft:air",
          "count": 0
        },
        "type": "heracles:item"
      }
    },
    "demon_trifle": {
      "type": "heracles:item",
      "item": "spectrum:demon_trifle",
      "amount": 8,
      "collection": "AUTOMATIC",
      "title": "",
      "icon": {
        "item": {
          "id": "minecraft:air",
          "count": 0
        },
        "type": "heracles:item"
      }
    }
  },
  "rewards": {
    "blood_petal": {
      "title": "",
      "icon": {
        "item": {
          "id": "minecraft:air",
          "count": 0
        },
        "type": "heracles:item"
      },
      "item": {
        "id": "spectrum:blood_orchid_petal",
        "count": 8
      },
      "type": "heracles:item"
    }
  },
  "display": {
    "subtitle": {
      "text": ""
    },
    "description": [
      "This rare flower has some interesting and probably worrying properties, hopefully making food with this won't make you lose your mind"
    ],
    "groups": {
      "Farmer O' Worlds": {
        "position": [
          -475,
          -210
        ]
      }
    },
    "icon": {
      "item": {
        "id": "spectrum:blood_orchid_petal",
        "count": 1
      },
      "type": "heracles:item"
    },
    "icon_background": "heracles:textures/gui/quest_backgrounds/default.png",
    "title": {
      "translate": "Blood Orchid"
    }
  },
  "settings": {
    "unlockNotification": false,
    "showDependencyArrow": false,
    "repeatable": false,
    "individual_progress": false,
    "hidden": "IN_PROGRESS"
  }
}