{
  "dependencies": [
    "01ABB62DDB06DB72",
    "Titration Barrel Recipes",
    "Deep Dark Ingredients",
    "Spectrum"
  ],
  "tasks": {
    "bristle_mead": {
      "type": "heracles:item",
      "item": "spectrum:bristle_mead",
      "amount": 8,
      "collection": "AUTOMATIC",
      "title": "",
      "icon": {
        "item": {
          "id": "minecraft:air",
          "count": 0
        },
        "type": "heracles:item"
      }
    },
    "peach_cream": {
      "type": "heracles:item",
      "item": "spectrum:peach_cream",
      "amount": 8,
      "collection": "AUTOMATIC",
      "title": "",
      "icon": {
        "item": {
          "id": "minecraft:air",
          "count": 0
        },
        "type": "heracles:item"
      }
    },
    "golden_bristle_tea": {
      "type": "heracles:item",
      "item": "spectrum:golden_bristle_tea",
      "amount": 8,
      "collection": "AUTOMATIC",
      "title": "",
      "icon": {
        "item": {
          "id": "minecraft:air",
          "count": 0
        },
        "type": "heracles:item"
      }
    },
    "morchella": {
      "type": "heracles:item",
      "item": "spectrum:morchella",
      "amount": 8,
      "collection": "AUTOMATIC",
      "title": "",
      "icon": {
        "item": {
          "id": "minecraft:air",
          "count": 0
        },
        "type": "heracles:item"
      }
    },
    "sedatives": {
      "type": "heracles:item",
      "item": "spectrum:sedatives",
      "amount": 1,
      "collection": "AUTOMATIC",
      "title": "",
      "icon": {
        "item": {
          "id": "minecraft:air",
          "count": 0
        },
        "type": "heracles:item"
      }
    }
  },
  "rewards": {
    "jaramel": {
      "title": "",
      "icon": {
        "item": {
          "id": "minecraft:air",
          "count": 0
        },
        "type": "heracles:item"
      },
      "item": {
        "id": "spectrum:jaramel",
        "count": 8
      },
      "type": "heracles:item"
    },
    "sawblade_berry": {
      "title": "",
      "icon": {
        "item": {
          "id": "minecraft:air",
          "count": 0
        },
        "type": "heracles:item"
      },
      "item": {
        "id": "spectrum:sawblade_holly_berry",
        "count": 8
      },
      "type": "heracles:item"
    }
  },
  "display": {
    "subtitle": {
      "text": ""
    },
    "description": [
      "A collection of recipes from the our world, modified to fit the ingredients of the Deep Dark, and a dark secret"
    ],
    "groups": {
      "Farmer O' Worlds": {
        "position": [
          -605,
          -230
        ]
      }
    },
    "icon": {
      "item": {
        "id": "spectrum:brewers_handbook",
        "count": 1
      },
      "type": "heracles:item"
    },
    "icon_background": "heracles:textures/gui/quest_backgrounds/default.png",
    "title": {
      "translate": "Brewers Handbook"
    }
  },
  "settings": {
    "unlockNotification": false,
    "showDependencyArrow": false,
    "repeatable": false,
    "individual_progress": false,
    "hidden": "IN_PROGRESS"
  }
}