{
  "dependencies": [
    "The Keg"
  ],
  "tasks": {
    "bcfcw": {
      "type": "heracles:item",
      "item": "brewinandchewin:flaxen_cheese_wheel",
      "amount": 3,
      "collection": "AUTOMATIC",
      "title": "",
      "icon": {
        "item": {
          "id": "minecraft:air",
          "count": 0
        },
        "type": "heracles:item"
      }
    },
    "bcscw": {
      "type": "heracles:item",
      "item": "brewinandchewin:scarlet_cheese_wheel",
      "amount": 3,
      "collection": "AUTOMATIC",
      "title": "",
      "icon": {
        "item": {
          "id": "minecraft:air",
          "count": 0
        },
        "type": "heracles:item"
      }
    },
    "bcscws": {
      "type": "heracles:item",
      "item": "brewinandchewin:scarlet_cheese_wedge",
      "amount": 1,
      "collection": "AUTOMATIC",
      "title": "",
      "icon": {
        "item": {
          "id": "minecraft:air",
          "count": 0
        },
        "type": "heracles:item"
      }
    },
    "bcfcws": {
      "type": "heracles:item",
      "item": "brewinandchewin:flaxen_cheese_wedge",
      "amount": 1,
      "collection": "AUTOMATIC",
      "title": "",
      "icon": {
        "item": {
          "id": "minecraft:air",
          "count": 0
        },
        "type": "heracles:item"
      }
    }
  },
  "rewards": {
    "1": {
      "title": "",
      "icon": {
        "item": {
          "id": "minecraft:air",
          "count": 0
        },
        "type": "heracles:item"
      },
      "item": {
        "id": "minecraft:milk_bucket",
        "count": 4
      },
      "type": "heracles:item"
    }
  },
  "display": {
    "subtitle": {
      "text": ""
    },
    "description": [
      "With your new keg you will be able to do more than just drinks, now you can also make 2 new types of cheese, to make them you will need a warm keg, after the cheese is done it must be placed down for it to age, you will know when it's done ageing because it will change it's color, after that it can be cut with a knife or picked up for storage or cutting in a board",
      "<br/>",
      "<br/>",
      "With your cheese now aged and cut you will now be able to start cooking"
    ],
    "groups": {
      "Farmer O' Worlds": {
        "position": [
          -730,
          -15
        ]
      }
    },
    "icon": {
      "item": {
        "id": "brewinandchewin:flaxen_cheese_wedge",
        "count": 1
      },
      "type": "heracles:item"
    },
    "icon_background": "heracles:textures/gui/quest_backgrounds/default.png",
    "title": {
      "translate": "Cheese Making"
    }
  },
  "settings": {
    "unlockNotification": false,
    "showDependencyArrow": true,
    "repeatable": false,
    "individual_progress": false,
    "hidden": "LOCKED"
  }
}