{
  "dependencies": [
    "Croptopia1"
  ],
  "tasks": {
    "cinammon": {
      "type": "heracles:item",
      "item": "croptopia:cinnamon",
      "amount": 8,
      "collection": "AUTOMATIC",
      "title": "",
      "icon": {
        "item": {
          "id": "minecraft:air",
          "count": 0
        },
        "type": "heracles:item"
      }
    }
  },
  "rewards": {
    "cinnamon1": {
      "title": "",
      "icon": {
        "item": {
          "id": "minecraft:air",
          "count": 0
        },
        "type": "heracles:item"
      },
      "item": {
        "id": "croptopia:cinnamon_sapling",
        "count": 2
      },
      "type": "heracles:item"
    }
  },
  "display": {
    "subtitle": {
      "text": ""
    },
    "description": [
      "Unlike other Croptopia trees, /4/cinnamon/4/ is harvested in a special way. To obtain it you will need to strip the bark of a cinnamon log with an axe."
    ],
    "groups": {
      "Farmer O' Worlds": {
        "position": [
          -75,
          75
        ]
      }
    },
    "icon": {
      "item": {
        "id": "croptopia:cinnamon",
        "count": 1
      },
      "type": "heracles:item"
    },
    "icon_background": "heracles:textures/gui/quest_backgrounds/default.png",
    "title": {
      "translate": "Cinnamon"
    }
  },
  "settings": {
    "unlockNotification": false,
    "showDependencyArrow": true,
    "repeatable": false,
    "individual_progress": false,
    "hidden": "LOCKED"
  }
}
