{
  "dependencies": [
    "Bakery"
  ],
  "tasks": {
    "bsgc0": {
      "type": "heracles:item",
      "item": "bakery:sweetberry_glazed_cookie",
      "amount": 8,
      "collection": "AUTOMATIC",
      "title": "",
      "icon": {
        "item": {
          "id": "minecraft:air",
          "count": 0
        },
        "type": "heracles:item"
      }
    },
    "bsgc": {
      "type": "heracles:item",
      "item": "bakery:strawberry_glazed_cookie",
      "amount": 8,
      "collection": "AUTOMATIC",
      "title": "",
      "icon": {
        "item": {
          "id": "minecraft:air",
          "count": 0
        },
        "type": "heracles:item"
      }
    },
    "bcgc": {
      "type": "heracles:item",
      "item": "bakery:chocolate_glazed_cookie",
      "amount": 8,
      "collection": "AUTOMATIC",
      "title": "",
      "icon": {
        "item": {
          "id": "minecraft:air",
          "count": 0
        },
        "type": "heracles:item"
      }
    }
  },
  "rewards": {
    "cookies1": {
      "title": "",
      "icon": {
        "item": {
          "id": "minecraft:air",
          "count": 0
        },
        "type": "heracles:item"
      },
      "item": {
        "id": "minecraft:cookie",
        "count": 16
      },
      "type": "heracles:item"
    }
  },
  "display": {
    "subtitle": {
      "text": ""
    },
    "description": [
      "A collection of cookies - these can't be placed. Made on a Caking Station with a Bread Knife and a Rolling Pin."
    ],
    "groups": {
      "Farmer O' Worlds": {
        "position": [
          -190,
          -240
        ]
      }
    },
    "icon": {
      "item": {
        "id": "bakery:strawberry_glazed_cookie",
        "count": 1
      },
      "type": "heracles:item"
    },
    "icon_background": "heracles:textures/gui/quest_backgrounds/default.png",
    "title": {
      "translate": "Cookies"
    }
  },
  "settings": {
    "unlockNotification": false,
    "showDependencyArrow": true,
    "repeatable": false,
    "individual_progress": false,
    "hidden": "LOCKED"
  }
}
