{
  "dependencies": [
    "Nether Vinery"
  ],
  "tasks": {
    "nvcg": {
      "type": "heracles:item",
      "item": "nethervinery:crimson_grape",
      "amount": 1,
      "collection": "AUTOMATIC",
      "title": "",
      "icon": {
        "item": {
          "id": "minecraft:air",
          "count": 0
        },
        "type": "heracles:item"
      }
    }
  },
  "rewards": {
    "1": {
      "title": "",
      "icon": {
        "item": {
          "id": "minecraft:air",
          "count": 0
        },
        "type": "heracles:item"
      },
      "item": {
        "id": "nethervinery:crimson_grape_seeds",
        "count": 2
      },
      "type": "heracles:item"
    },
    "2": {
      "title": "",
      "icon": {
        "item": {
          "id": "minecraft:air",
          "count": 0
        },
        "type": "heracles:item"
      },
      "item": {
        "id": "minecraft:bone_meal",
        "count": 16
      },
      "type": "heracles:item"
    }
  },
  "display": {
    "subtitle": {
      "text": ""
    },
    "description": [
      "The crimson grape can be found near lava in crimson forests, it can be planted in crimson nylium or in a stem for better yields and faster growth"
    ],
    "groups": {
      "Farmer O' Worlds": {
        "position": [
          160,
          -85
        ]
      }
    },
    "icon": {
      "item": {
        "id": "nethervinery:crimson_grape",
        "count": 1
      },
      "type": "heracles:item"
    },
    "icon_background": "heracles:textures/gui/quest_backgrounds/default.png",
    "title": {
      "translate": "Crimson Grape"
    }
  },
  "settings": {
    "unlockNotification": false,
    "showDependencyArrow": true,
    "repeatable": false,
    "individual_progress": false,
    "hidden": "LOCKED"
  }
}