{
  "dependencies": [
    "Bakery"
  ],
  "tasks": {
    "bsc0": {
      "type": "heracles:item",
      "item": "bakery:sweetberry_cupcake",
      "amount": 8,
      "collection": "AUTOMATIC",
      "title": "",
      "icon": {
        "item": {
          "id": "minecraft:air",
          "count": 0
        },
        "type": "heracles:item"
      }
    },
    "bsc": {
      "type": "heracles:item",
      "item": "bakery:strawberry_cupcake",
      "amount": 8,
      "collection": "AUTOMATIC",
      "title": "",
      "icon": {
        "item": {
          "id": "minecraft:air",
          "count": 0
        },
        "type": "heracles:item"
      }
    },
    "bac": {
      "type": "heracles:item",
      "item": "bakery:apple_cupcake",
      "amount": 8,
      "collection": "AUTOMATIC",
      "title": "",
      "icon": {
        "item": {
          "id": "minecraft:air",
          "count": 0
        },
        "type": "heracles:item"
      }
    }
  },
  "rewards": {
    "bakercupcakes1": {
      "title": "",
      "icon": {
        "item": {
          "id": "minecraft:air",
          "count": 0
        },
        "type": "heracles:item"
      },
      "item": {
        "id": "bakery:yeast",
        "count": 4
      },
      "type": "heracles:item"
    },
    "bakerycupcakes2": {
      "title": "",
      "icon": {
        "item": {
          "id": "minecraft:air",
          "count": 0
        },
        "type": "heracles:item"
      },
      "item": {
        "id": "croptopia:strawberry",
        "count": 4
      },
      "type": "heracles:item"
    }
  },
  "display": {
    "subtitle": {
      "text": ""
    },
    "description": [
      "A collection of cupcakes - these can't be placed."
    ],
    "groups": {
      "Farmer O' Worlds": {
        "position": [
          -190,
          -140
        ]
      }
    },
    "icon": {
      "item": {
        "id": "bakery:strawberry_cupcake",
        "count": 1
      },
      "type": "heracles:item"
    },
    "icon_background": "heracles:textures/gui/quest_backgrounds/default.png",
    "title": {
      "translate": "Cupcakes"
    }
  },
  "settings": {
    "unlockNotification": false,
    "showDependencyArrow": true,
    "repeatable": false,
    "individual_progress": false,
    "hidden": "LOCKED"
  }
}
