{
  "dependencies": [
    "Brewing Tools"
  ],
  "tasks": {
    "hb_hibiscus_tea": {
      "type": "heracles:item",
      "item": "herbalbrews:hibiscus_tea",
      "amount": 8,
      "collection": "AUTOMATIC",
      "title": "",
      "icon": {
        "item": {
          "id": "minecraft:air",
          "count": 0
        },
        "type": "heracles:item"
      }
    },
    "hb_milk_coffee": {
      "type": "heracles:item",
      "item": "herbalbrews:milk_coffee",
      "amount": 8,
      "collection": "AUTOMATIC",
      "title": "",
      "icon": {
        "item": {
          "id": "minecraft:air",
          "count": 0
        },
        "type": "heracles:item"
      }
    }
  },
  "rewards": {
    "hb_hibiscus_tea": {
      "title": "",
      "icon": {
        "item": {
          "id": "minecraft:air",
          "count": 0
        },
        "type": "heracles:item"
      },
      "item": {
        "id": "herbalbrews:hibiscus_tea",
        "count": 1
      },
      "type": "heracles:item"
    },
    "hb_milk_coffee": {
      "title": "",
      "icon": {
        "item": {
          "id": "minecraft:air",
          "count": 0
        },
        "type": "heracles:item"
      },
      "item": {
        "id": "herbalbrews:milk_coffee",
        "count": 1
      },
      "type": "heracles:item"
    }
  },
  "display": {
    "subtitle": {
      "text": ""
    },
    "description": [
      "They do the same as regular brews but can also be placed down as a decoration"
    ],
    "groups": {
      "Farmer O' Worlds": {
        "position": [
          -85,
          -430
        ]
      }
    },
    "icon": {
      "item": {
        "id": "herbalbrews:milk_coffee",
        "count": 1
      },
      "type": "heracles:item"
    },
    "icon_background": "heracles:textures/gui/quest_backgrounds/default.png",
    "title": {
      "translate": "Decorative Brews"
    }
  },
  "settings": {
    "unlockNotification": false,
    "showDependencyArrow": true,
    "repeatable": false,
    "individual_progress": false,
    "hidden": "LOCKED"
  }
}