{
  "dependencies": [
    "Titration Barrel Recipes"
  ],
  "tasks": {
    "Get Enchanted Apple Cider": {
      "type": "heracles:item",
      "item": "spectrum:infused_beverage",
      "nbt": {
        "Variant": "enchanted_apple_cider"
      },
      "amount": 8,
      "collection": "AUTOMATIC",
      "title": "Enchanted Apple Cider",
      "icon": {
        "item": {
          "id": "minecraft:air",
          "count": 0
        },
        "type": "heracles:item"
      }
    }
  },
  "rewards": {
    "golden": {
      "title": "",
      "icon": {
        "item": {
          "id": "minecraft:air",
          "count": 0
        },
        "type": "heracles:item"
      },
      "item": {
        "id": "kibe:golden_kibe",
        "count": 16
      },
      "type": "heracles:item"
    },
    "golden2": {
      "title": "",
      "icon": {
        "item": {
          "id": "minecraft:air",
          "count": 0
        },
        "type": "heracles:item"
      },
      "item": {
        "id": "kibe:golden_lasso",
        "count": 1
      },
      "type": "heracles:item"
    },
    "golden3": {
      "title": "",
      "icon": {
        "item": {
          "id": "minecraft:air",
          "count": 0
        },
        "type": "heracles:item"
      },
      "item": {
        "id": "artifacts:golden_hook",
        "count": 1
      },
      "type": "heracles:item"
    }
  },
  "display": {
    "subtitle": {
      "text": ""
    },
    "description": [
      ""
    ],
    "groups": {
      "Farmer O' Worlds": {
        "position": [
          -555,
          -551
        ]
      }
    },
    "icon": {
      "item": {
        "id": "spectrum:infused_beverage",
        "count": 4,
        "nbt": {
          "Variant": "enchanted_apple_cider",
          "Thickness": 1,
          "AgeDays": 216,
          "CustomPotionEffects": [
            {
              "Ambient": 0,
              "ShowIcon": 1,
              "ShowParticles": 1,
              "Duration": 3600,
              "Id": 22,
              "Amplifier": 2
            },
            {
              "Ambient": 0,
              "ShowIcon": 1,
              "ShowParticles": 1,
              "Duration": 400,
              "Id": 10,
              "Amplifier": 2
            },
            {
              "Ambient": 0,
              "ShowIcon": 1,
              "ShowParticles": 1,
              "Duration": 9600,
              "Id": 12,
              "Amplifier": 0
            },
            {
              "Ambient": 0,
              "ShowIcon": 1,
              "ShowParticles": 1,
              "Duration": 9600,
              "Id": 11,
              "Amplifier": 0
            }
          ],
          "AlcPercent": 69,
          "Color": 16745539
        }
      },
      "type": "heracles:item"
    },
    "icon_background": "heracles:textures/gui/quest_backgrounds/default.png",
    "title": {
      "translate": "Enchanted Apple Cider"
    }
  },
  "settings": {
    "unlockNotification": false,
    "showDependencyArrow": false,
    "repeatable": false,
    "individual_progress": false,
    "hidden": "IN_PROGRESS"
  }
}