{
  "dependencies": [
    "Farmer's Delight"
  ],
  "tasks": {
    "ed": {
      "title": "",
      "icon": {
        "item": {
          "id": "minecraft:air",
          "count": 0
        },
        "type": "heracles:item"
      },
      "type": "heracles:check"
    }
  },
  "rewards": {
    "1": {
      "icon": {
        "item": {
          "id": "minecraft:air",
          "count": 0
        },
        "type": "heracles:item"
      },
      "xptype": "POINTS",
      "amount": 150,
      "title": "",
      "type": "heracles:xp"
    }
  },
  "display": {
    "subtitle": {
      "text": ""
    },
    "description": [
      "Ever found yourself starving in the End with nothing else to eat than annoying chorus fruit? Well now you will have a whole new --dimension-- of thing to eat, with multiple recipes both simple and powerful",
      "<br/>",
      "<br/>",
      "You will also now have a new stove and a few new knives",
      "<br/>",
      "<br/>",
      "You can also use Create to cook these foods"
    ],
    "groups": {
      "Farmer O' Worlds": {
        "position": [
          -540,
          -40
        ]
      }
    },
    "icon": {
      "item": {
        "id": "ends_delight:dragon_tooth_knife",
        "count": 1,
        "nbt": {
          "Damage": 0
        }
      },
      "type": "heracles:item"
    },
    "icon_background": "heracles:textures/gui/quest_backgrounds/circles.png",
    "title": {
      "translate": "End's Delight"
    }
  },
  "settings": {
    "unlockNotification": false,
    "showDependencyArrow": true,
    "repeatable": false,
    "individual_progress": false,
    "hidden": "LOCKED"
  }
}