{
  "dependencies": [
    "Cheese Making"
  ],
  "tasks": {
    "bcffp": {
      "type": "heracles:item",
      "item": "brewinandchewin:fiery_fondue_pot",
      "amount": 1,
      "collection": "AUTOMATIC",
      "title": "",
      "icon": {
        "item": {
          "id": "minecraft:air",
          "count": 0
        },
        "type": "heracles:item"
      }
    },
    "bcff": {
      "type": "heracles:item",
      "item": "brewinandchewin:fiery_fondue",
      "amount": 1,
      "collection": "AUTOMATIC",
      "title": "",
      "icon": {
        "item": {
          "id": "minecraft:air",
          "count": 0
        },
        "type": "heracles:item"
      }
    }
  },
  "rewards": {
    "1": {
      "title": "",
      "icon": {
        "item": {
          "id": "minecraft:air",
          "count": 0
        },
        "type": "heracles:item"
      },
      "item": {
        "id": "brewinandchewin:scarlet_cheese_wheel",
        "count": 1
      },
      "type": "heracles:item"
    },
    "2": {
      "title": "",
      "icon": {
        "item": {
          "id": "minecraft:air",
          "count": 0
        },
        "type": "heracles:item"
      },
      "item": {
        "id": "minecraft:bread",
        "count": 1
      },
      "type": "heracles:item"
    },
    "3": {
      "title": "",
      "icon": {
        "item": {
          "id": "minecraft:air",
          "count": 0
        },
        "type": "heracles:item"
      },
      "item": {
        "id": "farmersdelight:milk_bottle",
        "count": 1
      },
      "type": "heracles:item"
    }
  },
  "display": {
    "subtitle": {
      "text": ""
    },
    "description": [
      "The fiery fondue pot is a cauldron full of food that can be placed down, it will fill 3 bowls and leave the cauldron behind"
    ],
    "groups": {
      "Farmer O' Worlds": {
        "position": [
          -775,
          -60
        ]
      }
    },
    "icon": {
      "item": {
        "id": "brewinandchewin:fiery_fondue_pot",
        "count": 1
      },
      "type": "heracles:item"
    },
    "icon_background": "heracles:textures/gui/quest_backgrounds/default.png",
    "title": {
      "translate": "Fiery Fondue Pot"
    }
  },
  "settings": {
    "unlockNotification": false,
    "showDependencyArrow": true,
    "repeatable": false,
    "individual_progress": false,
    "hidden": "LOCKED"
  }
}