{
  "dependencies": [
    "Amaranth",
    "Titration Barrel Recipes"
  ],
  "tasks": {
    "Get Gin": {
      "type": "heracles:item",
      "item": "spectrum:infused_beverage",
      "nbt": {
        "Variant": "gin"
      },
      "amount": 8,
      "collection": "AUTOMATIC",
      "title": "Gin",
      "icon": {
        "item": {
          "id": "minecraft:air",
          "count": 0
        },
        "type": "heracles:item"
      }
    }
  },
  "rewards": {
    "lucky_roll": {
      "title": "",
      "icon": {
        "item": {
          "id": "minecraft:air",
          "count": 0
        },
        "type": "heracles:item"
      },
      "item": {
        "id": "spectrum:lucky_roll",
        "count": 4
      },
      "type": "heracles:item"
    }
  },
  "display": {
    "subtitle": {
      "text": ""
    },
    "description": [
      ""
    ],
    "groups": {
      "Farmer O' Worlds": {
        "position": [
          -435,
          -520
        ]
      }
    },
    "icon": {
      "item": {
        "id": "spectrum:infused_beverage",
        "count": 4,
        "nbt": {
          "Variant": "gin",
          "Thickness": 1,
          "AgeDays": 216,
          "CustomPotionEffects": [
            {
              "Ambient": 0,
              "ShowIcon": 1,
              "ShowParticles": 1,
              "Duration": 9600,
              "Id": 26,
              "Amplifier": 1
            },
            {
              "Ambient": 0,
              "ShowIcon": 1,
              "ShowParticles": 1,
              "Duration": 9600,
              "Id": 1646184,
              "Amplifier": 0
            }
          ],
          "AlcPercent": 42,
          "Color": 16437201
        }
      },
      "type": "heracles:item"
    },
    "icon_background": "heracles:textures/gui/quest_backgrounds/default.png",
    "title": {
      "translate": "Gin"
    }
  },
  "settings": {
    "unlockNotification": false,
    "showDependencyArrow": false,
    "repeatable": false,
    "individual_progress": false,
    "hidden": "IN_PROGRESS"
  }
}