{
  "dependencies": [
    "Berries Assemble"
  ],
  "tasks": {
    "sbhb": {
      "type": "heracles:item",
      "item": "strangeberries:haste_berries",
      "amount": 1,
      "collection": "AUTOMATIC",
      "title": "",
      "icon": {
        "item": {
          "id": "minecraft:air",
          "count": 0
        },
        "type": "heracles:item"
      }
    }
  },
  "rewards": {
    "haste": {
      "title": "",
      "icon": {
        "item": {
          "id": "minecraft:air",
          "count": 0
        },
        "type": "heracles:item"
      },
      "item": {
        "id": "strangeberries:haste_berries",
        "count": 16
      },
      "type": "heracles:item"
    }
  },
  "display": {
    "subtitle": {
      "text": ""
    },
    "description": [
      "Found underground, grows on stone"
    ],
    "groups": {
      "Farmer O' Worlds": {
        "position": [
          -325,
          185
        ]
      }
    },
    "icon": {
      "item": {
        "id": "strangeberries:haste_berries",
        "count": 1
      },
      "type": "heracles:item"
    },
    "icon_background": "heracles:textures/gui/quest_backgrounds/default.png",
    "title": {
      "translate": "Haste Berries"
    }
  },
  "settings": {
    "unlockNotification": false,
    "showDependencyArrow": true,
    "repeatable": false,
    "individual_progress": false,
    "hidden": "LOCKED"
  }
}