{
  "dependencies": [
    "Bakery"
  ],
  "tasks": {
    "bj": {
      "type": "heracles:item",
      "item": "bakery:jar",
      "amount": 1,
      "collection": "AUTOMATIC",
      "title": "",
      "icon": {
        "item": {
          "id": "minecraft:air",
          "count": 0
        },
        "type": "heracles:item"
      }
    },
    "bsj": {
      "type": "heracles:item",
      "item": "bakery:strawberry_jam",
      "amount": 1,
      "collection": "AUTOMATIC",
      "title": "",
      "icon": {
        "item": {
          "id": "minecraft:air",
          "count": 0
        },
        "type": "heracles:item"
      }
    },
    "bsj0": {
      "type": "heracles:item",
      "item": "bakery:sweetberry_jam",
      "amount": 1,
      "collection": "AUTOMATIC",
      "title": "",
      "icon": {
        "item": {
          "id": "minecraft:air",
          "count": 0
        },
        "type": "heracles:item"
      }
    },
    "baj": {
      "type": "heracles:item",
      "item": "bakery:apple_jam",
      "amount": 1,
      "collection": "AUTOMATIC",
      "title": "",
      "icon": {
        "item": {
          "id": "minecraft:air",
          "count": 0
        },
        "type": "heracles:item"
      }
    },
    "bgj": {
      "type": "heracles:item",
      "item": "bakery:glowberry_jam",
      "amount": 1,
      "collection": "AUTOMATIC",
      "title": "",
      "icon": {
        "item": {
          "id": "minecraft:air",
          "count": 0
        },
        "type": "heracles:item"
      }
    }
  },
  "rewards": {
    "bakeryjam2": {
      "title": "",
      "icon": {
        "item": {
          "id": "minecraft:air",
          "count": 0
        },
        "type": "heracles:item"
      },
      "item": {
        "id": "blockus:red_gingham_carpet",
        "count": 4
      },
      "type": "heracles:item"
    },
    "bakeryjam1": {
      "title": "",
      "icon": {
        "item": {
          "id": "minecraft:air",
          "count": 0
        },
        "type": "heracles:item"
      },
      "item": {
        "id": "bakery:jar",
        "count": 4
      },
      "type": "heracles:item"
    }
  },
  "display": {
    "subtitle": {
      "text": ""
    },
    "description": [
      "Jams are made in the small cooking pot and require jars. Jars of jam can be placed up to 3 times in the same place for decoration. Jams are used for making pastries."
    ],
    "groups": {
      "Farmer O' Worlds": {
        "position": [
          -75,
          -240
        ]
      }
    },
    "icon": {
      "item": {
        "id": "bakery:jar",
        "count": 1
      },
      "type": "heracles:item"
    },
    "icon_background": "heracles:textures/gui/quest_backgrounds/default.png",
    "title": {
      "translate": "Jam"
    }
  },
  "settings": {
    "unlockNotification": false,
    "showDependencyArrow": true,
    "repeatable": false,
    "individual_progress": false,
    "hidden": "LOCKED"
  }
}
