{
  "dependencies": [
    "Utilities"
  ],
  "tasks": {
    "grapevine_lattice": {
      "type": "heracles:item",
      "item": "#vinery:lattice",
      "amount": 1,
      "collection": "AUTOMATIC",
      "title": "",
      "icon": {
        "item": {
          "id": "minecraft:air",
          "count": 0
        },
        "type": "heracles:item"
      }
    }
  },
  "rewards": {
    "1": {
      "title": "",
      "icon": {
        "item": {
          "id": "minecraft:air",
          "count": 0
        },
        "type": "heracles:item"
      },
      "item": {
        "id": "vinery:white_grape_seeds",
        "count": 2
      },
      "type": "heracles:item"
    }
  },
  "display": {
    "subtitle": {
      "text": ""
    },
    "description": [
      "Grapevine lattices can be placed anywhere and will look different depending on if they are vertical or horizontal, they allow planting jungle grapes in them for faster growth and better grape yields",
      "<br/>",
      "Using an axe can remove or add the supports at the sides"
    ],
    "groups": {
      "Farmer O' Worlds": {
        "position": [
          200,
          30
        ]
      }
    },
    "icon": {
      "item": {
        "id": "vinery:dark_oak_lattice",
        "count": 1
      },
      "type": "heracles:item"
    },
    "icon_background": "heracles:textures/gui/quest_backgrounds/default.png",
    "title": {
      "translate": "Grapevine Lattice"
    }
  },
  "settings": {
    "unlockNotification": false,
    "showDependencyArrow": true,
    "repeatable": false,
    "individual_progress": false,
    "hidden": "LOCKED"
  }
}