{
  "dependencies": [
    "Let's Do Mods"
  ],
  "tasks": {
    "meadow": {
      "title": "",
      "icon": {
        "item": {
          "id": "minecraft:air",
          "count": 0
        },
        "type": "heracles:item"
      },
      "type": "heracles:check"
    }
  },
  "rewards": {},
  "display": {
    "subtitle": {
      "text": ""
    },
    "description": [
      "Meadow adds a complete overhaul to the biome, you can now find new trees, stones, flowers, animals and even campsites and other structures where you may rest or trade with their inhabitants",
      "<br/>",
      "<br/>",
      "Among these new animals you will find many new types of cows, with their milk and the milk of other animals you may start your journey to become the greatest cheesemaker ever known, but beware of the brown bears, they aren't nearly as friendly as the cows",
      "<br/>",
      "<br/>",
      "And if cooking isn't enough, with these new resources found on the meadows you will be able to craft a great range of decorations"
    ],
    "groups": {
      "Farmer O' Worlds": {
        "position": [
          0,
          -420
        ]
      }
    },
    "icon": {
      "item": {
        "id": "meadow:pine_sapling",
        "count": 1
      },
      "type": "heracles:item"
    },
    "icon_background": "heracles:textures/gui/quest_backgrounds/circles.png",
    "title": {
      "translate": "Meadow"
    }
  },
  "settings": {
    "unlockNotification": false,
    "showDependencyArrow": true,
    "repeatable": false,
    "individual_progress": false,
    "hidden": "LOCKED"
  }
}