{
  "dependencies": [
    "Tiki Bar"
  ],
  "tasks": {
    "bpcm0": {
      "type": "heracles:item",
      "item": "beachparty:chocolate_milkshake",
      "amount": 8,
      "collection": "AUTOMATIC",
      "title": "",
      "icon": {
        "item": {
          "id": "minecraft:air",
          "count": 0
        },
        "type": "heracles:item"
      }
    },
    "bpsm": {
      "type": "heracles:item",
      "item": "beachparty:sweetberry_milkshake",
      "amount": 8,
      "collection": "AUTOMATIC",
      "title": "",
      "icon": {
        "item": {
          "id": "minecraft:air",
          "count": 0
        },
        "type": "heracles:item"
      }
    },
    "bpcm": {
      "type": "heracles:item",
      "item": "beachparty:coconut_milkshake",
      "amount": 8,
      "collection": "AUTOMATIC",
      "title": "",
      "icon": {
        "item": {
          "id": "minecraft:air",
          "count": 0
        },
        "type": "heracles:item"
      }
    }
  },
  "rewards": {
    "1": {
      "title": "",
      "icon": {
        "item": {
          "id": "minecraft:air",
          "count": 0
        },
        "type": "heracles:item"
      },
      "item": {
        "id": "minecraft:milk_bucket",
        "count": 4
      },
      "type": "heracles:item"
    },
    "2": {
      "title": "",
      "icon": {
        "item": {
          "id": "minecraft:air",
          "count": 0
        },
        "type": "heracles:item"
      },
      "item": {
        "id": "minecraft:cocoa_beans",
        "count": 2
      },
      "type": "heracles:item"
    },
    "3": {
      "title": "",
      "icon": {
        "item": {
          "id": "minecraft:air",
          "count": 0
        },
        "type": "heracles:item"
      },
      "item": {
        "id": "beachparty:coconut_open",
        "count": 2
      },
      "type": "heracles:item"
    }
  },
  "display": {
    "subtitle": {
      "text": ""
    },
    "description": [
      "Milkshakes are a combination of milk and sundae made in a tiki bar"
    ],
    "groups": {
      "Farmer O' Worlds": {
        "position": [
          150,
          -230
        ]
      }
    },
    "icon": {
      "item": {
        "id": "beachparty:sweetberry_milkshake",
        "count": 1
      },
      "type": "heracles:item"
    },
    "icon_background": "heracles:textures/gui/quest_backgrounds/default.png",
    "title": {
      "translate": "Milkshakes"
    }
  },
  "settings": {
    "unlockNotification": false,
    "showDependencyArrow": true,
    "repeatable": false,
    "individual_progress": false,
    "hidden": "LOCKED"
  }
}