{
  "dependencies": [
    "22E2CD17FE2A8869",
    "Titration Barrel Recipes"
  ],
  "tasks": {
    "Get Moonshine": {
      "type": "heracles:item",
      "item": "spectrum:infused_beverage",
      "nbt": {
        "Variant": "moonshine"
      },
      "amount": 8,
      "collection": "AUTOMATIC",
      "title": "Moonshine",
      "icon": {
        "item": {
          "id": "minecraft:air",
          "count": 0
        },
        "type": "heracles:item"
      }
    }
  },
  "rewards": {
    "paltaeria": {
      "title": "",
      "icon": {
        "item": {
          "id": "minecraft:air",
          "count": 0
        },
        "type": "heracles:item"
      },
      "item": {
        "id": "spectrum:paltaeria_gem",
        "count": 2
      },
      "type": "heracles:item"
    }
  },
  "display": {
    "subtitle": {
      "text": ""
    },
    "description": [
      ""
    ],
    "groups": {
      "Farmer O' Worlds": {
        "position": [
          -515,
          -460
        ]
      }
    },
    "icon": {
      "item": {
        "id": "spectrum:infused_beverage",
        "count": 4,
        "nbt": {
          "Variant": "moonshine",
          "Thickness": 1,
          "AgeDays": 216,
          "CustomPotionEffects": [
            {
              "Ambient": 0,
              "ShowIcon": 1,
              "ShowParticles": 1,
              "Duration": 1200,
              "Id": 14,
              "Amplifier": 0
            },
            {
              "Ambient": 0,
              "ShowIcon": 1,
              "ShowParticles": 1,
              "Duration": 1200,
              "Id": 1646182,
              "Amplifier": 0
            },
            {
              "Ambient": 0,
              "ShowIcon": 1,
              "ShowParticles": 1,
              "Duration": 1200,
              "Id": 8,
              "Amplifier": 0
            },
            {
              "Ambient": 0,
              "ShowIcon": 1,
              "ShowParticles": 1,
              "Duration": 1200,
              "Id": 2,
              "Amplifier": 2
            }
          ],
          "AlcPercent": 22,
          "Color": 14151663
        }
      },
      "type": "heracles:item"
    },
    "icon_background": "heracles:textures/gui/quest_backgrounds/default.png",
    "title": {
      "translate": "Moonshine"
    }
  },
  "settings": {
    "unlockNotification": false,
    "showDependencyArrow": false,
    "repeatable": false,
    "individual_progress": false,
    "hidden": "IN_PROGRESS"
  }
}