{
  "dependencies": [
    "Deep Dark Ingredients"
  ],
  "tasks": {
    "myceylon_cookie": {
      "type": "heracles:item",
      "item": "spectrum:myceylon_cookie",
      "amount": 8,
      "collection": "AUTOMATIC",
      "title": "",
      "icon": {
        "item": {
          "id": "minecraft:air",
          "count": 0
        },
        "type": "heracles:item"
      }
    },
    "myceylon_pumpkin_pie": {
      "type": "heracles:item",
      "item": "spectrum:myceylon_pumpkin_pie",
      "amount": 8,
      "collection": "AUTOMATIC",
      "title": "",
      "icon": {
        "item": {
          "id": "minecraft:air",
          "count": 0
        },
        "type": "heracles:item"
      }
    },
    "myceylon_apple_pie": {
      "type": "heracles:item",
      "item": "spectrum:myceylon_apple_pie",
      "amount": 8,
      "collection": "AUTOMATIC",
      "title": "",
      "icon": {
        "item": {
          "id": "minecraft:air",
          "count": 0
        },
        "type": "heracles:item"
      }
    }
  },
  "rewards": {
    "myceylon": {
      "title": "",
      "icon": {
        "item": {
          "id": "minecraft:air",
          "count": 0
        },
        "type": "heracles:item"
      },
      "item": {
        "id": "spectrum:myceylon",
        "count": 8
      },
      "type": "heracles:item"
    }
  },
  "display": {
    "subtitle": {
      "text": ""
    },
    "description": [
      "The newly discovered myceylon pairs quite well with amaranth"
    ],
    "groups": {
      "Farmer O' Worlds": {
        "position": [
          -360,
          -275
        ]
      }
    },
    "icon": {
      "item": {
        "id": "spectrum:myceylon",
        "count": 1
      },
      "type": "heracles:item"
    },
    "icon_background": "heracles:textures/gui/quest_backgrounds/default.png",
    "title": {
      "translate": "Myceylon Foods"
    }
  },
  "settings": {
    "unlockNotification": false,
    "showDependencyArrow": false,
    "repeatable": false,
    "individual_progress": false,
    "hidden": "IN_PROGRESS"
  }
}