{
  "dependencies": [
    "Vinery"
  ],
  "tasks": {
    "nv": {
      "title": "",
      "icon": {
        "item": {
          "id": "minecraft:air",
          "count": 0
        },
        "type": "heracles:item"
      },
      "type": "heracles:check"
    }
  },
  "rewards": {
    "1": {
      "icon": {
        "item": {
          "id": "minecraft:air",
          "count": 0
        },
        "type": "heracles:item"
      },
      "xptype": "POINTS",
      "amount": 200,
      "title": "",
      "type": "heracles:xp"
    }
  },
  "display": {
    "subtitle": {
      "text": ""
    },
    "description": [
      "/c/Nether/c//b/Vinery/b/ is a /d/Vinery/d/ addon that expands winemaking into the nether, with new grape varieties, wines, crimson and warped varieties for blocks and a couple utilities"
    ],
    "groups": {
      "Farmer O' Worlds": {
        "position": [
          145,
          -50
        ]
      }
    },
    "icon": {
      "item": {
        "id": "nethervinery:crimson_grapejuice",
        "count": 1
      },
      "type": "heracles:item"
    },
    "icon_background": "heracles:textures/gui/quest_backgrounds/circles.png",
    "title": {
      "translate": "Nether Vinery"
    }
  },
  "settings": {
    "unlockNotification": false,
    "showDependencyArrow": true,
    "repeatable": false,
    "individual_progress": false,
    "hidden": "LOCKED"
  }
}