{
  "dependencies": [
    "The Keg"
  ],
  "tasks": {
    "bcb": {
      "type": "heracles:item",
      "item": "brewinandchewin:beer",
      "amount": 8,
      "collection": "AUTOMATIC",
      "title": "",
      "icon": {
        "item": {
          "id": "minecraft:air",
          "count": 0
        },
        "type": "heracles:item"
      }
    },
    "bcsa": {
      "type": "heracles:item",
      "item": "brewinandchewin:strongroot_ale",
      "amount": 8,
      "collection": "AUTOMATIC",
      "title": "",
      "icon": {
        "item": {
          "id": "minecraft:air",
          "count": 0
        },
        "type": "heracles:item"
      }
    },
    "bcv": {
      "type": "heracles:item",
      "item": "brewinandchewin:vodka",
      "amount": 8,
      "collection": "AUTOMATIC",
      "title": "",
      "icon": {
        "item": {
          "id": "minecraft:air",
          "count": 0
        },
        "type": "heracles:item"
      }
    },
    "bcrw": {
      "type": "heracles:item",
      "item": "brewinandchewin:rice_wine",
      "amount": 8,
      "collection": "AUTOMATIC",
      "title": "",
      "icon": {
        "item": {
          "id": "minecraft:air",
          "count": 0
        },
        "type": "heracles:item"
      }
    },
    "bck": {
      "type": "heracles:item",
      "item": "brewinandchewin:kombucha",
      "amount": 8,
      "collection": "AUTOMATIC",
      "title": "",
      "icon": {
        "item": {
          "id": "minecraft:air",
          "count": 0
        },
        "type": "heracles:item"
      }
    },
    "bceg": {
      "type": "heracles:item",
      "item": "brewinandchewin:egg_grog",
      "amount": 8,
      "collection": "AUTOMATIC",
      "title": "",
      "icon": {
        "item": {
          "id": "minecraft:air",
          "count": 0
        },
        "type": "heracles:item"
      }
    },
    "bcm": {
      "type": "heracles:item",
      "item": "brewinandchewin:mead",
      "amount": 8,
      "collection": "AUTOMATIC",
      "title": "",
      "icon": {
        "item": {
          "id": "minecraft:air",
          "count": 0
        },
        "type": "heracles:item"
      }
    }
  },
  "rewards": {
    "1": {
      "title": "",
      "icon": {
        "item": {
          "id": "minecraft:air",
          "count": 0
        },
        "type": "heracles:item"
      },
      "item": {
        "id": "minecraft:wheat",
        "count": 32
      },
      "type": "heracles:item"
    },
    "egg": {
      "title": "",
      "icon": {
        "item": {
          "id": "minecraft:air",
          "count": 0
        },
        "type": "heracles:item"
      },
      "item": {
        "id": "minecraft:egg",
        "count": 16
      },
      "type": "heracles:item"
    },
    "mushroom": {
      "title": "",
      "icon": {
        "item": {
          "id": "minecraft:air",
          "count": 0
        },
        "type": "heracles:item"
      },
      "item": {
        "id": "minecraft:brown_mushroom",
        "count": 16
      },
      "type": "heracles:item"
    },
    "black_tea": {
      "title": "",
      "icon": {
        "item": {
          "id": "minecraft:air",
          "count": 0
        },
        "type": "heracles:item"
      },
      "item": {
        "id": "farmersrespite:black_tea_leaves",
        "count": 16
      },
      "type": "heracles:item"
    },
    "honey": {
      "title": "",
      "icon": {
        "item": {
          "id": "minecraft:air",
          "count": 0
        },
        "type": "heracles:item"
      },
      "item": {
        "id": "minecraft:honey_bottle",
        "count": 16
      },
      "type": "heracles:item"
    }
  },
  "display": {
    "subtitle": {
      "text": ""
    },
    "description": [
      "A collection of drinks made at a normal temperature"
    ],
    "groups": {
      "Farmer O' Worlds": {
        "position": [
          -685,
          -90
        ]
      }
    },
    "icon": {
      "item": {
        "id": "brewinandchewin:beer",
        "count": 1
      },
      "type": "heracles:item"
    },
    "icon_background": "heracles:textures/gui/quest_backgrounds/default.png",
    "title": {
      "translate": "Normal Drinks"
    }
  },
  "settings": {
    "unlockNotification": false,
    "showDependencyArrow": true,
    "repeatable": false,
    "individual_progress": false,
    "hidden": "LOCKED"
  }
}