{
  "dependencies": [
    "Croptopia1"
  ],
  "tasks": {
    "pizza": {
      "type": "heracles:item",
      "item": "croptopia:pizza",
      "amount": 8,
      "collection": "AUTOMATIC",
      "title": "",
      "icon": {
        "item": {
          "id": "minecraft:air",
          "count": 0
        },
        "type": "heracles:item"
      }
    },
    "pizza3": {
      "type": "heracles:item",
      "item": "croptopia:anchovy_pizza",
      "amount": 8,
      "collection": "AUTOMATIC",
      "title": "",
      "icon": {
        "item": {
          "id": "minecraft:air",
          "count": 0
        },
        "type": "heracles:item"
      }
    },
    "pizza2": {
      "type": "heracles:item",
      "item": "croptopia:pineapple_pepperoni_pizza",
      "amount": 8,
      "collection": "AUTOMATIC",
      "title": "",
      "icon": {
        "item": {
          "id": "minecraft:air",
          "count": 0
        },
        "type": "heracles:item"
      }
    },
    "pizza1": {
      "type": "heracles:item",
      "item": "croptopia:cheese_pizza",
      "amount": 8,
      "collection": "AUTOMATIC",
      "title": "",
      "icon": {
        "item": {
          "id": "minecraft:air",
          "count": 0
        },
        "type": "heracles:item"
      }
    },
    "pizza0": {
      "type": "heracles:item",
      "item": "croptopia:supreme_pizza",
      "amount": 8,
      "collection": "AUTOMATIC",
      "title": "",
      "icon": {
        "item": {
          "id": "minecraft:air",
          "count": 0
        },
        "type": "heracles:item"
      }
    }
  },
  "rewards": {
    "pizza3": {
      "title": "",
      "icon": {
        "item": {
          "id": "minecraft:air",
          "count": 0
        },
        "type": "heracles:item"
      },
      "item": {
        "id": "farmersdelight:wheat_dough",
        "count": 8
      },
      "type": "heracles:item"
    },
    "pizza2": {
      "title": "",
      "icon": {
        "item": {
          "id": "minecraft:air",
          "count": 0
        },
        "type": "heracles:item"
      },
      "item": {
        "id": "farmersdelight:tomato",
        "count": 8
      },
      "type": "heracles:item"
    },
    "pizza1": {
      "title": "",
      "icon": {
        "item": {
          "id": "minecraft:air",
          "count": 0
        },
        "type": "heracles:item"
      },
      "item": {
        "id": "bewitchment:garlic",
        "count": 4
      },
      "type": "heracles:item"
    }
  },
  "display": {
    "subtitle": {
      "text": ""
    },
    "description": [
      "One of the most well-known examples of Italian culture and one of the most consumed foods worldwide, every country has mixed its culture and ingredients with pizza to create new and unique combinations.",
      " ",
      " ",
      "To cook these foods you will need cheese. If you are short on milk or find it annoying to carry so many buckets, you can transform 1 bucket of milk into 16 bottles with just 3 glass - this will allow you to make 16x more recipes than with a single bucket of milk!"
    ],
    "groups": {
      "Farmer O' Worlds": {
        "position": [
          125,
          175
        ]
      }
    },
    "icon": {
      "item": {
        "id": "croptopia:pizza",
        "count": 1
      },
      "type": "heracles:item"
    },
    "icon_background": "heracles:textures/gui/quest_backgrounds/default.png",
    "title": {
      "translate": "Pizzas"
    }
  },
  "settings": {
    "unlockNotification": false,
    "showDependencyArrow": true,
    "repeatable": false,
    "individual_progress": false,
    "hidden": "LOCKED"
  }
}
