{
  "dependencies": [
    "Titration Barrel Recipes"
  ],
  "tasks": {
    "Get Poisonous Vodka": {
      "type": "heracles:item",
      "item": "spectrum:infused_beverage",
      "nbt": {
        "Variant": "poisonous_vodka"
      },
      "amount": 8,
      "collection": "AUTOMATIC",
      "title": "Poisonous Vodka",
      "icon": {
        "item": {
          "id": "minecraft:air",
          "count": 0
        },
        "type": "heracles:item"
      }
    }
  },
  "rewards": {
    "poison_arrow": {
      "title": "",
      "icon": {
        "item": {
          "id": "minecraft:air",
          "count": 0
        },
        "type": "heracles:item"
      },
      "item": {
        "id": "minecraft:tipped_arrow",
        "count": 32,
        "nbt": {
          "Potion": "minecraft:poison"
        }
      },
      "type": "heracles:item"
    }
  },
  "display": {
    "subtitle": {
      "text": ""
    },
    "description": [
      ""
    ],
    "groups": {
      "Farmer O' Worlds": {
        "position": [
          -435,
          -430
        ]
      }
    },
    "icon": {
      "item": {
        "id": "spectrum:infused_beverage",
        "count": 8,
        "nbt": {
          "Variant": "vodka",
          "Thickness": 1,
          "AgeDays": 360,
          "CustomPotionEffects": [
            {
              "Ambient": 0,
              "ShowIcon": 1,
              "ShowParticles": 1,
              "Duration": 9600,
              "Id": 5,
              "Amplifier": 2
            },
            {
              "Ambient": 0,
              "ShowIcon": 1,
              "ShowParticles": 1,
              "Duration": 9600,
              "Id": 1646184,
              "Amplifier": 0
            }
          ],
          "AlcPercent": 46,
          "Color": 14938088
        }
      },
      "type": "heracles:item"
    },
    "icon_background": "heracles:textures/gui/quest_backgrounds/default.png",
    "title": {
      "translate": "Poisonous Vodka"
    }
  },
  "settings": {
    "unlockNotification": false,
    "showDependencyArrow": false,
    "repeatable": false,
    "individual_progress": false,
    "hidden": "IN_PROGRESS"
  }
}