{
  "dependencies": [
    "Tiki Bar"
  ],
  "tasks": {
    "bppc": {
      "type": "heracles:item",
      "item": "beachparty:pumpkin_cocktail",
      "amount": 8,
      "collection": "AUTOMATIC",
      "title": "",
      "icon": {
        "item": {
          "id": "minecraft:air",
          "count": 0
        },
        "type": "heracles:item"
      }
    }
  },
  "rewards": {
    "1": {
      "title": "",
      "icon": {
        "item": {
          "id": "minecraft:air",
          "count": 0
        },
        "type": "heracles:item"
      },
      "item": {
        "id": "minecraft:ice",
        "count": 4
      },
      "type": "heracles:item"
    },
    "2": {
      "title": "",
      "icon": {
        "item": {
          "id": "minecraft:air",
          "count": 0
        },
        "type": "heracles:item"
      },
      "item": {
        "id": "minecraft:pumpkin",
        "count": 2
      },
      "type": "heracles:item"
    }
  },
  "display": {
    "subtitle": {
      "text": ""
    },
    "description": [
      "This drink will give 45 seconds of fire resistance"
    ],
    "groups": {
      "Farmer O' Worlds": {
        "position": [
          210,
          -230
        ]
      }
    },
    "icon": {
      "item": {
        "id": "beachparty:pumpkin_cocktail",
        "count": 1
      },
      "type": "heracles:item"
    },
    "icon_background": "heracles:textures/gui/quest_backgrounds/default.png",
    "title": {
      "translate": "Pumpkin Cocktail"
    }
  },
  "settings": {
    "unlockNotification": false,
    "showDependencyArrow": true,
    "repeatable": false,
    "individual_progress": false,
    "hidden": "LOCKED"
  }
}