{
  "dependencies": [
    "Beachparty"
  ],
  "tasks": {
    "bpr": {
      "type": "heracles:item",
      "item": "beachparty:radio",
      "amount": 1,
      "collection": "AUTOMATIC",
      "title": "",
      "icon": {
        "item": {
          "id": "minecraft:air",
          "count": 0
        },
        "type": "heracles:item"
      }
    }
  },
  "rewards": {
    "1": {
      "title": "",
      "icon": {
        "item": {
          "id": "minecraft:air",
          "count": 0
        },
        "type": "heracles:item"
      },
      "item": {
        "id": "beachparty:overgrown_disc",
        "count": 1
      },
      "type": "heracles:item"
    }
  },
  "display": {
    "subtitle": {
      "text": ""
    },
    "description": [
      "The radio will play cozy beach themed tunes, it can be turned on and off with right click and you can switch the music with the scrollwheel"
    ],
    "groups": {
      "Farmer O' Worlds": {
        "position": [
          120,
          -265
        ]
      }
    },
    "icon": {
      "item": {
        "id": "beachparty:radio",
        "count": 1
      },
      "type": "heracles:item"
    },
    "icon_background": "heracles:textures/gui/quest_backgrounds/default.png",
    "title": {
      "translate": "Radio"
    }
  },
  "settings": {
    "unlockNotification": false,
    "showDependencyArrow": true,
    "repeatable": false,
    "individual_progress": false,
    "hidden": "LOCKED"
  }
}