{
  "dependencies": [
    "Grapes"
  ],
  "tasks": {
    "rsg": {
      "type": "heracles:item",
      "item": "vinery:savanna_grapes_red",
      "amount": 1,
      "collection": "AUTOMATIC",
      "title": "",
      "icon": {
        "item": {
          "id": "minecraft:air",
          "count": 0
        },
        "type": "heracles:item"
      }
    }
  },
  "rewards": {
    "1": {
      "title": "",
      "icon": {
        "item": {
          "id": "minecraft:air",
          "count": 0
        },
        "type": "heracles:item"
      },
      "item": {
        "id": "vinery:savanna_grape_seeds_red",
        "count": 4
      },
      "type": "heracles:item"
    },
    "2": {
      "title": "",
      "icon": {
        "item": {
          "id": "minecraft:air",
          "count": 0
        },
        "type": "heracles:item"
      },
      "item": {
        "id": "minecraft:bone_meal",
        "count": 16
      },
      "type": "heracles:item"
    }
  },
  "display": {
    "subtitle": {
      "text": ""
    },
    "description": [
      "These grapes can be found in savannas and it's subvariants",
      "<br/>",
      "<br/>",
      "They can be planted anywhere or on a stem for extra grapes and growth speed"
    ],
    "groups": {
      "Farmer O' Worlds": {
        "position": [
          300,
          30
        ]
      }
    },
    "icon": {
      "item": {
        "id": "vinery:savanna_grapes_red",
        "count": 1
      },
      "type": "heracles:item"
    },
    "icon_background": "heracles:textures/gui/quest_backgrounds/default.png",
    "title": {
      "translate": "Red Savanna Grapes"
    }
  },
  "settings": {
    "unlockNotification": false,
    "showDependencyArrow": true,
    "repeatable": false,
    "individual_progress": false,
    "hidden": "LOCKED"
  }
}