{
  "dependencies": [
    "Farmer's Delight"
  ],
  "tasks": {
    "fdbs": {
      "type": "heracles:item",
      "item": "farmersdelight:bacon_sandwich",
      "amount": 8,
      "collection": "AUTOMATIC",
      "title": "",
      "icon": {
        "item": {
          "id": "minecraft:air",
          "count": 0
        },
        "type": "heracles:item"
      }
    },
    "fdcs": {
      "type": "heracles:item",
      "item": "farmersdelight:chicken_sandwich",
      "amount": 8,
      "collection": "AUTOMATIC",
      "title": "",
      "icon": {
        "item": {
          "id": "minecraft:air",
          "count": 0
        },
        "type": "heracles:item"
      }
    },
    "fdcr": {
      "type": "heracles:item",
      "item": "farmersdelight:cabbage_rolls",
      "amount": 8,
      "collection": "AUTOMATIC",
      "title": "",
      "icon": {
        "item": {
          "id": "minecraft:air",
          "count": 0
        },
        "type": "heracles:item"
      }
    },
    "fdes": {
      "type": "heracles:item",
      "item": "farmersdelight:egg_sandwich",
      "amount": 8,
      "collection": "AUTOMATIC",
      "title": "",
      "icon": {
        "item": {
          "id": "minecraft:air",
          "count": 0
        },
        "type": "heracles:item"
      }
    },
    "fdsp": {
      "type": "heracles:item",
      "item": "farmersdelight:stuffed_potato",
      "amount": 8,
      "collection": "AUTOMATIC",
      "title": "",
      "icon": {
        "item": {
          "id": "minecraft:air",
          "count": 0
        },
        "type": "heracles:item"
      }
    },
    "fdmw": {
      "type": "heracles:item",
      "item": "farmersdelight:mutton_wrap",
      "amount": 8,
      "collection": "AUTOMATIC",
      "title": "",
      "icon": {
        "item": {
          "id": "minecraft:air",
          "count": 0
        },
        "type": "heracles:item"
      }
    },
    "fdd": {
      "type": "heracles:item",
      "item": "farmersdelight:dumplings",
      "amount": 8,
      "collection": "AUTOMATIC",
      "title": "",
      "icon": {
        "item": {
          "id": "minecraft:air",
          "count": 0
        },
        "type": "heracles:item"
      }
    },
    "fdh": {
      "type": "heracles:item",
      "item": "farmersdelight:hamburger",
      "amount": 8,
      "collection": "AUTOMATIC",
      "title": "",
      "icon": {
        "item": {
          "id": "minecraft:air",
          "count": 0
        },
        "type": "heracles:item"
      }
    }
  },
  "rewards": {
    "1": {
      "title": "",
      "icon": {
        "item": {
          "id": "minecraft:air",
          "count": 0
        },
        "type": "heracles:item"
      },
      "item": {
        "id": "farmersdelight:beef_patty",
        "count": 2
      },
      "type": "heracles:item"
    },
    "2": {
      "title": "",
      "icon": {
        "item": {
          "id": "minecraft:air",
          "count": 0
        },
        "type": "heracles:item"
      },
      "item": {
        "id": "minecraft:bread",
        "count": 4
      },
      "type": "heracles:item"
    },
    "3": {
      "title": "",
      "icon": {
        "item": {
          "id": "minecraft:air",
          "count": 0
        },
        "type": "heracles:item"
      },
      "item": {
        "id": "farmersdelight:cabbage",
        "count": 2
      },
      "type": "heracles:item"
    }
  },
  "display": {
    "subtitle": {
      "text": ""
    },
    "description": [
      "This is a collection of sandwiches, hamburgers and other types of stuffed foods"
    ],
    "groups": {
      "Farmer O' Worlds": {
        "position": [
          -390,
          75
        ]
      }
    },
    "icon": {
      "item": {
        "id": "farmersdelight:hamburger",
        "count": 1
      },
      "type": "heracles:item"
    },
    "icon_background": "heracles:textures/gui/quest_backgrounds/default.png",
    "title": {
      "translate": "Sandwiches, Hamburgers and More"
    }
  },
  "settings": {
    "unlockNotification": false,
    "showDependencyArrow": true,
    "repeatable": false,
    "individual_progress": false,
    "hidden": "LOCKED"
  }
}