{
  "dependencies": [
    "Croptopia1"
  ],
  "tasks": {
    "ct2": {
      "type": "heracles:item",
      "item": "croptopia:ajvar_toast",
      "amount": 8,
      "collection": "AUTOMATIC",
      "title": "",
      "icon": {
        "item": {
          "id": "minecraft:air",
          "count": 0
        },
        "type": "heracles:item"
      }
    },
    "ct": {
      "type": "heracles:item",
      "item": "croptopia:toast",
      "amount": 8,
      "collection": "AUTOMATIC",
      "title": "",
      "icon": {
        "item": {
          "id": "minecraft:air",
          "count": 0
        },
        "type": "heracles:item"
      }
    },
    "ct1": {
      "type": "heracles:item",
      "item": "croptopia:toast_with_jam",
      "amount": 8,
      "collection": "AUTOMATIC",
      "title": "",
      "icon": {
        "item": {
          "id": "minecraft:air",
          "count": 0
        },
        "type": "heracles:item"
      }
    },
    "ct4": {
      "type": "heracles:item",
      "item": "croptopia:toast_sandwich",
      "amount": 8,
      "collection": "AUTOMATIC",
      "title": "",
      "icon": {
        "item": {
          "id": "minecraft:air",
          "count": 0
        },
        "type": "heracles:item"
      }
    },
    "ct3": {
      "type": "heracles:item",
      "item": "croptopia:avocado_toast",
      "amount": 8,
      "collection": "AUTOMATIC",
      "title": "",
      "icon": {
        "item": {
          "id": "minecraft:air",
          "count": 0
        },
        "type": "heracles:item"
      }
    },
    "ct0": {
      "type": "heracles:item",
      "item": "croptopia:buttered_toast",
      "amount": 8,
      "collection": "AUTOMATIC",
      "title": "",
      "icon": {
        "item": {
          "id": "minecraft:air",
          "count": 0
        },
        "type": "heracles:item"
      }
    }
  },
  "rewards": {
    "toast1": {
      "title": "",
      "icon": {
        "item": {
          "id": "minecraft:air",
          "count": 0
        },
        "type": "heracles:item"
      },
      "item": {
        "id": "minecraft:bread",
        "count": 16
      },
      "type": "heracles:item"
    },
    "toast2": {
      "title": "",
      "icon": {
        "item": {
          "id": "minecraft:air",
          "count": 0
        },
        "type": "heracles:item"
      },
      "item": {
        "id": "minecraft:charcoal",
        "count": 2
      },
      "type": "heracles:item"
    }
  },
  "display": {
    "subtitle": {
      "text": ""
    },
    "description": [
      "/4/Toasts/4/ are an upgrade to regular old bread - they can also be used in combination with other ingredients and foods to make more filling snacks. Toast sandwiches, anyone?"
    ],
    "groups": {
      "Farmer O' Worlds": {
        "position": [
          75,
          250
        ]
      }
    },
    "icon": {
      "item": {
        "id": "croptopia:toast",
        "count": 1
      },
      "type": "heracles:item"
    },
    "icon_background": "heracles:textures/gui/quest_backgrounds/default.png",
    "title": {
      "translate": "Toasts"
    }
  },
  "settings": {
    "unlockNotification": false,
    "showDependencyArrow": true,
    "repeatable": false,
    "individual_progress": false,
    "hidden": "LOCKED"
  }
}
