{
  "dependencies": [
    "Brewing"
  ],
  "tasks": {
    "brewery_wheat_beer": {
      "type": "heracles:item",
      "item": "brewery:beer_wheat",
      "amount": 2,
      "collection": "AUTOMATIC",
      "title": "",
      "icon": {
        "item": {
          "id": "minecraft:air",
          "count": 0
        },
        "type": "heracles:item"
      }
    }
  },
  "rewards": {
    "brewery_wheat_beer": {
      "title": "",
      "icon": {
        "item": {
          "id": "minecraft:air",
          "count": 0
        },
        "type": "heracles:item"
      },
      "item": {
        "id": "brewery:beer_wheat",
        "count": 2
      },
      "type": "heracles:item"
    }
  },
  "display": {
    "subtitle": {
      "text": ""
    },
    "description": [
      "This beer will make animals really want to follow you, perfect for making horses cross a river",
      "<br/>",
      "Can be placed down"
    ],
    "groups": {
      "Farmer O' Worlds": {
        "position": [
          195,
          -430
        ]
      }
    },
    "icon": {
      "item": {
        "id": "brewery:beer_wheat",
        "count": 1
      },
      "type": "heracles:item"
    },
    "icon_background": "heracles:textures/gui/quest_backgrounds/default.png",
    "title": {
      "translate": "Wheat Beer"
    }
  },
  "settings": {
    "unlockNotification": false,
    "showDependencyArrow": true,
    "repeatable": false,
    "individual_progress": false,
    "hidden": "LOCKED"
  }
}