{
  "dependencies": [
    "Utilities"
  ],
  "tasks": {
    "vinery_winemaker_boots": {
      "type": "heracles:item",
      "item": "vinery:winemaker_boots",
      "nbt": {
        "Damage": 0
      },
      "amount": 1,
      "collection": "AUTOMATIC",
      "title": "",
      "icon": {
        "item": {
          "id": "minecraft:air",
          "count": 0
        },
        "type": "heracles:item"
      }
    },
    "vinery_winemaker_apron": {
      "type": "heracles:item",
      "item": "vinery:winemaker_apron",
      "nbt": {
        "Damage": 0
      },
      "amount": 1,
      "collection": "AUTOMATIC",
      "title": "",
      "icon": {
        "item": {
          "id": "minecraft:air",
          "count": 0
        },
        "type": "heracles:item"
      }
    },
    "vinery_winemaker_leggins": {
      "type": "heracles:item",
      "item": "vinery:winemaker_leggings",
      "nbt": {
        "Damage": 0
      },
      "amount": 1,
      "collection": "AUTOMATIC",
      "title": "",
      "icon": {
        "item": {
          "id": "minecraft:air",
          "count": 0
        },
        "type": "heracles:item"
      }
    },
    "vinery_winemaker_hat": {
      "type": "heracles:item",
      "item": "vinery:straw_hat",
      "nbt": {
        "Damage": 0
      },
      "amount": 1,
      "collection": "AUTOMATIC",
      "title": "",
      "icon": {
        "item": {
          "id": "minecraft:air",
          "count": 0
        },
        "type": "heracles:item"
      }
    }
  },
  "rewards": {
    "1": {
      "title": "",
      "icon": {
        "item": {
          "id": "minecraft:air",
          "count": 0
        },
        "type": "heracles:item"
      },
      "item": {
        "id": "minecraft:bone",
        "count": 32
      },
      "type": "heracles:item"
    }
  },
  "display": {
    "subtitle": {
      "text": ""
    },
    "description": [
      "The winemaker armor allows to use bonemeal without consuming it at the cost of ocassionaly losing armor durability"
    ],
    "groups": {
      "Farmer O' Worlds": {
        "position": [
          200,
          60
        ]
      }
    },
    "icon": {
      "item": {
        "id": "vinery:winemaker_leggings",
        "count": 1,
        "nbt": {
          "Damage": 0
        }
      },
      "type": "heracles:item"
    },
    "icon_background": "heracles:textures/gui/quest_backgrounds/default.png",
    "title": {
      "translate": "Winemaker Armor"
    }
  },
  "settings": {
    "unlockNotification": false,
    "showDependencyArrow": true,
    "repeatable": false,
    "individual_progress": false,
    "hidden": "LOCKED"
  }
}