{
  "dependencies": [],
  "tasks": {
    "63A78B39851541A7": {
      "structures": "graveyard:small_graveyard",
      "type": "heracles:structure"
    }
  },
  "rewards": {
    "36352D142DEEC48C": {
      "item": {
        "id": "lootbags:loot_bag",
        "count": 1,
        "nbt": {
          "Type": "UNCOMMON",
          "Color": 5889627,
          "Loot": "aof:loot_bags/misc/agriculturist",
          "Name": "Agriculturist Lootbag"
        }
      },
      "type": "heracles:item"
    },
    "0D54DD2EDD2B15AD": {
      "item": {
        "id": "graveyard:bone_dagger",
        "count": 1,
        "nbt": {
          "Damage": 0
        }
      },
      "type": "heracles:item"
    }
  },
  "display": {
    "subtitle": {
      "translate": "Locate a Small Graveyard structure. Be sure to have a look or two below the graves for shiny loot."
    },
    "description": [
      "<h2>Locate a Small Graveyard structure. Be sure to have a look or two below the graves for shiny loot.</h2>",
      "---"
    ],
    "groups": {
      "Adventurer": {
        "position": [
          32,
          -64
        ]
      }
    },
    "icon": {
      "item": {
        "id": "graveyard:skull_with_rib_cage",
        "count": 1
      },
      "type": "heracles:item"
    },
    "icon_background": "heracles:textures/gui/quest_backgrounds/default.png",
    "title": {
      "translate": "§4Find a Graveyard"
    }
  },
  "settings": {
    "showDependencyArrow": true,
    "repeatable": false,
    "autoClaimRewards": false,
    "individual_progress": false,
    "hidden": "LOCKED",
    "unlockNotification": false
  }
}