{
  "dependencies": [],
  "tasks": {
    "09B4372F749D9625": {
      "icon": {
        "item": {
          "id": "minecells:conjunctivius_respawn_rune",
          "count": 1
        },
        "type": "heracles:item"
      },
      "from": "minecraft:overworld",
      "to": "minecells:prison",
      "type": "heracles:changed_dimension"
    }
  },
  "rewards": {
    "75521584B37DD8A1": {
      "item": {
        "id": "lootbags:loot_bag",
        "count": 1,
        "nbt": {
          "Type": "LEGENDARY",
          "Color": 16103753,
          "Loot": "aof:loot_bags/misc/artifacts",
          "Name": "Artifact Lootbag"
        }
      },
      "type": "heracles:item"
    }
  },
  "display": {
    "subtitle": {
      "translate": "Dive into the story of Dead Cells!"
    },
    "description": [
      "<h2>Dive into the story of Dead Cells!</h2>",
      "---",
      "To start your adventure &&rwith &&bMine Cells&&r, &&6find a portal structure&&r. The &&bportal&&r will &&6activate&&r for you automatically if you've already acquired diamonds in the world.",
      "",
      "&&bMine Cells &&rfeatures new &&bMonsters &&rwhich attempt to faithfully recreate the look and feel of the original game.",
      "",
      "&&bMine Cells &&6introduces one new boss&&r - &&bThe Conjunctivius&&r.",
      "",
      "You can find her lair in the &&bPrison structure &&r/ &&bdimension&&r.",
      "---"
    ],
    "groups": {
      "Adventurer": {
        "position": [
          -64,
          32
        ]
      }
    },
    "icon": {
      "item": {
        "id": "minecells:conjunctivius_respawn_rune",
        "count": 1
      },
      "type": "heracles:item"
    },
    "icon_background": "heracles:textures/gui/quest_backgrounds/default.png",
    "title": {
      "translate": "§6Mine Cells"
    }
  },
  "settings": {
    "showDependencyArrow": true,
    "repeatable": false,
    "autoClaimRewards": false,
    "individual_progress": false,
    "hidden": "LOCKED",
    "unlockNotification": false
  }
}