{
  "dependencies": [],
  "tasks": {
    "coz im a rocketmaaaaan": {
      "item": "ad_astra:tier_1_rocket",
      "type": "heracles:item_interaction"
    }
  },
  "rewards": {
    "465969990392BD70": {
      "item": {
        "id": "lootbags:loot_bag",
        "count": 1,
        "nbt": {
          "Type": "RARE",
          "Color": 11763949,
          "Loot": "aof:loot_bags/ad_astra/rare",
          "Name": "Ad Astra! Rare Lootbag"
        }
      },
      "type": "heracles:item"
    },
    "583873BD842B01B4": {
      "item": {
        "id": "ad_astra:cheese",
        "count": 16
      },
      "type": "heracles:item"
    }
  },
  "display": {
    "subtitle": {
      "translate": "To the moon!"
    },
    "description": [
      "<h2>To the moon!</h2>",
      "---",
      "&&6Ad Astra &&ris a &&btechnology &&rand &&bspace exploration &&rmod.",
      "",
      "It allows you to build &&bRockets &&rcapable of &&bSpace Travel&&r. Yes, even mineable &&eCheese.",
      "",
      "&&6You can explore &&rmultiple planets throughout the &&bSolar System&&r, build &&boxygenated &&rspace stations and &&bbases &&rsurvivable in space.",
      "",
      "Had dreams about being an astronaut? This is it!",
      "",
      "&&6Complete this quest &&rby crafting the &&bAstrodux&&r.",
      "---"
    ],
    "groups": {
      "Adventurer": {
        "position": [
          -96,
          -16
        ]
      }
    },
    "icon": {
      "item": {
        "id": "ad_astra:tier_1_rocket",
        "count": 1
      },
      "type": "heracles:item"
    },
    "icon_background": "heracles:textures/gui/quest_backgrounds/default.png",
    "title": {
      "translate": "§9Space Travels"
    }
  },
  "settings": {
    "showDependencyArrow": true,
    "repeatable": false,
    "autoClaimRewards": false,
    "individual_progress": false,
    "hidden": "LOCKED",
    "unlockNotification": false
  }
}