{
  "dependencies": [
    "the_midgame_age"
  ],
  "tasks": {
    "advanced_large_steam_boiler_task": {
      "type": "heracles:item",
      "item": "modern_industrialization:advanced_large_steam_boiler",
      "amount": 1,
      "collection": "AUTOMATIC",
      "title": "",
      "icon": {
        "item": {
          "id": "minecraft:air",
          "count": 0
        },
        "type": "heracles:item"
      }
    }
  },
  "rewards": {
    "advanced_large_steam_boiler_rewa": {
      "title": "",
      "icon": {
        "item": {
          "id": "minecraft:air",
          "count": 0
        },
        "type": "heracles:item"
      },
      "item": {
        "id": "modern_industrialization:coke_block",
        "count": 64
      },
      "type": "heracles:item"
    },
    "mi_rare_lootbag": {
      "title": "",
      "icon": {
        "item": {
          "id": "minecraft:air",
          "count": 0
        },
        "type": "heracles:item"
      },
      "item": {
        "id": "lootbags:loot_bag",
        "count": 1,
        "nbt": {
          "Type": "RARE",
          "Color": 16425539,
          "Loot": "aof:loot_bags/mi/rare",
          "Name": "Modern Industrialization Rare Lootbag"
        }
      },
      "type": "heracles:item"
    }
  },
  "display": {
    "subtitle": {
      "text": ""
    },
    "description": [
      "<hr/>",
      "# &&eAdvanced Large Steam Boiler",
      "<br/>",
      "  Upgrade those /b/Large Steam Boilers/b/ already! This advanced version can /6/quadruple the /b/Steam/b/ production to 1024 mb/t of steam at full temperature/6. It's a little taller so remember to use the /b/Wrench/b/ to see multiblock shape and block placement.",
      "<hr/>"
    ],
    "groups": {
      "Modern Industrialization": {
        "position": [
          740,
          50
        ]
      }
    },
    "icon": {
      "item": {
        "id": "modern_industrialization:advanced_large_steam_boiler",
        "count": 1
      },
      "type": "heracles:item"
    },
    "icon_background": "heracles:textures/gui/quest_backgrounds/default.png",
    "title": {
      "translate": "Advanced Large Steam Boiler"
    }
  },
  "settings": {
    "unlockNotification": false,
    "showDependencyArrow": true,
    "repeatable": false,
    "individual_progress": false,
    "hidden": "LOCKED"
  }
}
