{
  "dependencies": [
    "fire_clay"
  ],
  "tasks": {
    "bronze_furnace_task": {
      "type": "heracles:item",
      "item": "modern_industrialization:bronze_furnace",
      "amount": 1,
      "collection": "AUTOMATIC",
      "title": "",
      "icon": {
        "item": {
          "id": "minecraft:air",
          "count": 0
        },
        "type": "heracles:item"
      }
    }
  },
  "rewards": {
    "mi_common_lootbag": {
      "title": "",
      "icon": {
        "item": {
          "id": "minecraft:air",
          "count": 0
        },
        "type": "heracles:item"
      },
      "item": {
        "id": "lootbags:loot_bag",
        "count": 1,
        "nbt": {
          "Type": "COMMON",
          "Color": 16425539,
          "Loot": "aof:loot_bags/mi/common",
          "Name": "Modern Industrialization Common Lootbag"
        }
      },
      "type": "heracles:item"
    }
  },
  "display": {
    "subtitle": {
      "text": ""
    },
    "description": [
      "<hr/>",
      "# &&eBronze Furnace",
      "<br/>",
      " Smelting time! This is the /b/Bronze Furnace/b/ and despite it being just as slow as your regular /b/Furnace/b/, the difference is that this one /6/uses --20-- times less fuel/6/! Thank /b/Steam/b/ for being so efficient!",
      "<hr/>"
    ],
    "groups": {
      "Modern Industrialization": {
        "position": [
          300,
          -35
        ]
      }
    },
    "icon": {
      "item": {
        "id": "modern_industrialization:bronze_furnace",
        "count": 1
      },
      "type": "heracles:item"
    },
    "icon_background": "heracles:textures/gui/quest_backgrounds/default.png",
    "title": {
      "translate": "Bronze Furnace"
    }
  },
  "settings": {
    "unlockNotification": false,
    "showDependencyArrow": true,
    "repeatable": false,
    "individual_progress": false,
    "hidden": "LOCKED"
  }
}