{
  "dependencies": [
    "the_midgame_age"
  ],
  "tasks": {
    "chemical_reactor_task": {
      "type": "heracles:item",
      "item": "modern_industrialization:chemical_reactor",
      "amount": 1,
      "collection": "AUTOMATIC",
      "title": "",
      "icon": {
        "item": {
          "id": "minecraft:air",
          "count": 0
        },
        "type": "heracles:item"
      }
    }
  },
  "rewards": {
    "chemical_reactor_reward": {
      "title": "",
      "icon": {
        "item": {
          "id": "minecraft:air",
          "count": 0
        },
        "type": "heracles:item"
      },
      "item": {
        "id": "modern_industrialization:sulfuric_acid_bucket",
        "count": 1
      },
      "type": "heracles:item"
    },
    "mi_rare_lootbag": {
      "title": "",
      "icon": {
        "item": {
          "id": "minecraft:air",
          "count": 0
        },
        "type": "heracles:item"
      },
      "item": {
        "id": "lootbags:loot_bag",
        "count": 1,
        "nbt": {
          "Type": "RARE",
          "Color": 16425539,
          "Loot": "aof:loot_bags/mi/rare",
          "Name": "Modern Industrialization Rare Lootbag"
        }
      },
      "type": "heracles:item"
    }
  },
  "display": {
    "subtitle": {
      "text": ""
    },
    "description": [
      "<hr/>",
      "# &&eChemical Reactor",
      "<br/>",
      "  Say my name. ||Winston||? You're god damn right. The /b/Chemical Reactor/b/ can be used as an enclosed machine to take advantage of the/6/ chemical reaction between substances/6/ in this world to make new things. The /b/Chemical Reactor/b/ will encourage these reactions and keep them isolated so you won't be hurt or get sick from released fumes, liquids, or solids.",
      "<br/>",
      "  Now, what do you say? Let's get cookin'.",
      "<hr/>"
    ],
    "groups": {
      "Modern Industrialization": {
        "position": [
          840,
          -17
        ]
      }
    },
    "icon": {
      "item": {
        "id": "modern_industrialization:chemical_reactor",
        "count": 1
      },
      "type": "heracles:item"
    },
    "icon_background": "heracles:textures/gui/quest_backgrounds/default.png",
    "title": {
      "translate": "Chemical Reactor"
    }
  },
  "settings": {
    "unlockNotification": false,
    "showDependencyArrow": true,
    "repeatable": false,
    "individual_progress": false,
    "hidden": "LOCKED"
  }
}
