{
  "dependencies": [
    "your_first_bronze"
  ],
  "tasks": {
    "coke_oven_task_4": {
      "type": "heracles:item",
      "item": "modern_industrialization:bronze_item_output_hatch",
      "amount": 1,
      "collection": "AUTOMATIC",
      "title": "",
      "icon": {
        "item": {
          "id": "minecraft:air",
          "count": 0
        },
        "type": "heracles:item"
      }
    },
    "coke_oven_task_5": {
      "type": "heracles:item",
      "item": "modern_industrialization:bronze_fluid_input_hatch",
      "amount": 1,
      "collection": "AUTOMATIC",
      "title": "",
      "icon": {
        "item": {
          "id": "minecraft:air",
          "count": 0
        },
        "type": "heracles:item"
      }
    },
    "coke_oven_task_6": {
      "type": "heracles:item",
      "item": "modern_industrialization:bronze_fluid_output_hatch",
      "amount": 1,
      "collection": "AUTOMATIC",
      "title": "",
      "icon": {
        "item": {
          "id": "minecraft:air",
          "count": 0
        },
        "type": "heracles:item"
      }
    },
    "coke_oven_task_1": {
      "type": "heracles:item",
      "item": "modern_industrialization:coke_oven",
      "amount": 1,
      "collection": "AUTOMATIC",
      "title": "",
      "icon": {
        "item": {
          "id": "minecraft:air",
          "count": 0
        },
        "type": "heracles:item"
      }
    },
    "coke_oven_task_2": {
      "type": "heracles:item",
      "item": "minecraft:bricks",
      "amount": 21,
      "collection": "AUTOMATIC",
      "title": "",
      "icon": {
        "item": {
          "id": "minecraft:air",
          "count": 0
        },
        "type": "heracles:item"
      }
    },
    "coke_oven_task_3": {
      "type": "heracles:item",
      "item": "modern_industrialization:bronze_item_input_hatch",
      "amount": 1,
      "collection": "AUTOMATIC",
      "title": "",
      "icon": {
        "item": {
          "id": "minecraft:air",
          "count": 0
        },
        "type": "heracles:item"
      }
    }
  },
  "rewards": {
    "mi_common_lootbag": {
      "title": "",
      "icon": {
        "item": {
          "id": "minecraft:air",
          "count": 0
        },
        "type": "heracles:item"
      },
      "item": {
        "id": "lootbags:loot_bag",
        "count": 1,
        "nbt": {
          "Type": "COMMON",
          "Color": 16425539,
          "Loot": "aof:loot_bags/mi/common",
          "Name": "Modern Industrialization Common Lootbag"
        }
      },
      "type": "heracles:item"
    }
  },
  "display": {
    "subtitle": {
      "text": ""
    },
    "description": [
      "<hr/>",
      "# &&eCoke Oven",
      "<br/>",
      "  The /b/Coke Oven/b/ is a large structure, larger than only a single block. This /6/multiblock structure/6/ is used to take /b/Coal/b/ or /b/Coal Dust/b/ and heat it in a location with the absence of air and producing /b/Coal Coke/b/ and occasionally some /b/Creosote Oil/b/. You can use /b/Creosote Oil/b/ for the production of /b/Lubricant/b/ and /b/Coal Coke/b/ for /b/Steel Ingots/b/ or just a powerful /6/fuel/6/ lasting 4x as long!",
      "<br/>",
      "  The /b/Coke Oven/b/ block here is the role of the /6/central controller/6/. You will place other blocks surrounding it in a pattern that will eventually construct the full multiblock.",
      "<br/>",
      "  Every multiblock is managed by a controller, but you usually cannot interact with the controller directly but instead through /6/input and output hatches/6/ that you place in certain spots of the multiblock. ",
      "<br/>",
      "  You'll need a /b/Fluid Input Hatch/b/ to handle an input of /b/Steam/b/ to power the /b/Coke Oven/b/, an /b/Item Input Hatch/b/ as a way to input the /b/Coal/b/ and an /b/Item Output Hatch/b/ to output the /b/Coke/b/. A /b/Fluid Output Hatch/b/ is not required and will allow the multiblock to run without it, but with it you can extract the /6/Creosote  Oil/6/ from the /b/Coal/b/. Normally if you don't have enough of the correct hatches required, the multiblock will not function.",
      "<br/>",
      "  If you hold a /b/Wrench/b/, a projection of the blocks needed for the rest of the multiblock will show after you've placed down the controller block. The specific holographic block will disappear if the correct block is placed, or will turn red if the block in that location is incorrect.",
      "<br/>",
      "  If you hold a hatch in your hand, there will be green highlighted location where the hatches can go. If you placed the hatch outside of those highlighted locations, the multiblock will not recognize the hatch.",
      "<br/>",
      "  One the /b/Coke Oven/b/ controller states that it's shape is valid, you can /6/insert/6/ /b/Steam/b/ though the /b/Fluid Input Hatch/b/. Puting /b/Coal/b/ or /b/Coal Dust/b/ into the /b/Item Input Hatch/b/ will allow the /b/Coke Oven/b/ to fire up and start producing. If it doesn't work, retrace your steps and find out what went wrong.",
      "<hr/>"
    ],
    "groups": {
      "Modern Industrialization": {
        "position": [
          250,
          0
        ]
      }
    },
    "icon": {
      "item": {
        "id": "modern_industrialization:coke_oven",
        "count": 1
      },
      "type": "heracles:item"
    },
    "icon_background": "heracles:textures/gui/quest_backgrounds/default.png",
    "title": {
      "translate": "Coke Oven"
    }
  },
  "settings": {
    "unlockNotification": false,
    "showDependencyArrow": true,
    "repeatable": false,
    "individual_progress": false,
    "hidden": "LOCKED"
  }
}