{
  "dependencies": [
    "the_electric_age"
  ],
  "tasks": {
    "conveyor_belt_task": {
      "type": "heracles:item",
      "item": "modern_industrialization:conveyor",
      "amount": 1,
      "collection": "AUTOMATIC",
      "title": "",
      "icon": {
        "item": {
          "id": "minecraft:air",
          "count": 0
        },
        "type": "heracles:item"
      }
    }
  },
  "rewards": {
    "conveyor_belt_reward": {
      "title": "",
      "icon": {
        "item": {
          "id": "minecraft:air",
          "count": 0
        },
        "type": "heracles:item"
      },
      "item": {
        "id": "modern_industrialization:conveyor",
        "count": 1
      },
      "type": "heracles:item"
    },
    "mi_common_lootbag": {
      "title": "",
      "icon": {
        "item": {
          "id": "minecraft:air",
          "count": 0
        },
        "type": "heracles:item"
      },
      "item": {
        "id": "lootbags:loot_bag",
        "count": 1,
        "nbt": {
          "Type": "COMMON",
          "Color": 16425539,
          "Loot": "aof:loot_bags/mi/common",
          "Name": "Modern Industrialization Common Lootbag"
        }
      },
      "type": "heracles:item"
    }
  },
  "display": {
    "subtitle": {
      "text": ""
    },
    "description": [
      "<hr/>",
      "# &&eConveyor Belts",
      "<br/>",
      "  All aboard the item express! /b/Conveyor Belts/b/ are used to move items around within your machines. They use /b/Motors/b/ to turn and /b/Rubber Sheets/b/ as a platform to move. /6/You should automate these/6/.",
      "<hr/>"
    ],
    "groups": {
      "Modern Industrialization": {
        "position": [
          640,
          -85
        ]
      }
    },
    "icon": {
      "item": {
        "id": "modern_industrialization:conveyor",
        "count": 1
      },
      "type": "heracles:item"
    },
    "icon_background": "heracles:textures/gui/quest_backgrounds/default.png",
    "title": {
      "translate": "Conveyor Belts"
    }
  },
  "settings": {
    "unlockNotification": false,
    "showDependencyArrow": true,
    "repeatable": false,
    "individual_progress": false,
    "hidden": "LOCKED"
  }
}