{
  "dependencies": [
    "the_lategame_age"
  ],
  "tasks": {
    "distillation_tower_task": {
      "type": "heracles:item",
      "item": "modern_industrialization:distillation_tower",
      "amount": 1,
      "collection": "AUTOMATIC",
      "title": "",
      "icon": {
        "item": {
          "id": "minecraft:air",
          "count": 0
        },
        "type": "heracles:item"
      }
    }
  },
  "rewards": {
    "mi_epic_lootbag": {
      "title": "",
      "icon": {
        "item": {
          "id": "minecraft:air",
          "count": 0
        },
        "type": "heracles:item"
      },
      "item": {
        "id": "lootbags:loot_bag",
        "count": 1,
        "nbt": {
          "Type": "EPIC",
          "Color": 16425539,
          "Loot": "aof:loot_bags/mi/epic",
          "Name": "Modern Industrialization Epic Lootbag"
        }
      },
      "type": "heracles:item"
    },
    "distillation_tower_reward": {
      "title": "",
      "icon": {
        "item": {
          "id": "minecraft:air",
          "count": 0
        },
        "type": "heracles:item"
      },
      "item": {
        "id": "modern_industrialization:clean_stainless_steel_machine_casing",
        "count": 8
      },
      "type": "heracles:item"
    }
  },
  "display": {
    "subtitle": {
      "text": ""
    },
    "description": [
      "<hr/>",
      "# &&eDistillation Tower",
      "<br/>",
      "  Remember when I said the /b/Distillery/b/ could only output one type of fluid per cycle? Well, this is your upgrade! /6/You can choose how many layers you'd like to, up to 9/6/, and it'll output one fluid --per layer--! To choose which size you want to have the /b/Distillation Tower/b/ set to, use the selector in the top left of it's screen. Happy Distilling!",
      "<hr/>"
    ],
    "groups": {
      "Modern Industrialization": {
        "position": [
          1055,
          -122
        ]
      }
    },
    "icon": {
      "item": {
        "id": "modern_industrialization:distillation_tower",
        "count": 1
      },
      "type": "heracles:item"
    },
    "icon_background": "heracles:textures/gui/quest_backgrounds/default.png",
    "title": {
      "translate": "Distillation Tower"
    }
  },
  "settings": {
    "unlockNotification": false,
    "showDependencyArrow": true,
    "repeatable": false,
    "individual_progress": false,
    "hidden": "LOCKED"
  }
}
