{
  "dependencies": [
    "the_midgame_age"
  ],
  "tasks": {
    "electrolyzer_task": {
      "type": "heracles:item",
      "item": "modern_industrialization:electrolyzer",
      "amount": 1,
      "collection": "AUTOMATIC",
      "title": "",
      "icon": {
        "item": {
          "id": "minecraft:air",
          "count": 0
        },
        "type": "heracles:item"
      }
    }
  },
  "rewards": {
    "electrolyzer_reward": {
      "title": "",
      "icon": {
        "item": {
          "id": "minecraft:air",
          "count": 0
        },
        "type": "heracles:item"
      },
      "item": {
        "id": "modern_industrialization:bauxite_dust",
        "count": 10
      },
      "type": "heracles:item"
    },
    "mi_rare_lootbag": {
      "title": "",
      "icon": {
        "item": {
          "id": "minecraft:air",
          "count": 0
        },
        "type": "heracles:item"
      },
      "item": {
        "id": "lootbags:loot_bag",
        "count": 1,
        "nbt": {
          "Type": "RARE",
          "Color": 16425539,
          "Loot": "aof:loot_bags/mi/rare",
          "Name": "Modern Industrialization Rare Lootbag"
        }
      },
      "type": "heracles:item"
    }
  },
  "display": {
    "subtitle": {
      "text": ""
    },
    "description": [
      "<hr/>",
      "# &&eElectrolyzer",
      "<br/>",
      "  This is a new electric machine that uses strong electric currents to split materials into different parts. Most notably, you can /6/split /b/Water/b/ into it's two major components: /b/Hydrogen/b/ and /b/Oxygen/b//6/. This process is called/6/ Electrolysis/6/ and it works by using electric current to split ||ionic compounds|| into their elements.",
      "<hr/>"
    ],
    "groups": {
      "Modern Industrialization": {
        "position": [
          840,
          52
        ]
      }
    },
    "icon": {
      "item": {
        "id": "modern_industrialization:electrolyzer",
        "count": 1
      },
      "type": "heracles:item"
    },
    "icon_background": "heracles:textures/gui/quest_backgrounds/default.png",
    "title": {
      "translate": "Electrolyzer"
    }
  },
  "settings": {
    "unlockNotification": false,
    "showDependencyArrow": true,
    "repeatable": false,
    "individual_progress": false,
    "hidden": "LOCKED"
  }
}
