{
  "dependencies": [
    "polarizer"
  ],
  "tasks": {
    "electric_blast_furnace_task_2": {
      "type": "heracles:item",
      "item": "modern_industrialization:heatproof_machine_casing",
      "amount": 17,
      "collection": "AUTOMATIC",
      "title": "",
      "icon": {
        "item": {
          "id": "minecraft:air",
          "count": 0
        },
        "type": "heracles:item"
      }
    },
    "electric_blast_furnace_task_3": {
      "type": "heracles:item",
      "item": "modern_industrialization:cupronickel_coil",
      "amount": 16,
      "collection": "AUTOMATIC",
      "title": "",
      "icon": {
        "item": {
          "id": "minecraft:air",
          "count": 0
        },
        "type": "heracles:item"
      }
    },
    "electric_blast_furnace": {
      "type": "heracles:item",
      "item": "modern_industrialization:electric_blast_furnace",
      "amount": 1,
      "collection": "AUTOMATIC",
      "title": "",
      "icon": {
        "item": {
          "id": "minecraft:air",
          "count": 0
        },
        "type": "heracles:item"
      }
    }
  },
  "rewards": {
    "electric_blast_furnace_reward_2": {
      "title": "",
      "icon": {
        "item": {
          "id": "minecraft:air",
          "count": 0
        },
        "type": "heracles:item"
      },
      "item": {
        "id": "modern_industrialization:steel_item_output_hatch",
        "count": 1
      },
      "type": "heracles:item"
    },
    "electric_blast_furnace_reward": {
      "title": "",
      "icon": {
        "item": {
          "id": "minecraft:air",
          "count": 0
        },
        "type": "heracles:item"
      },
      "item": {
        "id": "modern_industrialization:steel_item_input_hatch",
        "count": 1
      },
      "type": "heracles:item"
    }
  },
  "display": {
    "subtitle": {
      "text": ""
    },
    "description": [
      "<hr/>",
      "# &&eElectric Blast Furnace (EBF)",
      "<br/>",
      "  Time to heat things up by a few notches? This is the electric version of the /b/Steam Blast Furnace/b/. The /b/Electric Blast Furnace/b/ uses induction heating to produce extreme temperatures, unlocking a plethora of new recipes. Plus, it's /6/overclock is bounded to 128 EU/t by default/6/, just like other multiblock electric machines.",
      "<br/>",
      "  The /b/Electronic Blast Furnace/b/ or /b/EBF/b/ is made out of purely /b/Heatproof Machine Casings/b/ and /b/Cupronickel Coils/b/. /6/Use your /b/Wrench/b/ to see the mutliblock's shape and block placement/6/. The controller is placed on the bottom layer and hatches and be placed on the top or bottom layer.",
      "<br/>",
      " /6/ Don't forget to add an Energy Input Hatch(es)/6/ or the EBF won't have any energy to run! Start with a /b/LV Energy Input Hatch/b/ and you can upgrade to higher tier /b/Energy Input Hatches/b/ when you have the appropriate power tiers. Remember, the /b/LV Energy Input Hatch/b/ will only connect to /b/LV cables/b/.",
      "<br/>",
      "  You'll also need item or fluid input hatches and item or fluid output hatches based off of the use case of the /b/EBF/b/. Check your REI for it's new recipes and choose hatches based off your needs.",
      "<hr/>"
    ],
    "groups": {
      "Modern Industrialization": {
        "position": [
          690,
          0
        ]
      }
    },
    "icon": {
      "item": {
        "id": "modern_industrialization:electric_blast_furnace",
        "count": 1
      },
      "type": "heracles:item"
    },
    "icon_background": "heracles:textures/gui/quest_backgrounds/default.png",
    "title": {
      "translate": "Electric Blast Furnace"
    }
  },
  "settings": {
    "unlockNotification": false,
    "showDependencyArrow": true,
    "repeatable": false,
    "individual_progress": false,
    "hidden": "LOCKED"
  }
}