{
  "dependencies": [
    "the_midgame_age"
  ],
  "tasks": {
    "electric_quarry_task_4": {
      "type": "heracles:item",
      "item": "minecraft:chain",
      "amount": 4,
      "collection": "AUTOMATIC",
      "title": "",
      "icon": {
        "item": {
          "id": "minecraft:air",
          "count": 0
        },
        "type": "heracles:item"
      }
    },
    "electric_quarry_task_3": {
      "type": "heracles:item",
      "item": "modern_industrialization:steel_machine_casing_pipe",
      "amount": 6,
      "collection": "AUTOMATIC",
      "title": "",
      "icon": {
        "item": {
          "id": "minecraft:air",
          "count": 0
        },
        "type": "heracles:item"
      }
    },
    "electric_quarry_task_2": {
      "type": "heracles:item",
      "item": "modern_industrialization:steel_machine_casing",
      "amount": 16,
      "collection": "AUTOMATIC",
      "title": "",
      "icon": {
        "item": {
          "id": "minecraft:air",
          "count": 0
        },
        "type": "heracles:item"
      }
    },
    "electric_quarry_task": {
      "type": "heracles:item",
      "item": "modern_industrialization:electric_quarry",
      "amount": 1,
      "collection": "AUTOMATIC",
      "title": "",
      "icon": {
        "item": {
          "id": "minecraft:air",
          "count": 0
        },
        "type": "heracles:item"
      }
    }
  },
  "rewards": {
    "electric_quarry_reward_2": {
      "title": "",
      "icon": {
        "item": {
          "id": "minecraft:air",
          "count": 0
        },
        "type": "heracles:item"
      },
      "item": {
        "id": "modern_industrialization:gold_drill_head",
        "count": 4
      },
      "type": "heracles:item"
    },
    "mi_rare_lootbag": {
      "title": "",
      "icon": {
        "item": {
          "id": "minecraft:air",
          "count": 0
        },
        "type": "heracles:item"
      },
      "item": {
        "id": "lootbags:loot_bag",
        "count": 1,
        "nbt": {
          "Type": "RARE",
          "Color": 16425539,
          "Loot": "aof:loot_bags/mi/rare",
          "Name": "Modern Industrialization Rare Lootbag"
        }
      },
      "type": "heracles:item"
    },
    "electric_quarry_reward": {
      "title": "",
      "icon": {
        "item": {
          "id": "minecraft:air",
          "count": 0
        },
        "type": "heracles:item"
      },
      "item": {
        "id": "modern_industrialization:steel_drill_head",
        "count": 4
      },
      "type": "heracles:item"
    }
  },
  "display": {
    "subtitle": {
      "text": ""
    },
    "description": [
      "<hr/>",
      "# &&eElectric Quarry",
      "<br/>",
      "  RESOURCES GO BRRR!!! You've reached the electric version of the /b/Quarry/b/! This one allows you to produce ores at an even faster rate than before --and-- gives you more options for drills. /6/Now you'll be able to use /b/Steel/b/, /b/Gold/b/, /b/Stainless Steel/b/, and /b/Titanium Drills/b//6/ to finish off the rest of the ore production and truly fulfill my promise of never needing to mine for ores ever again!",
      "<br/>",
      "  The structure is --exactly-- the same as the /b/Steam Quarry's/b/ aside from needing an /b/Energy Input Hatch/b/ instead of a /b/Fluid Input Hatch/b/./6/ Make sure you've automated your /b/Bronze Drills/b//6/ by now or else it'll be a pain to keep your quarries running.",
      "<hr/>"
    ],
    "groups": {
      "Modern Industrialization": {
        "position": [
          740,
          -50
        ]
      }
    },
    "icon": {
      "item": {
        "id": "modern_industrialization:electric_quarry",
        "count": 1
      },
      "type": "heracles:item"
    },
    "icon_background": "heracles:textures/gui/quest_backgrounds/default.png",
    "title": {
      "translate": "Electric Quarry"
    }
  },
  "settings": {
    "unlockNotification": false,
    "showDependencyArrow": true,
    "repeatable": false,
    "individual_progress": false,
    "hidden": "LOCKED"
  }
}
