{
  "dependencies": [
    "your_first_bronze"
  ],
  "tasks": {
    "fire_clay_task": {
      "type": "heracles:item",
      "item": "modern_industrialization:fire_clay_brick",
      "amount": 12,
      "collection": "AUTOMATIC",
      "title": "",
      "icon": {
        "item": {
          "id": "minecraft:air",
          "count": 0
        },
        "type": "heracles:item"
      }
    }
  },
  "rewards": {
    "fire_clay_reward_1": {
      "title": "",
      "icon": {
        "item": {
          "id": "minecraft:air",
          "count": 0
        },
        "type": "heracles:item"
      },
      "item": {
        "id": "minecraft:clay_ball",
        "count": 16
      },
      "type": "heracles:item"
    }
  },
  "display": {
    "subtitle": {
      "text": ""
    },
    "description": [
      "<hr/>",
      "# &&eFire Clay",
      "<br/>",
      "  /b/Fire Clay/b/ is a /6/mixture/6/ of plain river /b/Clay/b/ and /b/Brick Dust/b/ as a tempering agent, then /6/re-fired/6/ to harden it to make it withstand extreme temperatures. To make the /b/Brick Dust/b/ you can use your good ol' /b/Forge Hammer/b/ and use it to /6/crush/6/ plain /b/Bricks/b/. You can also use other machines like the /b/Macerator/b/ to make this process more efficient. ",
      "<hr/>"
    ],
    "groups": {
      "Modern Industrialization": {
        "position": [
          250,
          -35
        ]
      }
    },
    "icon": {
      "item": {
        "id": "modern_industrialization:fire_clay_brick",
        "count": 1
      },
      "type": "heracles:item"
    },
    "icon_background": "heracles:textures/gui/quest_backgrounds/default.png",
    "title": {
      "translate": "Fire Clay"
    }
  },
  "settings": {
    "unlockNotification": false,
    "showDependencyArrow": true,
    "repeatable": false,
    "individual_progress": false,
    "hidden": "LOCKED"
  }
}