{
  "dependencies": [
    "the_lategame_age"
  ],
  "tasks": {
    "heat_exchanger_task": {
      "type": "heracles:item",
      "item": "modern_industrialization:heat_exchanger",
      "amount": 1,
      "collection": "AUTOMATIC",
      "title": "",
      "icon": {
        "item": {
          "id": "minecraft:air",
          "count": 0
        },
        "type": "heracles:item"
      }
    }
  },
  "rewards": {
    "heat_exchanger_reward_2": {
      "title": "",
      "icon": {
        "item": {
          "id": "minecraft:air",
          "count": 0
        },
        "type": "heracles:item"
      },
      "item": {
        "id": "modern_industrialization:frostproof_machine_casing",
        "count": 6
      },
      "type": "heracles:item"
    },
    "mi_epic_lootbag": {
      "title": "",
      "icon": {
        "item": {
          "id": "minecraft:air",
          "count": 0
        },
        "type": "heracles:item"
      },
      "item": {
        "id": "lootbags:loot_bag",
        "count": 1,
        "nbt": {
          "Type": "EPIC",
          "Color": 16425539,
          "Loot": "aof:loot_bags/mi/epic",
          "Name": "Modern Industrialization Epic Lootbag"
        }
      },
      "type": "heracles:item"
    },
    "heat_exchanger_reward_1": {
      "title": "",
      "icon": {
        "item": {
          "id": "minecraft:air",
          "count": 0
        },
        "type": "heracles:item"
      },
      "item": {
        "id": "modern_industrialization:heatproof_machine_casing",
        "count": 6
      },
      "type": "heracles:item"
    }
  },
  "display": {
    "subtitle": {
      "text": ""
    },
    "description": [
      "<hr/>",
      "# &&eHeat Exchanger",
      "<br/>",
      "  You can use the /b/Heat Exchanger/b/ to, well, exchange heat. You can recover the /b/High Pressure Water/b/ to be used for another cycle. Remember that /6/pressurizing /b/Water/b/ into /b/High Pressure Water/b/ costs a lot of energy/6/, but the turbine wont necessarily give it back.",
      "<hr/>"
    ],
    "groups": {
      "Modern Industrialization": {
        "position": [
          1090,
          -122
        ]
      }
    },
    "icon": {
      "item": {
        "id": "modern_industrialization:heat_exchanger",
        "count": 1
      },
      "type": "heracles:item"
    },
    "icon_background": "heracles:textures/gui/quest_backgrounds/default.png",
    "title": {
      "translate": "Heat Exchanger"
    }
  },
  "settings": {
    "unlockNotification": false,
    "showDependencyArrow": true,
    "repeatable": false,
    "individual_progress": false,
    "hidden": "LOCKED"
  }
}