{
  "dependencies": [
    "processing_unit"
  ],
  "tasks": {
    "highly_advanced_upgrade_task": {
      "type": "heracles:item",
      "item": "modern_industrialization:highly_advanced_upgrade",
      "amount": 1,
      "collection": "AUTOMATIC",
      "title": "",
      "icon": {
        "item": {
          "id": "minecraft:air",
          "count": 0
        },
        "type": "heracles:item"
      }
    }
  },
  "rewards": {
    "mi_epic_lootbag": {
      "title": "",
      "icon": {
        "item": {
          "id": "minecraft:air",
          "count": 0
        },
        "type": "heracles:item"
      },
      "item": {
        "id": "lootbags:loot_bag",
        "count": 1,
        "nbt": {
          "Type": "EPIC",
          "Color": 16425539,
          "Loot": "aof:loot_bags/mi/epic",
          "Name": "Modern Industrialization Epic Lootbag"
        }
      },
      "type": "heracles:item"
    },
    "highly_advanced_upgrade_reward": {
      "title": "",
      "icon": {
        "item": {
          "id": "minecraft:air",
          "count": 0
        },
        "type": "heracles:item"
      },
      "item": {
        "id": "modern_industrialization:highly_advanced_upgrade",
        "count": 1
      },
      "type": "heracles:item"
    }
  },
  "display": {
    "subtitle": {
      "text": ""
    },
    "description": [
      "<hr/>",
      "# &&eHighly Advanced Upgrade",
      "<br/>",
      "  The last step before total overclock, the most tame but beneficial upgrade, the one and only /b/Highly Advanced Upgrade/b/! Each and every one of these added to your machine /6/increases its max possible power consumption by 256 eu/t/6/. Only a single one of these bad boys will boost your machine to the moon! Use them wisely, they are pretty pricey to make.",
      "<hr/>"
    ],
    "groups": {
      "Modern Industrialization": {
        "position": [
          1087,
          0
        ]
      }
    },
    "icon": {
      "item": {
        "id": "modern_industrialization:highly_advanced_upgrade",
        "count": 1
      },
      "type": "heracles:item"
    },
    "icon_background": "heracles:textures/gui/quest_backgrounds/default.png",
    "title": {
      "translate": "Highly Advanced Upgrade"
    }
  },
  "settings": {
    "unlockNotification": false,
    "showDependencyArrow": true,
    "repeatable": false,
    "individual_progress": false,
    "hidden": "LOCKED"
  }
}