{
  "dependencies": [
    "the_lategame_age"
  ],
  "tasks": {
    "hw_steam_turbine_task": {
      "type": "heracles:item",
      "item": "modern_industrialization:hv_steam_turbine",
      "amount": 1,
      "collection": "AUTOMATIC",
      "title": "",
      "icon": {
        "item": {
          "id": "minecraft:air",
          "count": 0
        },
        "type": "heracles:item"
      }
    }
  },
  "rewards": {
    "mi_epic_lootbag": {
      "title": "",
      "icon": {
        "item": {
          "id": "minecraft:air",
          "count": 0
        },
        "type": "heracles:item"
      },
      "item": {
        "id": "lootbags:loot_bag",
        "count": 1,
        "nbt": {
          "Type": "EPIC",
          "Color": 16425539,
          "Loot": "aof:loot_bags/mi/epic",
          "Name": "Modern Industrialization Epic Lootbag"
        }
      },
      "type": "heracles:item"
    },
    "hv_steam_turbine_reward_1": {
      "title": "",
      "icon": {
        "item": {
          "id": "minecraft:air",
          "count": 0
        },
        "type": "heracles:item"
      },
      "item": {
        "id": "modern_industrialization:mv_hv_transformer",
        "count": 1
      },
      "type": "heracles:item"
    },
    "hv_steam_turbine_reward_2": {
      "title": "",
      "icon": {
        "item": {
          "id": "minecraft:air",
          "count": 0
        },
        "type": "heracles:item"
      },
      "item": {
        "id": "modern_industrialization:kanthal_cable",
        "count": 16
      },
      "type": "heracles:item"
    }
  },
  "display": {
    "subtitle": {
      "text": ""
    },
    "description": [
      "<hr/>",
      "# &&eHV Steam Turbine",
      "<br/>",
      "  Time for another major upgrade! Now you'll be able to make a /6/maximum of 512 eu/t/6/ out of the new /b/HV Steam Turbine/b/! Aside from the increase in energy production four-fold (again), it acts just like the LV and /b/MV Steam Turbine/b/.",
      "<br/>",
      "  You'll need to use a new set of cables for HV now. You'll need to use /b/Aluminum/b/ or /b/Kanthal/b/ cables to be able to transfer this new HV tier of power.",
      "<hr/>"
    ],
    "groups": {
      "Modern Industrialization": {
        "position": [
          985,
          -122
        ]
      }
    },
    "icon": {
      "item": {
        "id": "modern_industrialization:hv_steam_turbine",
        "count": 1
      },
      "type": "heracles:item"
    },
    "icon_background": "heracles:textures/gui/quest_backgrounds/default.png",
    "title": {
      "translate": "HV Steam Turbine"
    }
  },
  "settings": {
    "unlockNotification": false,
    "showDependencyArrow": true,
    "repeatable": false,
    "individual_progress": false,
    "hidden": "LOCKED"
  }
}