{
  "dependencies": [
    "blastproof_alloy_plate"
  ],
  "tasks": {
    "implosion_compressor_task": {
      "type": "heracles:item",
      "item": "modern_industrialization:implosion_compressor",
      "amount": 1,
      "collection": "AUTOMATIC",
      "title": "",
      "icon": {
        "item": {
          "id": "minecraft:air",
          "count": 0
        },
        "type": "heracles:item"
      }
    }
  },
  "rewards": {
    "implosion_compressor_reward": {
      "title": "",
      "icon": {
        "item": {
          "id": "minecraft:air",
          "count": 0
        },
        "type": "heracles:item"
      },
      "item": {
        "id": "modern_industrialization:toluene_bucket",
        "count": 1
      },
      "type": "heracles:item"
    },
    "mi_epic_lootbag": {
      "title": "",
      "icon": {
        "item": {
          "id": "minecraft:air",
          "count": 0
        },
        "type": "heracles:item"
      },
      "item": {
        "id": "lootbags:loot_bag",
        "count": 1,
        "nbt": {
          "Type": "EPIC",
          "Color": 16425539,
          "Loot": "aof:loot_bags/mi/epic",
          "Name": "Modern Industrialization Epic Lootbag"
        }
      },
      "type": "heracles:item"
    },
    "implosion_compressor_reward_2": {
      "title": "",
      "icon": {
        "item": {
          "id": "minecraft:air",
          "count": 0
        },
        "type": "heracles:item"
      },
      "item": {
        "id": "modern_industrialization:nitrogen_bucket",
        "count": 1
      },
      "type": "heracles:item"
    }
  },
  "display": {
    "subtitle": {
      "text": ""
    },
    "description": [
      "<hr/>",
      "# &&eImplosion Compressor",
      "<br/>",
      "  Using /b/Industrial TNT/b/, the /b/Implosion Compressor/b/ is able to compress the dusts and ingots of the most resistant materials. This includes /b/Tungsten/b/, /b/Blast-proof Alloy/b/, /b/Beryllium/b/ and finally /b/Diamonds/b/! Some of those materials will be very important for your journey into nuclear fission.",
      "<br/>",
      "  Now, you've probably noticed that in your journey, you've been able to make /b/Blast-proof Alloy Plates/b/ and /b/Tungsten Nuggets/b/ within your everyday compressor, despite it being a pretty inefficient process. Well now, using the /b/Implosion Compressor/b/, you'll be able to do it faster and even more efficient!",
      "<hr/>"
    ],
    "groups": {
      "Modern Industrialization": {
        "position": [
          1237,
          2
        ]
      }
    },
    "icon": {
      "item": {
        "id": "modern_industrialization:implosion_compressor",
        "count": 1
      },
      "type": "heracles:item"
    },
    "icon_background": "heracles:textures/gui/quest_backgrounds/default.png",
    "title": {
      "translate": "Implosion Compressor"
    }
  },
  "settings": {
    "unlockNotification": false,
    "showDependencyArrow": true,
    "repeatable": false,
    "individual_progress": false,
    "hidden": "LOCKED"
  }
}