{
  "dependencies": [
    "your_first_steel"
  ],
  "tasks": {
    "infinite_resources_task_2": {
      "type": "heracles:item",
      "item": "modern_industrialization:steel_machine_casing",
      "amount": 13,
      "collection": "AUTOMATIC",
      "title": "",
      "icon": {
        "item": {
          "id": "minecraft:air",
          "count": 0
        },
        "type": "heracles:item"
      }
    },
    "infinite_resources_task_1": {
      "type": "heracles:item",
      "item": "modern_industrialization:steam_quarry",
      "amount": 1,
      "collection": "AUTOMATIC",
      "title": "",
      "icon": {
        "item": {
          "id": "minecraft:air",
          "count": 0
        },
        "type": "heracles:item"
      }
    },
    "infinite_resources_task_4": {
      "type": "heracles:item",
      "item": "minecraft:chain",
      "amount": 4,
      "collection": "AUTOMATIC",
      "title": "",
      "icon": {
        "item": {
          "id": "minecraft:air",
          "count": 0
        },
        "type": "heracles:item"
      }
    },
    "infinite_resources_task_3": {
      "type": "heracles:item",
      "item": "modern_industrialization:steel_machine_casing_pipe",
      "amount": 6,
      "collection": "AUTOMATIC",
      "title": "",
      "icon": {
        "item": {
          "id": "minecraft:air",
          "count": 0
        },
        "type": "heracles:item"
      }
    }
  },
  "rewards": {
    "mi_common_lootbag": {
      "title": "",
      "icon": {
        "item": {
          "id": "minecraft:air",
          "count": 0
        },
        "type": "heracles:item"
      },
      "item": {
        "id": "lootbags:loot_bag",
        "count": 1,
        "nbt": {
          "Type": "COMMON",
          "Color": 16425539,
          "Loot": "aof:loot_bags/mi/common",
          "Name": "Modern Industrialization Common Lootbag"
        }
      },
      "type": "heracles:item"
    }
  },
  "display": {
    "subtitle": {
      "text": ""
    },
    "description": [
      "<hr/>",
      "# &&eInfinite Resources?",
      "<br/>",
      "  Remember when I told you that you could build a /b/Quarry/b/ so that you'd never need to go mining for resources again? Well, this is the time! It wont get you --everything--, but it will get you a lot of the main ores. --Everything-- comes later.",
      "<br/>",
      "  The /b/Steam Quarry/b/ is a steam powered multiblock machine that uses different /6/drills/6/ that you install onto it to dig deeper than bedrock and retrieves ores straight from the below, whatever might be under there.",
      "<br/>",
      "  You can check which ores this method will provide by checking REI. I recommend that you have multiple/b/ Steam Blast Furnaces/b/ running before you begin putting together the /b/Quarry/b/ because /6/this will use a LOT of /b/Steel/b//6/.",
      "<hr/>"
    ],
    "groups": {
      "Modern Industrialization": {
        "position": [
          450,
          -50
        ]
      }
    },
    "icon": {
      "item": {
        "id": "modern_industrialization:steam_quarry",
        "count": 1
      },
      "type": "heracles:item"
    },
    "icon_background": "heracles:textures/gui/quest_backgrounds/default.png",
    "title": {
      "translate": "Infinite Resources?"
    }
  },
  "settings": {
    "unlockNotification": false,
    "showDependencyArrow": true,
    "repeatable": false,
    "individual_progress": false,
    "hidden": "LOCKED"
  }
}