{
  "dependencies": [],
  "tasks": {
    "assistancecheck1": {
      "type": "heracles:check"
    }
  },
  "rewards": {
    "miguidereward": {
      "item": {
        "id": "modern_industrialization:guidebook",
        "count": 1
      },
      "type": "heracles:item"
    }
  },
  "display": {
    "subtitle": {
      "text": ""
    },
    "description": [
      "<hr/>",
      "# &&eThe Guide?",
      "<br/>",
      "  Yes, a /b/Book/b/ is something I can manifest. It's not the biggest, but it'll do. /b/This path/b/ will be the most /6/complex/6/ thing you do in this world. I do not /6/suggest/6/ you brute force it; I cannot /6/stress/6/ this enough, take your time with it.",
      "<hr/>"
    ],
    "groups": {
      "Modern Industrialization": {
        "position": [
          0,
          0
        ]
      }
    },
    "icon": {
      "item": {
        "id": "modern_industrialization:guidebook",
        "count": 1
      },
      "type": "heracles:item"
    },
    "icon_background": "heracles:textures/gui/quest_backgrounds/default.png",
    "title": {
      "translate": "A Guide?"
    }
  },
  "settings": {
    "showDependencyArrow": true,
    "repeatable": false,
    "autoClaimRewards": false,
    "individual_progress": false,
    "hidden": "LOCKED",
    "unlockNotification": false
  }
}