{
  "dependencies": [
    "implosion_compressor"
  ],
  "tasks": {
    "mixed_iridium_ingot_task": {
      "type": "heracles:item",
      "item": "modern_industrialization:mixed_ingot_iridium",
      "amount": 1,
      "collection": "AUTOMATIC",
      "title": "",
      "icon": {
        "item": {
          "id": "minecraft:air",
          "count": 0
        },
        "type": "heracles:item"
      }
    }
  },
  "rewards": {
    "mixed_iridium_ingot_reward": {
      "title": "",
      "icon": {
        "item": {
          "id": "minecraft:air",
          "count": 0
        },
        "type": "heracles:item"
      },
      "item": {
        "id": "modern_industrialization:iridium_ingot",
        "count": 4
      },
      "type": "heracles:item"
    },
    "mi_epic_lootbag": {
      "title": "",
      "icon": {
        "item": {
          "id": "minecraft:air",
          "count": 0
        },
        "type": "heracles:item"
      },
      "item": {
        "id": "lootbags:loot_bag",
        "count": 1,
        "nbt": {
          "Type": "EPIC",
          "Color": 16425539,
          "Loot": "aof:loot_bags/mi/epic",
          "Name": "Modern Industrialization Epic Lootbag"
        }
      },
      "type": "heracles:item"
    }
  },
  "display": {
    "subtitle": {
      "text": ""
    },
    "description": [
      "<hr/>",
      "# &&eMixed Iridium Ingot",
      "<br/>",
      "  A mixed ingot containing an ingot of /b/Iridium/b/ sandwiched between two ingots of /b/Blast-proof Alloy Ingots/b/, ready to produce an extremely strong /b/Iridium Plate/b/. Speaking of sandwiches, it looks a bit /b/tasty/b/, doesn't it?",
      "<hr/>"
    ],
    "groups": {
      "Modern Industrialization": {
        "position": [
          1287,
          -17
        ]
      }
    },
    "icon": {
      "item": {
        "id": "modern_industrialization:mixed_ingot_iridium",
        "count": 1
      },
      "type": "heracles:item"
    },
    "icon_background": "heracles:textures/gui/quest_backgrounds/default.png",
    "title": {
      "translate": "Mixed Iridium Ingot"
    }
  },
  "settings": {
    "unlockNotification": false,
    "showDependencyArrow": true,
    "repeatable": false,
    "individual_progress": false,
    "hidden": "LOCKED"
  }
}