{
  "dependencies": [
    "the_midgame_age"
  ],
  "tasks": {
    "oil_drilling_rig_task_4": {
      "type": "heracles:item",
      "item": "minecraft:chain",
      "amount": 18,
      "collection": "AUTOMATIC",
      "title": "",
      "icon": {
        "item": {
          "id": "minecraft:air",
          "count": 0
        },
        "type": "heracles:item"
      }
    },
    "oil_drilling_rig_task_2": {
      "type": "heracles:item",
      "item": "modern_industrialization:steel_machine_casing",
      "amount": 38,
      "collection": "AUTOMATIC",
      "title": "",
      "icon": {
        "item": {
          "id": "minecraft:air",
          "count": 0
        },
        "type": "heracles:item"
      }
    },
    "oil_drilling_rig_task_3": {
      "type": "heracles:item",
      "item": "modern_industrialization:steel_machine_casing_pipe",
      "amount": 6,
      "collection": "AUTOMATIC",
      "title": "",
      "icon": {
        "item": {
          "id": "minecraft:air",
          "count": 0
        },
        "type": "heracles:item"
      }
    },
    "oil_drilling_rig_task_1": {
      "type": "heracles:item",
      "item": "modern_industrialization:oil_drilling_rig",
      "amount": 1,
      "collection": "AUTOMATIC",
      "title": "",
      "icon": {
        "item": {
          "id": "minecraft:air",
          "count": 0
        },
        "type": "heracles:item"
      }
    }
  },
  "rewards": {
    "mi_rare_lootbag": {
      "title": "",
      "icon": {
        "item": {
          "id": "minecraft:air",
          "count": 0
        },
        "type": "heracles:item"
      },
      "item": {
        "id": "lootbags:loot_bag",
        "count": 1,
        "nbt": {
          "Type": "RARE",
          "Color": 16425539,
          "Loot": "aof:loot_bags/mi/rare",
          "Name": "Modern Industrialization Rare Lootbag"
        }
      },
      "type": "heracles:item"
    },
    "oil_drilling_rig_reward": {
      "title": "",
      "icon": {
        "item": {
          "id": "minecraft:air",
          "count": 0
        },
        "type": "heracles:item"
      },
      "item": {
        "id": "modern_industrialization:crude_oil_bucket",
        "count": 1
      },
      "type": "heracles:item"
    }
  },
  "display": {
    "subtitle": {
      "text": ""
    },
    "description": [
      "<hr/>",
      "# &&eOil Drilling Rig",
      "<br/>",
      "  Sweet sweet oil! Oil is a black flammable liquid that forms in the ground over a very --very-- long time. /6/Using a /b/Drilling Rig/b/, you can drill into the ground and extract this oil/6/. Oil isn't the only thing that can be pumped from the floor though. Using different types of drills decide which fluid to mine for. Use your REI to see which drills mine for which fluid.",
      "<br/>",
      "  P.S. Don't forget, this is one of those very complex multiblocks. /6/Use your /b/Wrench/b/ to show you how to build it/6/!",
      "<hr/>"
    ],
    "groups": {
      "Modern Industrialization": {
        "position": [
          840,
          -87
        ]
      }
    },
    "icon": {
      "item": {
        "id": "modern_industrialization:oil_drilling_rig",
        "count": 1
      },
      "type": "heracles:item"
    },
    "icon_background": "heracles:textures/gui/quest_backgrounds/default.png",
    "title": {
      "translate": "Oil Drilling Rig"
    }
  },
  "settings": {
    "unlockNotification": false,
    "showDependencyArrow": true,
    "repeatable": false,
    "individual_progress": false,
    "hidden": "LOCKED"
  }
}