{
  "dependencies": [
    "steel_hatches"
  ],
  "tasks": {
    "use the tip jar please": {
      "title": "I've been tipped",
      "icon": {
        "item": {
          "id": "minecraft:air",
          "count": 0
        },
        "type": "heracles:item"
      },
      "type": "heracles:check"
    }
  },
  "rewards": {},
  "display": {
    "subtitle": {
      "text": ""
    },
    "description": [
      "<hr/>",
      "# &&eQuarry Tips",
      "<br/>",
      "  Do you see those percents on each ore in the quarry outputs? Those are --individual-- percents. /6/Each ore has it's own individual chance/6/. If you place a bronze item output hatch, you'll only get one ore, but the chance that another ore is produced is still there, and thus it could be lost if there is no space for it. /6/Place multiple item output hatches, preferably steel, to increase maximum possible outputs./6/",
      "<hr/>"
    ],
    "groups": {
      "Modern Industrialization": {
        "position": [
          450,
          -150
        ]
      }
    },
    "icon": {
      "item": {
        "id": "bakery:street_sign",
        "count": 1
      },
      "type": "heracles:item"
    },
    "icon_background": "heracles:textures/gui/quest_backgrounds/default.png",
    "title": {
      "translate": "Quarry Tips"
    }
  },
  "settings": {
    "unlockNotification": false,
    "showDependencyArrow": true,
    "repeatable": false,
    "individual_progress": false,
    "hidden": "LOCKED"
  }
}