{
  "dependencies": [
    "the_electric_age"
  ],
  "tasks": {
    "robotic_arms_task": {
      "type": "heracles:item",
      "item": "modern_industrialization:robot_arm",
      "amount": 1,
      "collection": "AUTOMATIC",
      "title": "",
      "icon": {
        "item": {
          "id": "minecraft:air",
          "count": 0
        },
        "type": "heracles:item"
      }
    }
  },
  "rewards": {
    "robotic_arms_reward": {
      "title": "",
      "icon": {
        "item": {
          "id": "minecraft:air",
          "count": 0
        },
        "type": "heracles:item"
      },
      "item": {
        "id": "modern_industrialization:robot_arm",
        "count": 1
      },
      "type": "heracles:item"
    },
    "mi_common_lootbag": {
      "title": "",
      "icon": {
        "item": {
          "id": "minecraft:air",
          "count": 0
        },
        "type": "heracles:item"
      },
      "item": {
        "id": "lootbags:loot_bag",
        "count": 1,
        "nbt": {
          "Type": "COMMON",
          "Color": 16425539,
          "Loot": "aof:loot_bags/mi/common",
          "Name": "Modern Industrialization Common Lootbag"
        }
      },
      "type": "heracles:item"
    }
  },
  "display": {
    "subtitle": {
      "text": ""
    },
    "description": [
      "<hr/>",
      "# &&eRobotic Arms",
      "<br/>",
      "  Beep Boop. /b/Robotic Arms/b/ are ways to automatically move things around within a machine. These can be very complex components and thus are made of /b/Steel/b/ to stay strong and prevent internal damage. /6/You should automate these/6/.",
      "<hr/>"
    ],
    "groups": {
      "Modern Industrialization": {
        "position": [
          605,
          -85
        ]
      }
    },
    "icon": {
      "item": {
        "id": "modern_industrialization:robot_arm",
        "count": 1
      },
      "type": "heracles:item"
    },
    "icon_background": "heracles:textures/gui/quest_backgrounds/default.png",
    "title": {
      "translate": "Robotic Arms"
    }
  },
  "settings": {
    "unlockNotification": false,
    "showDependencyArrow": true,
    "repeatable": false,
    "individual_progress": false,
    "hidden": "LOCKED"
  }
}