{
  "dependencies": [
    "your_first_steel"
  ],
  "tasks": {
    "steel_wiremill_task": {
      "type": "heracles:item",
      "item": "modern_industrialization:steel_wiremill",
      "amount": 1,
      "collection": "AUTOMATIC",
      "title": "",
      "icon": {
        "item": {
          "id": "minecraft:air",
          "count": 0
        },
        "type": "heracles:item"
      }
    }
  },
  "rewards": {
    "steel_wiremill_reward": {
      "title": "",
      "icon": {
        "item": {
          "id": "minecraft:air",
          "count": 0
        },
        "type": "heracles:item"
      },
      "item": {
        "id": "modern_industrialization:steel_plate",
        "count": 4
      },
      "type": "heracles:item"
    }
  },
  "display": {
    "subtitle": {
      "text": ""
    },
    "description": [
      "<hr/>",
      "# &&eSteel Wiremill",
      "<br/>",
      "  Wire! Zap! Time to make your first wire; long strings of highly conductive metals for the transfer of electricity. /6/You can combine these plain wires with your /b/Rubber Sheets/b/ to make /b/Cables/b//6/. Make sure you put enough rubber around those wires, don't want to get shocked!",
      "<hr/>"
    ],
    "groups": {
      "Modern Industrialization": {
        "position": [
          500,
          0
        ]
      }
    },
    "icon": {
      "item": {
        "id": "modern_industrialization:steel_wiremill",
        "count": 1
      },
      "type": "heracles:item"
    },
    "icon_background": "heracles:textures/gui/quest_backgrounds/default.png",
    "title": {
      "translate": "Steel Wiremill"
    }
  },
  "settings": {
    "unlockNotification": false,
    "showDependencyArrow": true,
    "repeatable": false,
    "individual_progress": false,
    "hidden": "LOCKED"
  }
}