{
  "dependencies": [
    "distillery",
    "stainless_steel"
  ],
  "tasks": {
    "the_lategame_age_task": {
      "type": "heracles:item",
      "item": "modern_industrialization:digital_circuit",
      "amount": 1,
      "collection": "AUTOMATIC",
      "title": "",
      "icon": {
        "item": {
          "id": "minecraft:air",
          "count": 0
        },
        "type": "heracles:item"
      }
    }
  },
  "rewards": {
    "mi_epic_lootbag": {
      "title": "",
      "icon": {
        "item": {
          "id": "minecraft:air",
          "count": 0
        },
        "type": "heracles:item"
      },
      "item": {
        "id": "lootbags:loot_bag",
        "count": 1,
        "nbt": {
          "Type": "EPIC",
          "Color": 16425539,
          "Loot": "aof:loot_bags/mi/epic",
          "Name": "Modern Industrialization Epic Lootbag"
        }
      },
      "type": "heracles:item"
    },
    "the_lategame_age_reward": {
      "title": "",
      "icon": {
        "item": {
          "id": "minecraft:air",
          "count": 0
        },
        "type": "heracles:item"
      },
      "item": {
        "id": "modern_industrialization:digital_circuit_board",
        "count": 4
      },
      "type": "heracles:item"
    }
  },
  "display": {
    "subtitle": {
      "text": ""
    },
    "description": [
      "<hr/>",
      "# &&eThe Lategame Age",
      "<br/>",
      "  You've finally reached /b/Digital Circuits/b/! This is where the true power begins. Increase the overclocking capabilities of your machines even further than before, brand new ores from the quarries. /6/You should automate these./6/",
      "<hr/>"
    ],
    "groups": {
      "Modern Industrialization": {
        "position": [
          1037,
          -87
        ]
      }
    },
    "icon": {
      "item": {
        "id": "modern_industrialization:digital_circuit",
        "count": 1
      },
      "type": "heracles:item"
    },
    "icon_background": "heracles:textures/gui/quest_backgrounds/default.png",
    "title": {
      "translate": "The Lategame Age"
    }
  },
  "settings": {
    "unlockNotification": false,
    "showDependencyArrow": true,
    "repeatable": false,
    "individual_progress": false,
    "hidden": "LOCKED"
  }
}