{
  "dependencies": [
    "rubber"
  ],
  "tasks": {
    "the_electric_age_task": {
      "type": "heracles:item",
      "item": "modern_industrialization:analog_circuit",
      "amount": 2,
      "collection": "AUTOMATIC",
      "title": "",
      "icon": {
        "item": {
          "id": "minecraft:air",
          "count": 0
        },
        "type": "heracles:item"
      }
    }
  },
  "rewards": {
    "mi_common_lootbag": {
      "title": "",
      "icon": {
        "item": {
          "id": "minecraft:air",
          "count": 0
        },
        "type": "heracles:item"
      },
      "item": {
        "id": "lootbags:loot_bag",
        "count": 1,
        "nbt": {
          "Type": "COMMON",
          "Color": 16425539,
          "Loot": "aof:loot_bags/mi/common",
          "Name": "Modern Industrialization Common Lootbag"
        }
      },
      "type": "heracles:item"
    }
  },
  "display": {
    "subtitle": {
      "text": ""
    },
    "description": [
      "<hr/>",
      "# &&eThe Electric Age!",
      "<br/>",
      "  Time for a --MAJOR-- upgrade! Electric machines work exactly the same as steam machines, except from the fact /6/they require electricity to function instead of steam/6/ and they can progressively overclock recipes to up to 32 EU/t (for now).",
      "<br/>",
      "  You can use your REI to view the recipes for the electric versions of the machines you are already familiar with. The recipes are more complex and will require more specific machine oriented parts.",
      "<br/>",
      "  Your first main part will be the /b/Analog Circuits/b/. This will be the main circuit for the LV machines as well as the base for high tier circuits and machines. /6/You should automate this as soon as possible/6/.",
      "<br/>",
      "  I strongly suggest that you begin to automate parts as soon as you possibly can. I'll let you know which parts you should automate as we come across them. Doing so will make electric machines practically free as you wont need to manually craft any components by yourself!",
      "<hr/>"
    ],
    "groups": {
      "Modern Industrialization": {
        "position": [
          570,
          0
        ]
      }
    },
    "icon": {
      "item": {
        "id": "modern_industrialization:analog_circuit",
        "count": 1
      },
      "type": "heracles:item"
    },
    "icon_background": "heracles:textures/gui/quest_backgrounds/default.png",
    "title": {
      "translate": "The Electric Age!"
    }
  },
  "settings": {
    "unlockNotification": false,
    "showDependencyArrow": true,
    "repeatable": false,
    "individual_progress": false,
    "hidden": "LOCKED"
  }
}