{
  "dependencies": [
    "fluid_transportation"
  ],
  "tasks": {
    "check": {
      "title": "",
      "icon": {
        "item": {
          "id": "minecraft:air",
          "count": 0
        },
        "type": "heracles:item"
      },
      "type": "heracles:check"
    }
  },
  "rewards": {},
  "display": {
    "subtitle": {
      "text": ""
    },
    "description": [
      "<hr/>",
      "# &&eWhat's a tick?",
      "<br/>",
      " /a/Calm down, Calm down!/a/ A /b/tick/b/ is the /6/shortest amount/6/ of time that can be /6/recorded/6/. it's about a /6/20th/6/ of a /b/second/b/. the world runs off these \"/b/ticks/b/\" and you can /6/use them/6/ to /b/your/b/ advantage!",
      "<hr/>"
    ],
    "groups": {
      "Modern Industrialization": {
        "position": [
          100,
          50
        ]
      }
    },
    "icon": {
      "item": {
        "id": "supplementaries:clock_block",
        "count": 1
      },
      "type": "heracles:item"
    },
    "icon_background": "heracles:textures/gui/quest_backgrounds/default.png",
    "title": {
      "translate": "What's a tick?"
    }
  },
  "settings": {
    "unlockNotification": false,
    "showDependencyArrow": true,
    "repeatable": false,
    "individual_progress": false,
    "hidden": "LOCKED"
  }
}