{
  "dependencies": [
    "distillery"
  ],
  "tasks": {
    "upgrades_task": {
      "type": "heracles:item",
      "item": "modern_industrialization:advanced_upgrade",
      "amount": 1,
      "collection": "AUTOMATIC",
      "title": "",
      "icon": {
        "item": {
          "id": "minecraft:air",
          "count": 0
        },
        "type": "heracles:item"
      }
    }
  },
  "rewards": {
    "mi_rare_lootbag": {
      "title": "",
      "icon": {
        "item": {
          "id": "minecraft:air",
          "count": 0
        },
        "type": "heracles:item"
      },
      "item": {
        "id": "lootbags:loot_bag",
        "count": 1,
        "nbt": {
          "Type": "RARE",
          "Color": 16425539,
          "Loot": "aof:loot_bags/mi/rare",
          "Name": "Modern Industrialization Rare Lootbag"
        }
      },
      "type": "heracles:item"
    },
    "upgrades_reward": {
      "title": "",
      "icon": {
        "item": {
          "id": "minecraft:air",
          "count": 0
        },
        "type": "heracles:item"
      },
      "item": {
        "id": "modern_industrialization:advanced_upgrade",
        "count": 4
      },
      "type": "heracles:item"
    }
  },
  "display": {
    "subtitle": {
      "text": ""
    },
    "description": [
      "<hr/>",
      "# &&eUpgrades",
      "<br/>",
      "  Now that you can start your journey into the chemicals branching off from /b/Crude Oil/b/, you can produce upgrades for your machines! All of the electric machines you've used up until now have has a maximum overclock of 32 eu/t. Now, you can increase that maximum, depending on the tier of upgrade you use. Check your REI to see how much EU each upgrade raises.",
      "<hr/>"
    ],
    "groups": {
      "Modern Industrialization": {
        "position": [
          950,
          -122
        ]
      }
    },
    "icon": {
      "item": {
        "id": "modern_industrialization:advanced_upgrade",
        "count": 1
      },
      "type": "heracles:item"
    },
    "icon_background": "heracles:textures/gui/quest_backgrounds/default.png",
    "title": {
      "translate": "Upgrades"
    }
  },
  "settings": {
    "unlockNotification": false,
    "showDependencyArrow": true,
    "repeatable": false,
    "individual_progress": false,
    "hidden": "LOCKED"
  }
}