{
  "dependencies": [
    "singularity"
  ],
  "tasks": {
    "uu_matter_bucket": {
      "type": "heracles:item",
      "item": "modern_industrialization:uu_matter_bucket",
      "amount": 1,
      "collection": "AUTOMATIC",
      "title": "",
      "icon": {
        "item": {
          "id": "minecraft:air",
          "count": 0
        },
        "type": "heracles:item"
      }
    }
  },
  "rewards": {
    "uu_matter_bucket": {
      "title": "",
      "icon": {
        "item": {
          "id": "minecraft:air",
          "count": 0
        },
        "type": "heracles:item"
      },
      "item": {
        "id": "modern_industrialization:singularity",
        "count": 1
      },
      "type": "heracles:item"
    },
    "mi_legendary_lootbag": {
      "title": "",
      "icon": {
        "item": {
          "id": "minecraft:air",
          "count": 0
        },
        "type": "heracles:item"
      },
      "item": {
        "id": "lootbags:loot_bag",
        "count": 1,
        "nbt": {
          "Type": "LEGENDARY",
          "Color": 16425539,
          "Loot": "aof:loot_bags/mi/legendary",
          "Name": "Modern Industrialization Legendary Lootbag"
        }
      },
      "type": "heracles:item"
    }
  },
  "display": {
    "subtitle": {
      "text": ""
    },
    "description": [
      "<hr/>",
      "# &&eUU Matter Bucket",
      "<br/>",
      "  With an /b/Electrolyzer/b/, enough time and power, and your freshly made /b/Singularity/b/, you can extract large amounts of energy through /b/Quantum Hawking Radiation/b/ in the form of /b/Universally Usable Matter/b/, also known simply as /d/UU Matter/d/.",
      "<br/>",
      "  This is, the very --fabric-- of the /0/universe/0/.",
      "<hr/>"
    ],
    "groups": {
      "Modern Industrialization": {
        "position": [
          1437,
          17
        ]
      }
    },
    "icon": {
      "item": {
        "id": "modern_industrialization:uu_matter_bucket",
        "count": 1
      },
      "type": "heracles:item"
    },
    "icon_background": "heracles:textures/gui/quest_backgrounds/default.png",
    "title": {
      "translate": "UU Matter Bucket"
    }
  },
  "settings": {
    "unlockNotification": false,
    "showDependencyArrow": true,
    "repeatable": false,
    "individual_progress": false,
    "hidden": "LOCKED"
  }
}