{
  "dependencies": [
    "the_midgame_age"
  ],
  "tasks": {
    "vacuum_freezer_task": {
      "type": "heracles:item",
      "item": "modern_industrialization:vacuum_freezer",
      "amount": 1,
      "collection": "AUTOMATIC",
      "title": "",
      "icon": {
        "item": {
          "id": "minecraft:air",
          "count": 0
        },
        "type": "heracles:item"
      }
    }
  },
  "rewards": {
    "mi_rare_lootbag": {
      "title": "",
      "icon": {
        "item": {
          "id": "minecraft:air",
          "count": 0
        },
        "type": "heracles:item"
      },
      "item": {
        "id": "lootbags:loot_bag",
        "count": 1,
        "nbt": {
          "Type": "RARE",
          "Color": 16425539,
          "Loot": "aof:loot_bags/mi/rare",
          "Name": "Modern Industrialization Rare Lootbag"
        }
      },
      "type": "heracles:item"
    },
    "vacuum_freezer_reward": {
      "title": "",
      "icon": {
        "item": {
          "id": "minecraft:air",
          "count": 0
        },
        "type": "heracles:item"
      },
      "item": {
        "id": "minecraft:blue_ice",
        "count": 16
      },
      "type": "heracles:item"
    }
  },
  "display": {
    "subtitle": {
      "text": ""
    },
    "description": [
      "<hr/>",
      "# &&eVacuum Freezer",
      "<br/>",
      "  Enslave the Winter season in a supercooled aluminum frame. How does removing air cool something down? I'll give an example using water:",
      "<br/>",
      "  By evacuating the chamber, pressure drops below the boiling point; but the water then loses energy through boiling and evaporation, then freezes.",
      "<hr/>"
    ],
    "groups": {
      "Modern Industrialization": {
        "position": [
          840,
          87
        ]
      }
    },
    "icon": {
      "item": {
        "id": "modern_industrialization:vacuum_freezer",
        "count": 1
      },
      "type": "heracles:item"
    },
    "icon_background": "heracles:textures/gui/quest_backgrounds/default.png",
    "title": {
      "translate": "Vacuum Freezer"
    }
  },
  "settings": {
    "unlockNotification": false,
    "showDependencyArrow": true,
    "repeatable": false,
    "individual_progress": false,
    "hidden": "LOCKED"
  }
}
