{
  "dependencies": [
    "poor_mans_compressor"
  ],
  "tasks": {
    "your_first_bronze_task": {
      "type": "heracles:item",
      "item": "modern_industrialization:bronze_ingot",
      "amount": 32,
      "collection": "AUTOMATIC",
      "title": "",
      "icon": {
        "item": {
          "id": "minecraft:air",
          "count": 0
        },
        "type": "heracles:item"
      }
    }
  },
  "rewards": {
    "mi_common_lootbag": {
      "title": "",
      "icon": {
        "item": {
          "id": "minecraft:air",
          "count": 0
        },
        "type": "heracles:item"
      },
      "item": {
        "id": "lootbags:loot_bag",
        "count": 1,
        "nbt": {
          "Type": "COMMON",
          "Color": 16425539,
          "Loot": "aof:loot_bags/mi/common",
          "Name": "Modern Industrialization Common Lootbag"
        }
      },
      "type": "heracles:item"
    }
  },
  "display": {
    "subtitle": {
      "text": ""
    },
    "description": [
      "<hr/>",
      "# &&eYour First Bronze!",
      "<br/>",
      "  Time for that beautifully shining /b/Orange Ingot/b/? You'll need to grab some of the /b/Copper/b/ and /b/Tin/b/ dust you get from the /b/Forge Hammer/b/ to make it. It's a simple mixture of /6/3:1/6/ /b/Copper/b/ to /b/Tin/b/ in your crafting grid. Once you /6/progress/6/, you'll find a way to produce this mixture more /6/efficiently/6/ since you're spilling some /b/dust/b/ making it on hand.",
      "<br/>",
      "  Now that you're entering the /a/Steam Age/a/ with this /b/Bronze/b/, I'll give you some /6/tips/6/ on the /b/machines/b/ you'll be making. Remember that /b/Steam Machines/b/ will accept inputs from /6/any side/6/, be it/b/ items, steam or another fluid/b/. You can /6/lock/6/ their slots by /6/clicking/6/ on the /b/padlock/b/ looking button in the /b/interface/b/. ",
      "",
      "/6/Locked/6/ slots will make sure the machine /6/only/6/ accepts one type of /b/item/b/ or /b/fluid/b/ per slot.",
      "<br/>",
      "  Every /b/machine/b/ has an /b/output side/b/ as well, and you can /6/enable/6/ /b/auto-output/b/ from inside the /b/interface/b/. Using your trusty /b/Wrench/b/ you can /6/adjust/6/ the output side with ease!",
      "<br/>",
      "  If you don't want so /b/many items/b/ in the slots at a time, /6/use/6/ that /b/Scroll Wheel/b/ of yours to /6/adjust/6/ the maximum number of /b/items/b/ stored at a time.",
      "<hr/>"
    ],
    "groups": {
      "Modern Industrialization": {
        "position": [
          150,
          0
        ]
      }
    },
    "icon": {
      "item": {
        "id": "modern_industrialization:bronze_ingot",
        "count": 1
      },
      "type": "heracles:item"
    },
    "icon_background": "heracles:textures/gui/quest_backgrounds/default.png",
    "title": {
      "translate": "Your First Bronze"
    }
  },
  "settings": {
    "unlockNotification": false,
    "showDependencyArrow": true,
    "repeatable": false,
    "individual_progress": false,
    "hidden": "LOCKED"
  }
}