{
  "dependencies": [
    "Are you worthy"
  ],
  "tasks": {
    "obsidilith": {
      "entity": {
        "type": "bosses_of_mass_destruction:obsidilith"
      },
      "amount": 1,
      "type": "heracles:kill_entity"
    },
    "the_eye": {
      "entity": {
        "type": "adventurez:the_eye"
      },
      "amount": 1,
      "type": "heracles:kill_entity"
    },
    "void_shadow": {
      "entity": {
        "type": "adventurez:void_shadow"
      },
      "amount": 1,
      "type": "heracles:kill_entity"
    },
    "night_lich": {
      "entity": {
        "type": "bosses_of_mass_destruction:lich"
      },
      "amount": 1,
      "type": "heracles:kill_entity"
    },
    "conjunctivius": {
      "entity": {
        "type": "minecraft:pig"
      },
      "amount": 1,
      "type": "heracles:kill_entity"
    },
    "gauntlet": {
      "entity": {
        "type": "bosses_of_mass_destruction:gauntlet"
      },
      "amount": 1,
      "type": "heracles:kill_entity"
    },
    "blackstone_golem": {
      "entity": {
        "type": "adventurez:blackstone_golem"
      },
      "amount": 1,
      "type": "heracles:kill_entity"
    },
    "corrupted_champion": {
      "entity": {
        "type": "graveyard:lich"
      },
      "amount": 1,
      "type": "heracles:kill_entity"
    },
    "void_blossom": {
      "entity": {
        "type": "bosses_of_mass_destruction:void_blossom"
      },
      "amount": 1,
      "type": "heracles:kill_entity"
    }
  },
  "rewards": {
    "boss_rush_trophy": {
      "item": {
        "id": "trofers:medium_pillar",
        "count": 1,
        "nbt": {
          "BlockEntityTag": {
            "Trophy": "trofers:boss_rush"
          }
        }
      },
      "type": "heracles:item"
    }
  },
  "display": {
    "subtitle": {
      "translate": "Slay 'em All"
    },
    "description": [
      "<br/>",
      "<columns template='1 99'>",
      "<column valign='top'>",
      "<columns>",
      "<column>",
      "<columns>",
      "<column valign='top'>",
      "<h2 background='8 #ddda70d6' border='0 #01da70d6' color='#ddda70d6'>&&l&&k12345</h2>",
      "</column>",
      "<column valign='bottom'>",
      "<h2 background='8 #cc000000' border='2 #01000000' color='#cc000000'>&&l&&k12345</h2>",
      "</column>",
      "<column valign='bottom'>",
      "<h2 background='8 #aadc143c' border='5 #01dc143c' color='#aadc143c'>&&l&&k12345</h2>",
      "</column>",
      "</columns>",
      "</column>",
      "</columns>",
      "</column>",
      "<column>",
      "<columns template='20 80'>",
      "<column>",
      "<item border='0 #88777777' id='trofers:medium_pillar' scale='7' tag='{BlockEntityTag:{Trophy:&#39;trofers:boss_rush&#39;}}'>&#32;</item>",
      "</column>",
      "<column valign='middle'>",
      "<h1 align='center' background='3 #aa000000' border='1 #ccda70d6' color='#fff9f6ee' shadowed='true'>&#160;&&l&&oBoss Rush&&r&#160;</h1>",
      "<br/>",
      "<hr/>",
      "<br/>",
      "<p>&#32; Below is a dossier on the powerful, reprehensible&#8212;and sometimes just plain nasty&#8212;mobs you will have to terminate in order to complete this challenge.</p>",
      "<br/>",
      "<p>&#32; Yes, it may be thin on actionable intelligence. Keep in mind the many players that generated many graves to gather this information.</p>",
      "<br/>",
      "<hr/>",
      "</column>",
      "</columns>",
      "</column>",
      "</columns>",
      "<carousel>",
      "<carousel-item>",
      "<columns template='2 67 31'>",
      "<column>",
      "<p>&#160;</p>",
      "</column>",
      "<column>",
      "<h2>Blackstone Golem</h2>",
      "<hr/>",
      "<p>&#160; Can only be summoned with a golem ritual while being in the nether.</p>",
      "</column>",
      "<column>",
      "<columns template='1 99'>",
      "<column>",
      "<columns>",
      "<column align='top'>",
      "<h2 background='8 #88da70d6' border='3 #01da70d6' color='#88da70d6' obfuscated='true'>2345</h2>",
      "</column>",
      "<column valign='bottom'>",
      "<h2 background='8 #88000000' border='7 #01000000' color='#88000000' obfuscated='true'>1234</h2>",
      "</column>",
      "<column>",
      "<h2 background='8 #88dc143c' border='11 #01dc143c' color='#88dc143c' obfuscated='true'>12345</h2>",
      "</column>",
      "</columns>",
      "</column>",
      "<column valign='middle'>",
      "<entity scale='0.8' type='adventurez:blackstone_golem' vshift='0'>&#32;</entity>",
      "</column>",
      "</columns>",
      "</column>",
      "</columns>",
      "</carousel-item>",
      "<carousel-item>",
      "<columns template='2 67 31'>",
      "<column>",
      "<p>&#160;</p>",
      "</column>",
      "<column>",
      "<h2>The Eye</h2>",
      "<hr/>",
      "<p>&#160; Can only be summoned at an Eye Shrine.</p>",
      "</column>",
      "<column>",
      "<columns template='1 99'>",
      "<column>",
      "<columns>",
      "<column align='top'>",
      "<h2 background='8 #88da70d6' border='3 #01da70d6' color='#88da70d6' obfuscated='true'>2345</h2>",
      "</column>",
      "<column valign='bottom'>",
      "<h2 background='8 #88000000' border='7 #01000000' color='#88000000' obfuscated='true'>1234</h2>",
      "</column>",
      "<column>",
      "<h2 background='8 #88dc143c' border='11 #01dc143c' color='#88dc143c' obfuscated='true'>12345</h2>",
      "</column>",
      "</columns>",
      "</column>",
      "<column valign='middle'>",
      "<entity scale='1' type='adventurez:the_eye' vshift='-0.4'>&#32;</entity>",
      "</column>",
      "</columns>",
      "</column>",
      "</columns>",
      "</carousel-item>",
      "<carousel-item>",
      "<columns template='2 67 31'>",
      "<column>",
      "<p>&#160;</p>",
      "</column>",
      "<column>",
      "<h2>Night Lich</h2>",
      "<hr/>",
      "<p>&#160; Found in rare towers in cold biomes. Locate the towers by following soul stars.</p>",
      "</column>",
      "<column>",
      "<columns template='1 99'>",
      "<column>",
      "<columns>",
      "<column align='top'>",
      "<h2 background='8 #88da70d6' border='3 #01da70d6' color='#88da70d6' obfuscated='true'>2345</h2>",
      "</column>",
      "<column valign='bottom'>",
      "<h2 background='8 #88000000' border='7 #01000000' color='#88000000' obfuscated='true'>1234</h2>",
      "</column>",
      "<column>",
      "<h2 background='8 #88dc143c' border='11 #01dc143c' color='#88dc143c' obfuscated='true'>12345</h2>",
      "</column>",
      "</columns>",
      "</column>",
      "<column valign='middle'>",
      "<entity scale='1.2' type='bosses_of_mass_destruction:lich' vshift='0'>&#32;</entity>",
      "</column>",
      "</columns>",
      "</column>",
      "</columns>",
      "</carousel-item>",
      "<carousel-item>",
      "<columns template='2 67 31'>",
      "<column>",
      "<p>&#160;</p>",
      "</column>",
      "<column>",
      "<h2>Obsidilith</h2>",
      "<hr/>",
      "<p>&#160; Appears in rare structures in the end islands.</p>",
      "</column>",
      "<column>",
      "<columns template='1 99'>",
      "<column>",
      "<columns>",
      "<column align='top'>",
      "<h2 background='8 #88da70d6' border='3 #01da70d6' color='#88da70d6' obfuscated='true'>2345</h2>",
      "</column>",
      "<column valign='bottom'>",
      "<h2 background='8 #88000000' border='7 #01000000' color='#88000000' obfuscated='true'>1234</h2>",
      "</column>",
      "<column>",
      "<h2 background='8 #88dc143c' border='11 #01dc143c' color='#88dc143c' obfuscated='true'>12345</h2>",
      "</column>",
      "</columns>",
      "</column>",
      "<column valign='middle'>",
      "<entity scale='1' type='bosses_of_mass_destruction:obsidilith' vshift='4.5'>&#32;</entity>",
      "</column>",
      "</columns>",
      "</column>",
      "</columns>",
      "</carousel-item>",
      "<carousel-item>",
      "<columns template='2 67 31'>",
      "<column>",
      "<p>&#160;</p>",
      "</column>",
      "<column>",
      "<h2>Nether Gauntlet</h2>",
      "<hr/>",
      "<p>&#160; Appears in rare structures in the nether.</p>",
      "</column>",
      "<column>",
      "<columns template='1 99'>",
      "<column>",
      "<columns>",
      "<column align='top'>",
      "<h2 background='8 #88da70d6' border='3 #01da70d6' color='#88da70d6' obfuscated='true'>2345</h2>",
      "</column>",
      "<column valign='bottom'>",
      "<h2 background='8 #88000000' border='7 #01000000' color='#88000000' obfuscated='true'>1234</h2>",
      "</column>",
      "<column>",
      "<h2 background='8 #88dc143c' border='11 #01dc143c' color='#88dc143c' obfuscated='true'>12345</h2>",
      "</column>",
      "</columns>",
      "</column>",
      "<column valign='middle'>",
      "<entity scale='1' type='bosses_of_mass_destruction:gauntlet' vshift='0'>&#32;</entity>",
      "</column>",
      "</columns>",
      "</column>",
      "</columns>",
      "</carousel-item>",
      "<carousel-item>",
      "<columns template='2 67 31'>",
      "<column>",
      "<p>&#160;</p>",
      "</column>",
      "<column>",
      "<h2>Void Blossom</h2>",
      "<hr/>",
      "<p>&#160; Appears in rare caves at the bottom of the world. Void lilies will point the way.</p>",
      "</column>",
      "<column>",
      "<columns template='1 99'>",
      "<column>",
      "<columns>",
      "<column align='top'>",
      "<h2 background='8 #88da70d6' border='3 #01da70d6' color='#88da70d6' obfuscated='true'>2345</h2>",
      "</column>",
      "<column valign='bottom'>",
      "<h2 background='8 #88000000' border='7 #01000000' color='#88000000' obfuscated='true'>1234</h2>",
      "</column>",
      "<column>",
      "<h2 background='8 #88dc143c' border='11 #01dc143c' color='#88dc143c' obfuscated='true'>12345</h2>",
      "</column>",
      "</columns>",
      "</column>",
      "<column valign='middle'>",
      "<entity scale='0.5' type='bosses_of_mass_destruction:void_blossom' vshift='7'>&#32;</entity>",
      "</column>",
      "</columns>",
      "</column>",
      "</columns>",
      "</carousel-item>",
      "<carousel-item>",
      "<columns template='2 67 31'>",
      "<column>",
      "<p>&#160;</p>",
      "</column>",
      "<column>",
      "<h2>Guardian of Gaia</h2>",
      "<hr/>",
      "<p>&#160; To summon the boss, shift right-click a Terrasteel Ingot on an active Beacon with 4 Gaia Pylons nearby. Using a Gaia Spirit Ingot will summon a harder version of the boss instead.</p>",
      "</column>",
      "<column>",
      "<columns template='1 99'>",
      "<column>",
      "<columns>",
      "<column align='top'>",
      "<h2 background='8 #88da70d6' border='3 #01da70d6' color='#88da70d6' obfuscated='true'>2345</h2>",
      "</column>",
      "<column valign='bottom'>",
      "<h2 background='8 #88000000' border='7 #01000000' color='#88000000' obfuscated='true'>1234</h2>",
      "</column>",
      "<column>",
      "<h2 background='8 #88dc143c' border='11 #01dc143c' color='#88dc143c' obfuscated='true'>12345</h2>",
      "</column>",
      "</columns>",
      "</column>",
      "<column valign='middle'>",
      "<h1 align='center' shadowed='true'>&&l?</h1>",
      "</column>",
      "</columns>",
      "</column>",
      "</columns>",
      "</carousel-item>",
      "<carousel-item>",
      "<columns template='2 67 31'>",
      "<column>",
      "<p>&#160;</p>",
      "</column>",
      "<column>",
      "<h2>Conjunctivius</h2>",
      "<hr/>",
      "<p>&#160; Can be found in the Mine Cells dimension (See Adventurer quest chapter).</p>",
      "</column>",
      "<column>",
      "<columns template='1 99'>",
      "<column>",
      "<columns>",
      "<column align='top'>",
      "<h2 background='8 #88da70d6' border='3 #01da70d6' color='#88da70d6' obfuscated='true'>2345</h2>",
      "</column>",
      "<column valign='bottom'>",
      "<h2 background='8 #88000000' border='7 #01000000' color='#88000000' obfuscated='true'>1234</h2>",
      "</column>",
      "<column>",
      "<h2 background='8 #88dc143c' border='11 #01dc143c' color='#88dc143c' obfuscated='true'>12345</h2>",
      "</column>",
      "</columns>",
      "</column>",
      "<column valign='middle'>",
      "<entity scale='0.5' type='minecells:conjunctivius' vshift='1'>&#32;</entity>",
      "</column>",
      "</columns>",
      "</column>",
      "</columns>",
      "</carousel-item>",
      "<carousel-item>",
      "<columns template='2 67 31'>",
      "<column>",
      "<p>&#160;</p>",
      "</column>",
      "<column>",
      "<h2>Void Shadow</h2>",
      "<hr/>",
      "<p>&#160; A new dimension where you will find and fight the Void Shadow.</p>",
      "</column>",
      "<column>",
      "<columns template='1 99'>",
      "<column>",
      "<columns>",
      "<column align='top'>",
      "<h2 background='8 #88da70d6' border='3 #01da70d6' color='#88da70d6' obfuscated='true'>2345</h2>",
      "</column>",
      "<column valign='bottom'>",
      "<h2 background='8 #88000000' border='7 #01000000' color='#88000000' obfuscated='true'>1234</h2>",
      "</column>",
      "<column>",
      "<h2 background='8 #88dc143c' border='11 #01dc143c' color='#88dc143c' obfuscated='true'>12345</h2>",
      "</column>",
      "</columns>",
      "</column>",
      "<column valign='middle'>",
      "<entity scale='0.3' type='adventurez:void_shadow' vshift='0'>&#32;</entity>",
      "</column>",
      "</columns>",
      "</column>",
      "</columns>",
      "</carousel-item>",
      "<carousel-item>",
      "<columns template='2 67 31'>",
      "<column>",
      "<p>&#160;</p>",
      "</column>",
      "<column>",
      "<h2>Corrupted Champion</h2>",
      "<hr/>",
      "<p>&#160; &#32;Collect the three Ominous Bone Staff Fragments from the Ruins&#8212;upper, middle, and lower. Using a Bone Dagger, get a full Vial of Blood.</p>",
      "<p>&#160; &#32;Find the Lich Prison structure floating above the oceans. At night, place the bone staff pieces on the dark corrupted deepslate blocks in front of the altar. Pour the Vial of Blood into the altar.</p>",
      "</column>",
      "<column>",
      "<columns template='1 99'>",
      "<column>",
      "<columns>",
      "<column align='top'>",
      "<h2 background='8 #88da70d6' border='3 #01da70d6' color='#88da70d6' obfuscated='true'>2345</h2>",
      "</column>",
      "<column valign='bottom'>",
      "<h2 background='8 #88000000' border='7 #01000000' color='#88000000' obfuscated='true'>1234</h2>",
      "</column>",
      "<column>",
      "<h2 background='8 #88dc143c' border='11 #01dc143c' color='#88dc143c' obfuscated='true'>12345</h2>",
      "</column>",
      "</columns>",
      "</column>",
      "<column valign='middle'>",
      "<entity scale='1' type='graveyard:lich' vshift='0'>&#32;</entity>",
      "</column>",
      "</columns>",
      "</column>",
      "</columns>",
      "</carousel-item>",
      "</carousel>"
    ],
    "groups": {
      "Challenges": {
        "position": [
          90,
          100
        ]
      }
    },
    "icon": {
      "item": {
        "id": "dragonloot:dragon_helmet",
        "count": 1,
        "nbt": {
          "Damage": 0
        }
      },
      "type": "heracles:item"
    },
    "icon_background": "heracles:textures/gui/quest_backgrounds/hexagons.png",
    "title": {
      "translate": "§5Boss Rush"
    }
  },
  "settings": {
    "unlockNotification": false,
    "showDependencyArrow": true,
    "repeatable": false,
    "individual_progress": false,
    "hidden": "LOCKED"
  }
}