{
  "dependencies": [
    "Are you worthy"
  ],
  "tasks": {
    "rice_roll_medley": {
      "type": "heracles:item",
      "item": "croptopia:ratatouille",
      "amount": 3000,
      "collection": "MANUAL"
    },
    "fish_cake": {
      "type": "heracles:item",
      "item": "spectrum:fishcake",
      "amount": 3000,
      "collection": "MANUAL"
    },
    "kale_smoothie": {
      "type": "heracles:item",
      "item": "croptopia:kale_smoothie",
      "amount": 3000,
      "collection": "MANUAL"
    },
    "roasted_mutton_chops": {
      "type": "heracles:item",
      "item": "farmersdelight:roasted_mutton_chops",
      "amount": 3000,
      "collection": "MANUAL"
    },
    "cristel_wine": {
      "type": "heracles:item",
      "item": "vinery:cristel_wine",
      "amount": 3000,
      "collection": "MANUAL"
    },
    "blazing_chili": {
      "type": "heracles:item",
      "item": "farmersrespite:blazing_chili",
      "amount": 3000,
      "collection": "MANUAL"
    },
    "ghast_tear_punch_bowl": {
      "type": "heracles:item",
      "item": "frightsdelight:punchbowl_ghasttear",
      "amount": 3000,
      "collection": "MANUAL"
    },
    "chorus_popsicle": {
      "type": "heracles:item",
      "item": "ends_delight:chorus_fruit_popsicle",
      "amount": 3000,
      "collection": "MANUAL"
    },
    "hamburger": {
      "type": "heracles:item",
      "item": "farmersdelight:hamburger",
      "amount": 3000,
      "collection": "MANUAL"
    },
    "pineapple_pepperoni_pizza": {
      "type": "heracles:item",
      "item": "croptopia:pineapple_pepperoni_pizza",
      "amount": 3000,
      "collection": "MANUAL"
    }
  },
  "rewards": {
    "7D84DE2A7D4C2586": {
      "item": {
        "id": "trofers:medium_pillar",
        "count": 1,
        "nbt": {
          "BlockEntityTag": {
            "Trophy": "trofers:cooking"
          }
        }
      },
      "type": "heracles:item"
    }
  },
  "display": {
    "subtitle": {
      "translate": "A messy KITCHEN is a sign of happiness."
    },
    "description": [
      "<br/>",
      "<columns template='0 100'>",
      "<column>",
      "<columns>",
      "<column>",
      "<columns>",
      "<column valign='top'>",
      "<h2 background='8 #dd8b4513' border='0 #018b4513' color='#448b4513' obfuscated='true'>123456789</h2>",
      "</column>",
      "<column valign='bottom'>",
      "<h2 background='8 #ccdc143c' border='2 #01dc143c' color='#44dc143c' obfuscated='true'>123456789</h2>",
      "</column>",
      "</columns>",
      "</column>",
      "<column>",
      "<columns>",
      "<column valign='bottom'>",
      "<h2 background='10 #887cfc00' border='3 #017cfc00' color='#447cfc00' obfuscated='true'>123456789</h2>",
      "</column>",
      "<column>",
      "<h2 background='10 #88ffd700' border='5 #01ffd700' color='#44ffd700' obfuscated='true'>123456789&#32;</h2>",
      "</column>",
      "</columns>",
      "</column>",
      "</columns>",
      "</column>",
      "<column>",
      "<columns template='20 82'>",
      "<column>",
      "<item border='0 #88777777' id='trofers:medium_pillar' scale='7' tag='{BlockEntityTag:{Trophy:&#39;trofers:cooking&#39;}}'>&#32;</item>",
      "</column>",
      "<column valign='middle'>",
      "<h1 align='center' background='3 #ccdc143c' border='1 #ccffd700' color='#ffdaa520' shadowed='true'>&#160;&&l&&oHell's Kitchen&&r&#160;</h1>",
      "<br/>",
      "<hr/>",
      "<br/>",
      "<p align='center'>&&oSo when people ask me, ‘What do you think of Michelin?’...&&r</p>",
      "<p align='center'>&&o...I don’t cook for guides. I cook for&&r customers.</p>",
      "<br/>",
      "<br/>",
      "<p>&#32; To submit items, left click the food type of choice and hand in.</p>",
      "<br/>",
      "<p>&#32; It is recommended to make &&nWater Bottles&&r from &&oCroptopia&&r for the recipes requiring it.</p>",
      "<br/>",
      "<p>&#32; Water Bottles can be automated with a simple &&nDrain&&r from &&oTech Reborn&&r and a &&nTank Unit&&r below it.</p>",
      "<br/>",
      "<p>&#32; Put buckets in said Tank Unit and have them output into either a buffer or directly into ME, craft these into Water Bottles from &&oCroptopia&&r.</p>",
      "<br/>",
      "<hr/>",
      "<br/>",
      "</column>",
      "</columns>",
      "</column>",
      "</columns>",
      "<columns template='20 80'>",
      "<column>",
      "<p>&#32;</p>",
      "</column>",
      "<column>",
      "<task quest='Hells Kitchen' task='rice_roll_medley'>&#32;</task>",
      "<task quest='Hells Kitchen' task='fishcake'>&#32;</task>",
      "<task quest='Hells Kitchen' task='kale_smoothie'>&#32;</task>",
      "<task quest='Hells Kitchen' task='roasted_mutton_chops'>&#32;</task>",
      "<task quest='Hells Kitchen' task='cristel_wine'>&#32;</task>",
      "<task quest='Hells Kitchen' task='blazing_chili'>&#32;</task>",
      "<task quest='Hells Kitchen' task='ghast_tear_punch_bowl'>&#32;</task>",
      "<task quest='Hells Kitchen' task='chorus_fruit_popsicle'>&#32;</task>",
      "<task quest='Hells Kitchen' task='hamburger'>&#32;</task>",
      "<task quest='Hells Kitchen' task='pineapple_pepperoni_pizza'>&#32;</task>",
      "</column>",
      "</columns>"
    ],
    "groups": {
      "Challenges": {
        "position": [
          150,
          100
        ]
      }
    },
    "icon": {
      "item": {
        "id": "farmersdelight:cooking_pot",
        "count": 1
      },
      "type": "heracles:item"
    },
    "icon_background": "heracles:textures/gui/quest_backgrounds/hexagons.png",
    "title": {
      "translate": "§cHell's Kitchen"
    }
  },
  "settings": {
    "unlockNotification": false,
    "showDependencyArrow": true,
    "repeatable": false,
    "individual_progress": false,
    "hidden": "LOCKED"
  }
}