{
  "dependencies": [
    "Are you worthy"
  ],
  "tasks": {
    "SS level TS": {
      "type": "heracles:item",
      "item": "botania:terra_pick",
      "nbt": {
        "mana": 2147483647
      },
      "amount": 1,
      "collection": "AUTOMATIC"
    }
  },
  "rewards": {
    "465C512BB8E5E72F": {
      "item": {
        "id": "trofers:medium_pillar",
        "count": 1,
        "nbt": {
          "BlockEntityTag": {
            "Trophy": "trofers:terra"
          }
        }
      },
      "type": "heracles:item"
    }
  },
  "display": {
    "subtitle": {
      "translate": "Craft the ultimate Terra Shatterer!"
    },
    "description": [
      "<br/>",
      "<columns template='0 100'>",
      "<column>",
      "<columns>",
      "<column valign='top'>",
      "<h2 background='8 #dd228b22' border='0 #01228b22' color='#44228b22' obfuscated='true'>123456789</h2>",
      "</column>",
      "<column valign='bottom'>",
      "<h2 background='8 #ccadff2f' border='2 #01adff2f' color='#44adff2f' obfuscated='true'>123456789</h2>",
      "</column>",
      "<column>",
      "<h2 background='8 #888b0000' border='5 #018b0000' color='#448b0000' obfuscated='true'>123456789</h2>",
      "</column>",
      "</columns>",
      "</column>",
      "<column>",
      "<columns template='20 82'>",
      "<column>",
      "<item border='0 #88777777' id='trofers:medium_pillar' scale='7' tag='{BlockEntityTag:{Trophy:&#39;trofers:terra&#39;}}'>&#32;</item>",
      "</column>",
      "<column valign='middle'>",
      "<h1 align='center' background='3 #88228b22' border='1 #ffadff2f' color='linen' italic='true' shadowed='true'>Shatterer of Worlds</h1>",
      "<br/>",
      "<hr/>",
      "<br/>",
      "<h2 align='center'>Craft the peak Terra Shatterer!</h2>",
      "<br/>",
      "<p>&#32;&#32;Upgrade a &&bTerra Shatterer &&rto tier &&6(SS)&&r and reach the max possible &&bMana&&r of &&62,147,483,647&&r to complete this quest.</p>",
      "<br/>",
      "<p>&#32;&#32;If the quest by any reason dosent complete when reaching &&6(SS) &&rtier and max &&bMana&&r, let it soak 1 more &&bMana &&rand then pick it up again.</p>",
      "<br/>",
      "<hr/>",
      "</column>",
      "</columns>",
      "</column>",
      "</columns>"
    ],
    "groups": {
      "Challenges": {
        "position": [
          -150,
          100
        ]
      }
    },
    "icon": {
      "item": {
        "id": "botania:terra_pick",
        "count": 1,
        "nbt": {
          "Damage": 0
        }
      },
      "type": "heracles:item"
    },
    "icon_background": "heracles:textures/gui/quest_backgrounds/hexagons.png",
    "title": {
      "translate": "§aShatterer of Worlds"
    }
  },
  "settings": {
    "unlockNotification": false,
    "showDependencyArrow": true,
    "repeatable": false,
    "individual_progress": false,
    "hidden": "LOCKED"
  }
}