{
  "dependencies": [
    "Boss Rush",
    "All The Quests",
    "Hells Kitchen",
    "The Ultimate Terra Shatterer",
    "Quantum Physics",
    "Ring of Angels"
  ],
  "tasks": {
    "7E0EE4376BC378B3": {
      "title": "The Completionist!",
      "icon": {
        "item": {
          "id": "kubejs:completionist",
          "count": 1
        },
        "type": "heracles:item"
      },
      "type": "heracles:check"
    }
  },
  "rewards": {
    "05B5B34C0CBCD83A": {
      "title": "",
      "icon": {
        "item": {
          "id": "minecraft:air",
          "count": 0
        },
        "type": "heracles:item"
      },
      "item": {
        "id": "trofers:medium_pillar",
        "count": 1,
        "nbt": {
          "BlockEntityTag": {
            "Trophy": "trofers:completionist"
          }
        }
      },
      "type": "heracles:item"
    },
    "completionist_rewards_2": {
      "title": "",
      "icon": {
        "item": {
          "id": "minecraft:air",
          "count": 0
        },
        "type": "heracles:item"
      },
      "item": {
        "id": "indrev:slaughter_creative",
        "count": 1
      },
      "type": "heracles:item"
    },
    "completionist_rewards_3": {
      "title": "",
      "icon": {
        "item": {
          "id": "minecraft:air",
          "count": 0
        },
        "type": "heracles:item"
      },
      "item": {
        "id": "indrev:rancher_creative",
        "count": 1
      },
      "type": "heracles:item"
    },
    "67A688FC4C2517F1": {
      "title": "",
      "icon": {
        "item": {
          "id": "minecraft:air",
          "count": 0
        },
        "type": "heracles:item"
      },
      "item": {
        "id": "create:creative_blaze_cake",
        "count": 1
      },
      "type": "heracles:item"
    },
    "completionist_rewards_1": {
      "title": "",
      "icon": {
        "item": {
          "id": "minecraft:air",
          "count": 0
        },
        "type": "heracles:item"
      },
      "item": {
        "id": "indrev:farmer_creative",
        "count": 1
      },
      "type": "heracles:item"
    },
    "inf_uu_cell": {
      "title": "",
      "icon": {
        "item": {
          "id": "minecraft:air",
          "count": 0
        },
        "type": "heracles:item"
      },
      "item": {
        "id": "extendedae:infinity_cell",
        "count": 1,
        "nbt": {
          "record": {
            "#c": "ae2:f",
            "id": "modern_industrialization:uu_matter"
          }
        }
      },
      "type": "heracles:item"
    },
    "completionist_rewards": {
      "title": "",
      "icon": {
        "item": {
          "id": "minecraft:air",
          "count": 0
        },
        "type": "heracles:item"
      },
      "item": {
        "id": "create:creative_motor",
        "count": 1
      },
      "type": "heracles:item"
    },
    "53450413B791F48B": {
      "title": "",
      "icon": {
        "item": {
          "id": "minecraft:air",
          "count": 0
        },
        "type": "heracles:item"
      },
      "item": {
        "id": "wands:creative_wand",
        "count": 1,
        "nbt": {
          "Damage": 0
        }
      },
      "type": "heracles:item"
    },
    "everlasting_mana_pool": {
      "title": "",
      "icon": {
        "item": {
          "id": "minecraft:air",
          "count": 0
        },
        "type": "heracles:item"
      },
      "item": {
        "id": "botania:creative_pool",
        "count": 1
      },
      "type": "heracles:item"
    }
  },
  "display": {
    "subtitle": {
      "translate": "Complete them all, become the best!"
    },
    "description": [
      "<br/>",
      "<br/>",
      "<columns template='10 80 10'>",
      "<column>",
      "</column>",
      "<column>",
      "<columns>",
      "<column>",
      "<item id='trofers:medium_pillar' scale='4' tag='{BlockEntityTag:{Trophy:&quot;trofers:terra&quot;}}'>&#32;</item>",
      "<item id='trofers:medium_pillar' scale='4' tag='{BlockEntityTag:{Trophy:&quot;trofers:quantum&quot;}}'>&#32;</item>",
      "</column>",
      "<column>",
      "<columns template='30 41 30'>",
      "<column>",
      "<p>&#160;</p>",
      "</column>",
      "<column>",
      "<columns>",
      "<column>",
      "<columns>",
      "<column>",
      "<h2 background='8 #99ff8c00' color='#99ff8c00'>&&k01</h2>",
      "<p>&#160;</p>",
      "</column>",
      "<column>",
      "<p>&#160;</p>",
      "<h2 background='6 #99ff0000' color='#99ff0000'>&&k0123</h2>",
      "<p>&#160;</p>",
      "</column>",
      "<column>",
      "<p>&#160;</p>",
      "<h2 background='4 #990000ff' color='#990000ff'>&&k012</h2>",
      "</column>",
      "</columns>",
      "</column>",
      "<column>",
      "<item id='trofers:medium_pillar' scale='4' tag='{BlockEntityTag:{Trophy:&quot;trofers:allthequests&quot;}}'>&#32;</item>",
      "<p>&#160;</p>",
      "<p>&#160;</p>",
      "<item id='trofers:medium_pillar' scale='4' tag='{Rotation:[30,60],BlockEntityTag:{Trophy:&quot;trofers:completionist&quot;}}'>&#32;</item>",
      "<p>&#160;</p>",
      "<p>&#160;</p>",
      "<item id='trofers:medium_pillar' scale='4' tag='{BlockEntityTag:{Trophy:&quot;trofers:angel_ring&quot;}}'>&#32;</item>",
      "</column>",
      "<column>",
      "<p>&#160;</p>",
      "</column>",
      "</columns>",
      "</column>",
      "<column>",
      "<p>&#160;</p>",
      "</column>",
      "</columns>",
      "</column>",
      "<column>",
      "<item id='trofers:medium_pillar' scale='4' tag='{BlockEntityTag:{Trophy:&quot;trofers:boss_rush&quot;}}'>&#32;</item>",
      "<item id='trofers:medium_pillar' scale='4' tag='{BlockEntityTag:{Trophy:&quot;trofers:cooking&quot;}}'>&#32;</item>",
      "</column>",
      "</columns>",
      "</column>",
      "<column>",
      "</column>",
      "</columns>"
    ],
    "groups": {
      "Challenges": {
        "position": [
          0,
          0
        ]
      }
    },
    "icon": {
      "item": {
        "id": "kubejs:completionist",
        "count": 1
      },
      "type": "heracles:item"
    },
    "icon_background": "heracles:textures/gui/quest_backgrounds/diamonds.png",
    "title": {
      "translate": "§6The Completionist"
    }
  },
  "settings": {
    "unlockNotification": false,
    "showDependencyArrow": true,
    "repeatable": false,
    "individual_progress": false,
    "hidden": "LOCKED"
  }
}
