{
  "variants": {
    "": {
      "model": "modern_industrialization:block/heatproof_machine_casing"
    }
  },
  "athena:loader": "athena:ctm",
  "ctm_textures": {
    "default": {
      "center": "modern_industrialization:block/casings/heatproof_machine_casing/ctm/3",
      "empty": "modern_industrialization:block/casings/heatproof_machine_casing/ctm/0",
      "horizontal": "modern_industrialization:block/casings/heatproof_machine_casing/ctm/2",
      "particle": "modern_industrialization:block/casings/heatproof_machine_casing/ctm/4",
      "vertical": "modern_industrialization:block/casings/heatproof_machine_casing/ctm/1"
    },
    "up": {
      "center": "modern_industrialization:block/casings/heatproof_machine_casing/ctm/8",
      "empty": "modern_industrialization:block/casings/heatproof_machine_casing/ctm/5",
      "horizontal": "modern_industrialization:block/casings/heatproof_machine_casing/ctm/7",
      "particle": "modern_industrialization:block/casings/heatproof_machine_casing/ctm/9",
      "vertical": "modern_industrialization:block/casings/heatproof_machine_casing/ctm/6"
    },
    "down": {
      "center": "modern_industrialization:block/casings/heatproof_machine_casing/ctm/8",
      "empty": "modern_industrialization:block/casings/heatproof_machine_casing/ctm/5",
      "horizontal": "modern_industrialization:block/casings/heatproof_machine_casing/ctm/7",
      "particle": "modern_industrialization:block/casings/heatproof_machine_casing/ctm/9",
      "vertical": "modern_industrialization:block/casings/heatproof_machine_casing/ctm/6"
    }
  }
}