{
  "variants": {
    "": {
      "model": "modern_industrialization:block/quantum_machine_hull"
    }
  },
  "athena:loader": "athena:ctm",
  "ctm_textures": {
    "default": {
      "center": "modern_industrialization:block/casings/superconductor/ctm/3",
      "empty": "modern_industrialization:block/casings/superconductor/ctm/0",
      "horizontal": "modern_industrialization:block/casings/superconductor/ctm/2",
      "particle": "modern_industrialization:block/casings/superconductor/ctm/4",
      "vertical": "modern_industrialization:block/casings/superconductor/ctm/1"
    },
    "up": {
      "center": "modern_industrialization:block/casings/superconductor/ctm/8",
      "empty": "modern_industrialization:block/casings/superconductor/ctm/5",
      "horizontal": "modern_industrialization:block/casings/superconductor/ctm/7",
      "particle": "modern_industrialization:block/casings/superconductor/ctm/9",
      "vertical": "modern_industrialization:block/casings/superconductor/ctm/6"
    },
    "down": {
      "center": "modern_industrialization:block/casings/superconductor/ctm/13",
      "empty": "modern_industrialization:block/casings/superconductor/ctm/10",
      "horizontal": "modern_industrialization:block/casings/superconductor/ctm/12",
      "particle": "modern_industrialization:block/casings/superconductor/ctm/14",
      "vertical": "modern_industrialization:block/casings/superconductor/ctm/11"
    }
  }
}