{
  "variants": {
    "": {
      "model": "modern_industrialization:block/stainless_steel_machine_casing_pipe"
    }
  },
  "athena:loader": "athena:ctm",
  "ctm_textures": {
    "default": {
      "center": "modern_industrialization:block/casings/stainless_steel_machine_casing_pipe/ctm/3",
      "empty": "modern_industrialization:block/casings/stainless_steel_machine_casing_pipe/ctm/0",
      "horizontal": "modern_industrialization:block/casings/stainless_steel_machine_casing_pipe/ctm/2",
      "particle": "modern_industrialization:block/casings/stainless_steel_machine_casing_pipe/ctm/4",
      "vertical": "modern_industrialization:block/casings/stainless_steel_machine_casing_pipe/ctm/1"
    },
    "up": {
      "center": "modern_industrialization:block/casings/stainless_steel_machine_casing_pipe/ctm/8",
      "empty": "modern_industrialization:block/casings/stainless_steel_machine_casing_pipe/ctm/5",
      "horizontal": "modern_industrialization:block/casings/stainless_steel_machine_casing_pipe/ctm/7",
      "particle": "modern_industrialization:block/casings/stainless_steel_machine_casing_pipe/ctm/9",
      "vertical": "modern_industrialization:block/casings/stainless_steel_machine_casing_pipe/ctm/6"
    },
    "down": {
      "center": "modern_industrialization:block/casings/stainless_steel_machine_casing_pipe/ctm/8",
      "empty": "modern_industrialization:block/casings/stainless_steel_machine_casing_pipe/ctm/5",
      "horizontal": "modern_industrialization:block/casings/stainless_steel_machine_casing_pipe/ctm/7",
      "particle": "modern_industrialization:block/casings/stainless_steel_machine_casing_pipe/ctm/9",
      "vertical": "modern_industrialization:block/casings/stainless_steel_machine_casing_pipe/ctm/6"
    }
  }
}