{
  "fireflySpawnWeight": 500,
  "bluejaySpawnWeight": 8,
  "canarySpawnWeight": 8,
  "cardinalSpawnWeight": 8,
  "robinSpawnWeight": 8,
  "finchSpawnWeight": 8,
  "sparrowSpawnWeight": 8,
  "butterflySpawnWeight": 20,
  "snailSpawnWeight": 5,
  "snakeSpawnWeight": 4,
  "coralSnakeSpawnWeight": 4,
  "rattlesnakeSpawnWeight": 4,
  "bearSpawnWeight": 8,
  "deerSpawnWeight": 8,
  "rhinoSpawnWeight": 15,
  "lionSpawnWeight": 8,
  "elephantSpawnWeight": 10,
  "zebraSpawnWeight": 10,
  "giraffeSpawnWeight": 10,
  "hippoSpawnWeight": 15,
  "vultureSpawnWeight": 15,
  "boarSpawnWeight": 15,
  "dragonflySpawnWeight": 8,
  "catfishSpawnWeight": 5,
  "alligatorSpawnWeight": 15,
  "bassSpawnWeight": 8,
  "lizardSpawnWeight": 15,
  "tortoiseSpawnWeight": 6,
  "duckSpawnWeight": 15,
  "forestRabbitSpawnWeight": 6,
  "forestFoxSpawnWeight": 6,
  "removeSavannaFarmAnimals": true,
  "removeSwampFarmAnimals": true,
  "removeForestPigs": true
}