{
  "TECHNICAL": {
    "VERSION_DO_NOT_EDIT": 1.3,
    "FORCE_RESET": false
  },

  // This config file uses a custom defined parser. That's why there are comments here, they wouldn't be valid in any other .json file.
  //    To add a comment yourself, just start a line with // like I did here
  //    (although their main use is explaining you what the entries do)

  // CATEGORY: WORLD GEN
  "world_gen": {
    "biomes": {
      // DEAMING DEN
      "dreaming_den": {
        "generate": true,
        "generation_weight": 2.5,
        // Should Pream Trees appear in the biome
        "do_pream_trees": true,
        // Should Tall Pream Trees appear in the biome
        "do_tall_pream_trees": true,
        // Should Crystal Spikes appear in the biome
        "do_crystal_spikes": true
      }
    },
    // Should Fallen Stars appear in the End's sky
    "do_fallen_stars": true,
    // Should Raw Purpur stripes appear on the islands' sides
    "do_raw_purpur": true,
    // Should the main island's obsidian spires be prettified
    "improve_end_spires": true
  },

  // CATEGORY: GAMEPLAY
  "gameplay": {
    "outer_end_in_gameloop": true
  },

  // CATEGORY: EQUIPMENT
  "equipment": {
    // Advancement needed to enable elytra boosting. Leave blank "" to disable the need for one
    "elytra_boost_advancement": "",
    // Crystalline tools boost ratio
    "crystal_xp_boost": 3
  }
}