{
  "dependencies": [
    "Going to Mars"
  ],
  "tasks": {
    "aaoi": {
      "type": "heracles:item",
      "item": "ad_astra:ostrum_ingot",
      "amount": 32,
      "collection": "AUTOMATIC",
      "title": "",
      "icon": {
        "item": {
          "id": "minecraft:air",
          "count": 0
        },
        "type": "heracles:item"
      }
    }
  },
  "rewards": {
    "aaoi": {
      "title": "",
      "icon": {
        "item": {
          "id": "minecraft:air",
          "count": 0
        },
        "type": "heracles:item"
      },
      "item": {
        "id": "ad_astra:ostrum_ingot",
        "count": 16
      },
      "type": "heracles:item"
    }
  },
  "display": {
    "subtitle": {
      "text": ""
    },
    "description": [
      "A new metal, even sturdier than desh, it might allow to build even more advanced equipment"
    ],
    "groups": {
      "Ad Astra": {
        "position": [
          400,
          -50
        ]
      }
    },
    "icon": {
      "item": {
        "id": "ad_astra:ostrum_ingot",
        "count": 1
      },
      "type": "heracles:item"
    },
    "icon_background": "heracles:textures/gui/quest_backgrounds/default.png",
    "title": {
      "translate": "Ostrum"
    }
  },
  "settings": {
    "unlockNotification": false,
    "showDependencyArrow": true,
    "repeatable": false,
    "individual_progress": false,
    "hidden": "LOCKED"
  }
}