{
  "dependencies": [
    "The Rocket"
  ],
  "tasks": {
    "oxygen": {
      "type": "heracles:item",
      "item": "ad_astra:oxygen_bucket",
      "amount": 1,
      "collection": "AUTOMATIC",
      "title": "",
      "icon": {
        "item": {
          "id": "minecraft:air",
          "count": 0
        },
        "type": "heracles:item"
      }
    }
  },
  "rewards": {
    "aaot": {
      "title": "",
      "icon": {
        "item": {
          "id": "minecraft:air",
          "count": 0
        },
        "type": "heracles:item"
      },
      "item": {
        "id": "ad_astra:oxygen_bucket",
        "count": 1
      },
      "type": "heracles:item"
    }
  },
  "display": {
    "subtitle": {
      "text": ""
    },
    "description": [
      "Oxygen is a basic part of life, unfortunately it isn't very abundant outside of this planet so you will need to prepare for this inconvenience",
      "<br/>",
      "<br/>",
      "The oxygen loader allows to turn water into oxygen, it also needs power to work",
      "<br/>",
      "<br/>",
      "To be able to breath and survive the harsh extraterrestial enviroments you will need a space suit, the space suit can be filled with oxygen in the oxygen loader, you can also fill oxygen tanks and bring them with you, using them replenishes the space suit's oxygen, the suit also allows to breath underwater"
    ],
    "groups": {
      "Ad Astra": {
        "position": [
          200,
          -10
        ]
      }
    },
    "icon": {
      "item": {
        "id": "ad_astra:oxygen_bucket",
        "count": 1
      },
      "type": "heracles:item"
    },
    "icon_background": "heracles:textures/gui/quest_backgrounds/default.png",
    "title": {
      "translate": "Oxygen"
    }
  },
  "settings": {
    "unlockNotification": false,
    "showDependencyArrow": true,
    "repeatable": false,
    "individual_progress": false,
    "hidden": "LOCKED"
  }
}