{
  "dependencies": [
    "Netherite Space Suit"
  ],
  "tasks": {
    "aart3": {
      "type": "heracles:item",
      "item": "ad_astra:tier_3_rocket",
      "amount": 1,
      "collection": "AUTOMATIC",
      "title": "",
      "icon": {
        "item": {
          "id": "minecraft:air",
          "count": 0
        },
        "type": "heracles:item"
      }
    }
  },
  "rewards": {
    "ad_astra_xp_2": {
      "icon": {
        "item": {
          "id": "minecraft:air",
          "count": 0
        },
        "type": "heracles:item"
      },
      "xptype": "LEVEL",
      "amount": 5,
      "title": "",
      "type": "heracles:xp"
    }
  },
  "display": {
    "subtitle": {
      "text": ""
    },
    "description": [
      "Now that you have your netherite space suit you'll also need an improved rocket that can withstand the heat"
    ],
    "groups": {
      "Ad Astra": {
        "position": [
          480,
          -50
        ]
      }
    },
    "icon": {
      "item": {
        "id": "ad_astra:tier_3_rocket",
        "count": 1
      },
      "type": "heracles:item"
    },
    "icon_background": "heracles:textures/gui/quest_backgrounds/default.png",
    "title": {
      "translate": "Visiting the Hot Planets"
    }
  },
  "settings": {
    "unlockNotification": false,
    "showDependencyArrow": true,
    "repeatable": false,
    "individual_progress": false,
    "hidden": "LOCKED"
  }
}