{
  "dependencies": [
    "Book of Shadows"
  ],
  "tasks": {
    "6BA10BD55A3F1DB4": {
      "type": "heracles:item",
      "item": "bewitchment:athame",
      "amount": 1,
      "collection": "AUTOMATIC"
    }
  },
  "rewards": {
    "campfire": {
      "item": {
        "id": "minecraft:campfire",
        "count": 1
      },
      "type": "heracles:item"
    },
    "197B01B3DC9E5C8E": {
      "item": {
        "id": "lootbags:loot_bag",
        "count": 1,
        "nbt": {
          "Type": "COMMON",
          "Color": 16747259,
          "Loot": "aof:loot_bags/magic/common",
          "Name": "Magic Common Lootbag"
        }
      },
      "type": "heracles:item"
    }
  },
  "display": {
    "subtitle": {
      "translate": "Convenient tools for any witch."
    },
    "description": [
      "<h2>Convenient tools for any witch.</h2>",
      "---",
      "It can be used to gather heads from mobs, among other niche uses.",
      "",
      "Being made out of Silver, it is perfectly usable against unholy creatures.",
      "",
      "Athames can also be used to start Rituals from a Dispenser.",
      "---"
    ],
    "groups": {
      "Bewitchment": {
        "position": [
          240,
          64
        ]
      }
    },
    "icon": {
      "item": {
        "id": "bewitchment:athame",
        "count": 1,
        "nbt": {
          "Damage": 0
        }
      },
      "type": "heracles:item"
    },
    "icon_background": "heracles:textures/gui/quest_backgrounds/octagons.png",
    "title": {
      "translate": "Athame"
    }
  },
  "settings": {
    "unlockNotification": false,
    "showDependencyArrow": true,
    "repeatable": false,
    "individual_progress": false,
    "hidden": "LOCKED"
  }
}
