{
  "dependencies": [
    "Athame"
  ],
  "tasks": {
    "6F360235F1EA98C6": {
      "type": "heracles:item",
      "item": "bewitchment:bottle_of_blood",
      "amount": 1,
      "collection": "AUTOMATIC",
      "title": "",
      "icon": {
        "item": {
          "id": "minecraft:air",
          "count": 0
        },
        "type": "heracles:item"
      }
    }
  },
  "rewards": {
    "experience": {
      "icon": {
        "item": {
          "id": "minecraft:air",
          "count": 0
        },
        "type": "heracles:item"
      },
      "xptype": "LEVEL",
      "amount": 4,
      "title": "",
      "type": "heracles:xp"
    },
    "blood": {
      "title": "",
      "icon": {
        "item": {
          "id": "minecraft:air",
          "count": 0
        },
        "type": "heracles:item"
      },
      "item": {
        "id": "bewitchment:bottle_of_blood",
        "count": 4
      },
      "type": "heracles:item"
    }
  },
  "display": {
    "subtitle": {
      "translate": "Bottles of Blood can be obtained by slaying a humanoid with an Athame while holding a Glass Bottle in the offhand."
    },
    "description": [
      "<h2>Bottles of Blood can be obtained by slaying a humanoid with an Athame while holding a Glass Bottle in the offhand.</h2>",
      "---"
    ],
    "groups": {
      "Bewitchment": {
        "position": [
          240,
          128
        ]
      }
    },
    "icon": {
      "item": {
        "id": "bewitchment:bottle_of_blood",
        "count": 1
      },
      "type": "heracles:item"
    },
    "icon_background": "heracles:textures/gui/quest_backgrounds/octagons.png",
    "title": {
      "translate": "Bottle of Blood"
    }
  },
  "settings": {
    "unlockNotification": false,
    "showDependencyArrow": true,
    "repeatable": false,
    "individual_progress": false,
    "hidden": "LOCKED"
  }
}