{
  "dependencies": [
    "Juniper Broom",
    "Death Protection Poppet",
    "Heaven Extract",
    "Find a Nether Fortress",
    "Cleansing Balm",
    "Demon Horn",
    "Taglock",
    "Earth Ichor",
    "Grotesque Stew",
    "Grim Elixir",
    "Vamipiric Poppet",
    "Protection Poppet",
    "Aqua Cerate",
    "Crystal Ball",
    "Wood Ash",
    "Athame",
    "Chalk",
    "Caduceus",
    "Bottle of Blood",
    "Voodoo Protection Poppet",
    "Mending Support",
    "Book of Shadows",
    "Final Broom",
    "Harbinger",
    "Oak Bark",
    "Voodoo Poppet",
    "Horned Spear",
    "Fatigue Poppet",
    "Stone Witch Altar",
    "Demon Heart",
    "Fiery Serum",
    "Judgement Poppet",
    "Scepter",
    "Witch Cauldron"
  ],
  "tasks": {
    "2C2166273BBDFCAC": {
      "title": "§eBewitchment 100%",
      "icon": {
        "item": {
          "id": "minecraft:air",
          "count": 0
        },
        "type": "heracles:item"
      },
      "type": "heracles:check"
    }
  },
  "rewards": {
    "3754227DEE07E247": {
      "title": "",
      "icon": {
        "item": {
          "id": "minecraft:air",
          "count": 0
        },
        "type": "heracles:item"
      },
      "item": {
        "id": "trofers:medium_pillar",
        "count": 1,
        "nbt": {
          "BlockEntityTag": {
            "Trophy": "trofers:bewitchment"
          }
        }
      },
      "type": "heracles:item"
    }
  },
  "display": {
    "subtitle": {
      "translate": "Complete all quests to obtain the trophy!"
    },
    "description": [
      "<br/>",
      "<columns template='0 100'>",
      "<column>",
      "<columns>",
      "<column valign='top'>",
      "<h2 background='8 #888b4513' border='0 #018b4513' color='#448b4513' obfuscated='true'>123456789</h2>",
      "</column>",
      "<column valign='bottom'>",
      "<h2 background='8 #88000000' border='2 #01000000' color='#44000000' obfuscated='true'>123456789</h2>",
      "</column>",
      "<column>",
      "<h2 background='8 #88ffd700' border='5 #01ffd700' color='#44ffd700' obfuscated='true'>123456789</h2>",
      "</column>",
      "</columns>",
      "</column>",
      "<column>",
      "<columns template='20 82'>",
      "<column>",
      "<item border='0 #88777777' id='trofers:medium_pillar' scale='7' tag='{BlockEntityTag:{Trophy:&#39;trofers:bewitchment&#39;}}'>&#32;</item>",
      "</column>",
      "<column valign='middle'>",
      "<h1 align='center' background='3 #22000000' border='1 #bbffffff' italic='true' shadowed='true'>Bewitchment</h1>",
      "<br/>",
      "<hr/>",
      "<br/>",
      "  Arcana.",
      "",
      "    Gnosticism.",
      "",
      "      The Occult.",
      "",
      "  You have been engaging with dark, unspeakable forces.",
      "",
      "",
      "  Truthfully, I am now unsettled by your presence.",
      "",
      "  Please take this trophy and leave.",
      "<br/>",
      "<hr/>",
      "</column>",
      "</columns>",
      "</column>",
      "</columns>"
    ],
    "groups": {
      "Bewitchment": {
        "position": [
          144,
          -38
        ]
      }
    },
    "icon": {
      "item": {
        "id": "trofers:medium_pillar",
        "count": 1,
        "nbt": {
          "BlockEntityTag": {
            "Trophy": "trofers:bewitchment"
          }
        }
      },
      "type": "heracles:item"
    },
    "icon_background": "heracles:textures/gui/quest_backgrounds/hexagons.png",
    "title": {
      "translate": "§6§lBewitchment §c§l100%"
    }
  },
  "settings": {
    "unlockNotification": false,
    "showDependencyArrow": false,
    "repeatable": false,
    "individual_progress": false,
    "hidden": "LOCKED"
  }
}