{
  "dependencies": [
    "Stone Witch Altar"
  ],
  "tasks": {
    "2A76279AD6285265": {
      "title": "Find a nether fortress",
      "icon": {
        "item": {
          "id": "minecraft:air",
          "count": 0
        },
        "type": "heracles:item"
      },
      "advancements": [
        "minecraft:nether/find_fortress"
      ],
      "type": "heracles:advancement"
    }
  },
  "rewards": {
    "wither_skull": {
      "title": "",
      "icon": {
        "item": {
          "id": "minecraft:air",
          "count": 0
        },
        "type": "heracles:item"
      },
      "item": {
        "id": "minecraft:wither_skeleton_skull",
        "count": 1
      },
      "type": "heracles:item"
    }
  },
  "display": {
    "subtitle": {
      "text": ""
    },
    "description": [
      "---"
    ],
    "groups": {
      "Bewitchment": {
        "position": [
          368,
          128
        ]
      }
    },
    "icon": {
      "item": {
        "id": "minecraft:nether_bricks",
        "count": 1
      },
      "type": "heracles:item"
    },
    "icon_background": "heracles:textures/gui/quest_backgrounds/octagons.png",
    "title": {
      "translate": "Find a Nether Fortress"
    }
  },
  "settings": {
    "unlockNotification": false,
    "showDependencyArrow": true,
    "repeatable": false,
    "individual_progress": false,
    "hidden": "LOCKED"
  }
}