{
  "dependencies": [
    "Taglock"
  ],
  "tasks": {
    "55C622C7F900504C": {
      "type": "heracles:item",
      "item": "bewitchment:protection_poppet",
      "amount": 1,
      "collection": "AUTOMATIC",
      "title": "",
      "icon": {
        "item": {
          "id": "minecraft:air",
          "count": 0
        },
        "type": "heracles:item"
      }
    }
  },
  "rewards": {
    "iron_block": {
      "title": "",
      "icon": {
        "item": {
          "id": "minecraft:air",
          "count": 0
        },
        "type": "heracles:item"
      },
      "item": {
        "id": "minecraft:iron_block",
        "count": 6
      },
      "type": "heracles:item"
    }
  },
  "display": {
    "subtitle": {
      "text": ""
    },
    "description": [
      "---"
    ],
    "groups": {
      "Bewitchment": {
        "position": [
          64,
          -176
        ]
      }
    },
    "icon": {
      "item": {
        "id": "bewitchment:protection_poppet",
        "count": 1,
        "nbt": {
          "Damage": 0
        }
      },
      "type": "heracles:item"
    },
    "icon_background": "heracles:textures/gui/quest_backgrounds/octagons.png",
    "title": {
      "translate": "Protection Poppet"
    }
  },
  "settings": {
    "unlockNotification": false,
    "showDependencyArrow": true,
    "repeatable": false,
    "individual_progress": false,
    "hidden": "LOCKED"
  }
}