{
  "dependencies": [
    "Caduceus",
    "Demon Horn"
  ],
  "tasks": {
    "21DC85807695CFAB": {
      "type": "heracles:item",
      "item": "bewitchment:scepter",
      "amount": 1,
      "collection": "AUTOMATIC",
      "title": "",
      "icon": {
        "item": {
          "id": "minecraft:air",
          "count": 0
        },
        "type": "heracles:item"
      }
    }
  },
  "rewards": {},
  "display": {
    "subtitle": {
      "translate": "This powerful relic is obtained by defeating Leonard."
    },
    "description": [
      "<h2>This powerful relic is obtained by defeating Leonard.</h2>",
      "---",
      "It can be combined with a Splash Potion, which can then be thrown four times using the Scepter at the cost of ME.",
      "",
      "The Scepter can be repaired using Netherie Ingots.",
      "---"
    ],
    "groups": {
      "Bewitchment": {
        "position": [
          320,
          -128
        ]
      }
    },
    "icon": {
      "item": {
        "id": "bewitchment:scepter",
        "count": 1,
        "nbt": {
          "Damage": 0
        }
      },
      "type": "heracles:item"
    },
    "icon_background": "heracles:textures/gui/quest_backgrounds/octagons.png",
    "title": {
      "translate": "Scepter"
    }
  },
  "settings": {
    "unlockNotification": false,
    "showDependencyArrow": true,
    "repeatable": false,
    "individual_progress": false,
    "hidden": "LOCKED"
  }
}