{
  "dependencies": [],
  "tasks": {
    "4E8C15D371DB7A1A": {
      "type": "heracles:item",
      "item": "bewitchment:witch_cauldron",
      "amount": 1,
      "collection": "AUTOMATIC",
      "title": "",
      "icon": {
        "item": {
          "id": "minecraft:air",
          "count": 0
        },
        "type": "heracles:item"
      }
    }
  },
  "rewards": {
    "experience": {
      "icon": {
        "item": {
          "id": "minecraft:air",
          "count": 0
        },
        "type": "heracles:item"
      },
      "xptype": "LEVEL",
      "amount": 4,
      "title": "",
      "type": "heracles:xp"
    }
  },
  "display": {
    "subtitle": {
      "translate": "This magical cauldron is extremely versatile in use and is namely used for Oil Crafting, Brewing and and Teleportation."
    },
    "description": [
      "<h2>This magical cauldron is extremely versatile in use and is namely used for Oil Crafting, Brewing and and Teleportation.</h2>",
      "---",
      "Items can be tossed into the Witch Cauldron once it boils.",
      "",
      "To make it boil, place hot blocks such as Lava or Magma Blocks below it.",
      "",
      "Note that the Witch Cauldron requires Altar Power, except for Oil Crafting.",
      "",
      "To teleport with a Witch Cauldron, simply throw in an Ender Pearl, step on it, and say your destination.",
      "",
      "That destination must be another Witch Cauldron that has been named with a Name Tag.",
      "---"
    ],
    "groups": {
      "Bewitchment": {
        "position": [
          0,
          80
        ]
      }
    },
    "icon": {
      "item": {
        "id": "bewitchment:witch_cauldron",
        "count": 1
      },
      "type": "heracles:item"
    },
    "icon_background": "heracles:textures/gui/quest_backgrounds/octagons.png",
    "title": {
      "translate": "Witch Cauldron"
    }
  },
  "settings": {
    "unlockNotification": false,
    "showDependencyArrow": true,
    "repeatable": false,
    "individual_progress": false,
    "hidden": "LOCKED"
  }
}