{
  "dependencies": [
    "TR Chromium Plate",
    "TR Lapotron Crystal",
    "TR Iron Furnace",
    "TR Data Storage Core",
    "TR Greenhouse Controller",
    "TR Fluid Replicator",
    "TR Alarm",
    "TR Solid Canning Machine",
    "TR Adjustable SU",
    "TR Synthetic Redstone Crystal",
    "TR Lightning Rod",
    "TR Isulated Copper Cable",
    "TR Steel Plate",
    "TR Gas Turbine",
    "TR Energy Crystal",
    "TR Fusion Coil",
    "TR Auto Crafting Table",
    "TR Industrial Sawmill",
    "TR Recycler",
    "TR Titanium Plate",
    "TR Plasma Gen",
    "TR Rolling Machine",
    "TR Nichrome Heating Coil",
    "TR Beryllium",
    "Begin Tech Reborn",
    "TR Superconductor Cable",
    "TR Solid Feul Gen",
    "Sap and Rubber",
    "TR Matter Fabricator",
    "TR Quantum Solar Panel",
    "TR Advanced Alloy Plate",
    "TR Basic Solar Panel",
    "TR Carbon Plate",
    "TR Distillation Tower",
    "TR Heliumplasma",
    "TR Diesel Gen",
    "TR Advanced Circuit",
    "TR Lapotronic Orb",
    "TR Basic Machine Casing",
    "TR Scrapboxinator",
    "TR Data Storage Chip",
    "TR Red Cell Battery",
    "TR Electronic Circuit",
    "TR Energy Flow Chip",
    "TR Vacuum Freezer",
    "TR LV Transformer",
    "TR Wrench",
    "TR Cloaking Device",
    "TR Scrap",
    "TR Lithium Ion Battery",
    "TR Overclocker Upgrade",
    "TR Electric Treetap",
    "TR Carbon Fiber",
    "TR Grinder",
    "TR Interdimensional SU",
    "TR Industrial Electrolyzer",
    "TR HV Transformer",
    "TR Compressor",
    "TR Alloy Smelter",
    "TR Drain",
    "TR Advanced Machine Frame",
    "TR Advanced Machine Casing",
    "TR Titanium Ingot",
    "TR Superconductor",
    "TR Chromium Ingot",
    "Refined Iron Ingot",
    "TR Magnalium Plate",
    "TR Implossion Compressor",
    "TR Iridium Alloy Plate",
    "TR Resin Basin",
    "TR Electric Furnace",
    "TR Wire Mill",
    "TR Silicon Plate",
    "TR Dragon Egg Syphon",
    "TR Industrial Grinder",
    "TR Cupronickel Heating Coil",
    "TR Assembly Machine",
    "TR Lamp Incandescent",
    "TR Lapotronic SU",
    "TR MV SU",
    "TR Basic Machine Frame",
    "TR Industrial Machine Frame",
    "TR Industrial Centrifuge",
    "TR Alternative Gens",
    "TR Neutron Reflector",
    "TR Wind Mill",
    "TR HV SU",
    "TR Coal Dust",
    "TR Chemical Reactor",
    "TR Tungstensteel Ingot",
    "TR UU Matter",
    "TR Industrial Blast Furnace",
    "TR Industrial Machine Casing",
    "TR Industrial Solar Panel",
    "TR Scrap Box",
    "TR Fusion Control Computer",
    "TR Advanced Solar Panel",
    "TR Bronze Ingot",
    "TR MV Transformer",
    "TR Ultimate Solar Panel",
    "TR Industrial Circuit",
    "TR Iridium Neutron Reflector",
    "TR Steel Ingot",
    "TR Extractor",
    "TR Thick Neutron Reflector"
  ],
  "tasks": {
    "38B384A7D8B930F4": {
      "title": "§aTech Reborn 100%",
      "icon": {
        "item": {
          "id": "minecraft:air",
          "count": 0
        },
        "type": "heracles:item"
      },
      "type": "heracles:check"
    }
  },
  "rewards": {
    "5451CF4C756F3AD0": {
      "title": "",
      "icon": {
        "item": {
          "id": "minecraft:air",
          "count": 0
        },
        "type": "heracles:item"
      },
      "item": {
        "id": "trofers:medium_pillar",
        "count": 1,
        "nbt": {
          "BlockEntityTag": {
            "Trophy": "trofers:techreborn"
          }
        }
      },
      "type": "heracles:item"
    }
  },
  "display": {
    "subtitle": {
      "translate": "Complete all quests to obtain the trophy!"
    },
    "description": [
      "<br/>",
      "<columns template='0 100'>",
      "<column>",
      "<columns>",
      "<column valign='top'>",
      "<h2 background='8 #880000ff' border='0 #010000ff' color='#440000ff' obfuscated='true'>123456789</h2>",
      "</column>",
      "<column valign='bottom'>",
      "<h2 background='8 #8887cefa' border='2 #0187cefa' color='#4487cefa' obfuscated='true'>123456789</h2>",
      "</column>",
      "<column>",
      "<h2 background='8 #88fffff0' border='5 #01fffff0' color='#44fffff0' obfuscated='true'>123456789</h2>",
      "</column>",
      "</columns>",
      "</column>",
      "<column>",
      "<columns template='20 82'>",
      "<column>",
      "<item border='0 #88777777' id='trofers:medium_pillar' scale='7' tag='{BlockEntityTag:{Trophy:&#39;trofers:techreborn&#39;}}'>&#32;</item>",
      "</column>",
      "<column valign='middle'>",
      "<h1 align='center' background='3 #220000ff' border='1 #bbffffff' italic='true' shadowed='true'>TechReborn</h1>",
      "",
      "---",
      "",
      "  Do you remember",
      "  Your first drop of nectar?",
      "  Lovely was the weather",
      "  While chasin' the skellies away.",
      "",
      "  Transformers were ringin'",
      "  In the key our cables were singin'",
      "  As we alloyed the night, remember",
      "  How the cells stole the night away",
      "  Oh yeah",
      "",
      "  &&oBa-dee-ya",
      "  Say, do you remember",
      "  &&oBa-dee-ya &&7&&o(Oh)",
      "  Craftin' in September",
      "  &&oBa-dee-ya &&7&&o(Hey)",
      "  Never was a cloudy day",
      "",
      "  Say, do you remember?",
      "  &&oBa-dee-ya &&7&&o(Ba-dee-ya, dee-ya)    ",
      "  Flyin' in armor",
      "  &&oBa-dee-ya &&7&&o(Ba-dee-ya, dee-ya)",
      "  Fusion dreams were shiny days (Dee-ya)",
      "",
      "---",
      "</column>",
      "</columns>",
      "</column>",
      "</columns>"
    ],
    "groups": {
      "Tech Reborn": {
        "position": [
          -481,
          22
        ]
      }
    },
    "icon": {
      "item": {
        "id": "trofers:medium_pillar",
        "count": 1,
        "nbt": {
          "BlockEntityTag": {
            "Trophy": "trofers:techreborn"
          }
        }
      },
      "type": "heracles:item"
    },
    "icon_background": "heracles:textures/gui/quest_backgrounds/gears.png",
    "title": {
      "translate": "§9§lTech Reborn 100%"
    }
  },
  "settings": {
    "unlockNotification": false,
    "showDependencyArrow": false,
    "repeatable": false,
    "individual_progress": false,
    "hidden": "LOCKED"
  }
}