{
  "settings": {},
  "dependencies": [
    "TR Carbon Plate",
    "TR Advanced Alloy Plate"
  ],
  "tasks": {
    "21CE3972D3F6DED3": {
      "type": "heracles:item",
      "item": "techreborn:advanced_machine_frame"
    }
  },
  "rewards": {
    "1F04CB5CD8D854AE": {
      "type": "heracles:item",
      "item": {
        "id": "lootbags:loot_bag",
        "count": 1,
        "nbt": {
          "Color": 3706623,
          "Loot": "aof:loot_bags/tech_reborn/rare",
          "Name": "Tech Reborn Rare Lootbag",
          "Type": "RARE"
        }
      }
    }
  },
  "display": {
    "title": "Advanced Machine Frame",
    "description": [
      "<h2>A crafting ingredient used to build advanced machines.</h2>",
      "---"
    ],
    "icon": {
      "type": "heracles:item",
      "item": "techreborn:advanced_machine_frame"
    },
    "icon_background": "heracles:textures/gui/quest_backgrounds/default.png",
    "subtitle": {
      "text": "A crafting ingredient used to build advanced machines."
    },
    "groups": {
      "Tech Reborn": {
        "position": [
          -288,
          -192
        ]
      }
    }
  }
}