{
  "settings": {},
  "dependencies": [
    "TR Basic Machine Casing",
    "TR Steel Plate"
  ],
  "tasks": {
    "696BC8BD052CB0E4": {
      "type": "heracles:item",
      "item": "techreborn:advanced_machine_casing"
    }
  },
  "rewards": {
    "12EA9BD640B4DC9A": {
      "type": "heracles:item",
      "item": {
        "id": "lootbags:loot_bag",
        "count": 1,
        "nbt": {
          "Color": 3706623,
          "Loot": "aof:loot_bags/tech_reborn/rare",
          "Name": "Tech Reborn Rare Lootbag",
          "Type": "RARE"
        }
      }
    }
  },
  "display": {
    "title": "Advanced Machine Casing",
    "description": [
      "<h2>Used to build multi-block machines.</h2>",
      "---"
    ],
    "icon": {
      "type": "heracles:item",
      "item": "techreborn:advanced_machine_casing"
    },
    "icon_background": "heracles:textures/gui/quest_backgrounds/default.png",
    "subtitle": {
      "text": "Used to build multi-block machines."
    },
    "groups": {
      "Tech Reborn": {
        "position": [
          -336,
          -48
        ]
      }
    }
  }
}