{
  "settings": {},
  "dependencies": [
    "Refined Iron Ingot"
  ],
  "tasks": {
    "3CDA28D204483620": {
      "type": "heracles:item",
      "item": "techreborn:alarm"
    }
  },
  "rewards": {
    "7B014F52554B0474": {
      "type": "heracles:item",
      "item": {
        "id": "lootbags:loot_bag",
        "count": 1,
        "nbt": {
          "Color": 3706623,
          "Loot": "aof:loot_bags/tech_reborn/common",
          "Name": "Tech Reborn Common Lootbag",
          "Type": "COMMON"
        }
      }
    }
  },
  "display": {
    "title": "Alarm",
    "description": [
      "<h2>Main purpose is to emit sound when given a red-stone signal.</h2>",
      "---"
    ],
    "icon": {
      "type": "heracles:item",
      "item": "techreborn:alarm"
    },
    "icon_background": "heracles:textures/gui/quest_backgrounds/default.png",
    "subtitle": {
      "text": "Main purpose is to emit sound when given a red-stone signal."
    },
    "groups": {
      "Tech Reborn": {
        "position": [
          -576,
          48
        ]
      }
    }
  }
}
