{
  "settings": {},
  "dependencies": [
    "TR Industrial Electrolyzer"
  ],
  "tasks": {
    "3E0EE8BCEA3480F3": {
      "type": "heracles:item",
      "item": "techreborn:cell",
      "nbt": {
        "fluid": "techreborn:beryllium"
      }
    }
  },
  "rewards": {
    "0965D2B85324DA75": {
      "type": "heracles:item",
      "item": {
        "id": "lootbags:loot_bag",
        "count": 1,
        "nbt": {
          "Color": 3706623,
          "Loot": "aof:loot_bags/tech_reborn/epic",
          "Name": "Tech Reborn Epic Lootbag",
          "Type": "EPIC"
        }
      }
    }
  },
  "display": {
    "title": "Cell",
    "description": [
      "---"
    ],
    "icon": {
      "type": "heracles:item",
      "item": "techreborn:cell"
    },
    "icon_background": "heracles:textures/gui/quest_backgrounds/default.png",
    "groups": {
      "Tech Reborn": {
        "position": [
          192,
          192
        ]
      }
    }
  }
}