{
  "settings": {},
  "dependencies": [
    "TR Coal Dust"
  ],
  "tasks": {
    "01BC807BD6E5920B": {
      "type": "heracles:item",
      "item": "techreborn:carbon_fiber"
    }
  },
  "rewards": {
    "6D6CEAB5D41A2077": {
      "type": "heracles:item",
      "item": {
        "id": "lootbags:loot_bag",
        "count": 1,
        "nbt": {
          "Color": 3706623,
          "Loot": "aof:loot_bags/tech_reborn/common",
          "Name": "Tech Reborn Common Lootbag",
          "Type": "COMMON"
        }
      }
    }
  },
  "display": {
    "title": "Carbon Fiber",
    "description": [
      "<h2>Used in crafting Carbon mesh.</h2>",
      "---"
    ],
    "icon": {
      "type": "heracles:item",
      "item": "techreborn:carbon_fiber"
    },
    "icon_background": "heracles:textures/gui/quest_backgrounds/default.png",
    "subtitle": {
      "text": "Used in crafting Carbon mesh."
    },
    "groups": {
      "Tech Reborn": {
        "position": [
          -304,
          -304
        ]
      }
    }
  }
}