{
  "settings": {},
  "dependencies": [
    "TR Lapotronic Orb"
  ],
  "tasks": {
    "76969CABB40BA5DA": {
      "type": "heracles:item",
      "item": "techreborn:cloaking_device"
    }
  },
  "rewards": {
    "7EF3E127A9C40586": {
      "type": "heracles:item",
      "item": {
        "id": "lootbags:loot_bag",
        "count": 1,
        "nbt": {
          "Color": 3706623,
          "Loot": "aof:loot_bags/tech_reborn/epic",
          "Name": "Tech Reborn Epic Lootbag",
          "Type": "EPIC"
        }
      }
    }
  },
  "display": {
    "title": "Cloaking Device",
    "description": [
      "---"
    ],
    "icon": {
      "type": "heracles:item",
      "item": "techreborn:cloaking_device"
    },
    "icon_background": "heracles:textures/gui/quest_backgrounds/default.png",
    "groups": {
      "Tech Reborn": {
        "position": [
          48,
          48
        ]
      }
    }
  }
}