{
  "settings": {},
  "dependencies": [
    "TR Distillation Tower"
  ],
  "tasks": {
    "734F4480F0BA71B9": {
      "type": "heracles:item",
      "item": "techreborn:diesel_generator"
    }
  },
  "rewards": {
    "7A8068A350404177": {
      "type": "heracles:item",
      "item": {
        "id": "lootbags:loot_bag",
        "count": 1,
        "nbt": {
          "Color": 3706623,
          "Loot": "aof:loot_bags/tech_reborn/epic",
          "Name": "Tech Reborn Epic Lootbag",
          "Type": "EPIC"
        }
      }
    }
  },
  "display": {
    "title": "Diesel Generator",
    "description": [
      "<h2>Produces energy from various fluids.</h2>",
      "---",
      "It has an internal Tank that can hold 10k mB of fluid (10 Buckets or Cells worth) which is consumed as it is converted to energy.",
      "",
      "Fuels (per 1000 mB):",
      "- Nitrofuel = 24,000E",
      "- Nitrocoal Fuel = 48,000E",
      "- Diesel = 128,000E",
      "- Nitro Diesel = 400,000E",
      "---"
    ],
    "icon": {
      "type": "heracles:item",
      "item": "techreborn:diesel_generator"
    },
    "icon_background": "heracles:textures/gui/quest_backgrounds/default.png",
    "subtitle": {
      "text": "Produces energy from various fluids."
    },
    "groups": {
      "Tech Reborn": {
        "position": [
          192,
          240
        ]
      }
    }
  }
}