{
  "settings": {},
  "dependencies": [
    "TR Electronic Circuit"
  ],
  "tasks": {
    "5C4B2AF02256AD7B": {
      "type": "heracles:item",
      "item": "techreborn:data_storage_core"
    }
  },
  "rewards": {
    "77BA2CDD5E6BC946": {
      "type": "heracles:item",
      "item": {
        "id": "lootbags:loot_bag",
        "count": 1,
        "nbt": {
          "Color": 3706623,
          "Loot": "aof:loot_bags/tech_reborn/common",
          "Name": "Tech Reborn Common Lootbag",
          "Type": "COMMON"
        }
      }
    }
  },
  "display": {
    "title": "Data Storage Core",
    "description": [
      "---"
    ],
    "icon": {
      "type": "heracles:item",
      "item": "techreborn:data_storage_core"
    },
    "icon_background": "heracles:textures/gui/quest_backgrounds/default.png",
    "groups": {
      "Tech Reborn": {
        "position": [
          -288,
          48
        ]
      }
    }
  }
}