{
  "settings": {},
  "dependencies": [
    "TR Lapotron Crystal",
    "TR Iridium Alloy Plate"
  ],
  "tasks": {
    "778AE7FC798AC67E": {
      "type": "heracles:item",
      "item": "techreborn:energy_flow_chip"
    }
  },
  "rewards": {
    "2E289113F9E35F77": {
      "type": "heracles:item",
      "item": {
        "id": "lootbags:loot_bag",
        "count": 1,
        "nbt": {
          "Color": 3706623,
          "Loot": "aof:loot_bags/tech_reborn/epic",
          "Name": "Tech Reborn Epic Lootbag",
          "Type": "EPIC"
        }
      }
    }
  },
  "display": {
    "title": "Energy Flow Chip",
    "description": [
      "---"
    ],
    "icon": {
      "type": "heracles:item",
      "item": "techreborn:energy_flow_chip"
    },
    "icon_background": "heracles:textures/gui/quest_backgrounds/default.png",
    "groups": {
      "Tech Reborn": {
        "position": [
          48,
          96
        ]
      }
    }
  }
}