{
  "settings": {},
  "dependencies": [
    "TR Red Cell Battery",
    "Sap and Rubber"
  ],
  "tasks": {
    "330243D7A04EEB17": {
      "type": "heracles:item",
      "item": "techreborn:electric_treetap"
    }
  },
  "rewards": {
    "38D10FC3B27394DB": {
      "type": "heracles:item",
      "item": {
        "id": "lootbags:loot_bag",
        "count": 1,
        "nbt": {
          "Color": 3706623,
          "Loot": "aof:loot_bags/tech_reborn/common",
          "Name": "Tech Reborn Common Lootbag",
          "Type": "COMMON"
        }
      }
    }
  },
  "display": {
    "title": "Electric Treetap",
    "description": [
      "<h2>An advanced version of Treetap used to collect Sap from Rubber Trees.</h2>",
      "---",
      "It has 10k Energy storage.",
      "",
      "One can charge it using Battery Box. ",
      "",
      "One use of Electric Treetap will consume 50 Energy, so it can collect sap 200 times on one charge.",
      "---"
    ],
    "icon": {
      "type": "heracles:item",
      "item": "techreborn:electric_treetap"
    },
    "icon_background": "heracles:textures/gui/quest_backgrounds/default.png",
    "subtitle": {
      "text": "An advanced version of Treetap used to collect Sap from Rubber Trees."
    },
    "groups": {
      "Tech Reborn": {
        "position": [
          -544,
          176
        ]
      }
    }
  }
}