{
  "settings": {},
  "dependencies": [
    "TR Wind Mill"
  ],
  "tasks": {
    "13460BEA8329BB81": {
      "type": "heracles:item",
      "item": "techreborn:gas_turbine"
    }
  },
  "rewards": {
    "6CCB3FC5ED062E31": {
      "type": "heracles:item",
      "item": {
        "id": "lootbags:loot_bag",
        "count": 1,
        "nbt": {
          "Color": 3706623,
          "Loot": "aof:loot_bags/tech_reborn/rare",
          "Name": "Tech Reborn Rare Lootbag",
          "Type": "RARE"
        }
      }
    }
  },
  "display": {
    "title": "Gas Turbine",
    "description": [
      "<h2>Produces energy from various gases.</h2>",
      "---",
      "It has an internal Tank that can hold 10k mB of fluid (10 Buckets or Cells worth) which is consumed as it is converted to energy.",
      "",
      "Hydrogen: 15,000E/1000 mB",
      "Methane: 45,000E/1000 mB",
      "",
      "Place a cell or bucket of fuel into the input slot to fill the internal tank.",
      "",
      "Can also be filled by an external Tank.",
      "",
      "Outputs energy on all sides.",
      "---"
    ],
    "icon": {
      "type": "heracles:item",
      "item": "techreborn:gas_turbine"
    },
    "icon_background": "heracles:textures/gui/quest_backgrounds/default.png",
    "subtitle": {
      "text": "Produces energy from various gases."
    },
    "groups": {
      "Tech Reborn": {
        "position": [
          -48,
          -64
        ]
      }
    }
  }
}