{
  "settings": {},
  "dependencies": [
    "TR Advanced Circuit"
  ],
  "tasks": {
    "07164E9C8B69E154": {
      "type": "heracles:item",
      "item": "techreborn:industrial_sawmill"
    }
  },
  "rewards": {
    "5940A580AD2C0138": {
      "type": "heracles:item",
      "item": {
        "id": "lootbags:loot_bag",
        "count": 1,
        "nbt": {
          "Color": 3706623,
          "Loot": "aof:loot_bags/tech_reborn/rare",
          "Name": "Tech Reborn Rare Lootbag",
          "Type": "RARE"
        }
      }
    }
  },
  "display": {
    "title": "Industrial Sawmill",
    "description": [
      "<h2>A multi-block wood processing machine.</h2>",
      "---",
      "The Saw Mill multi-block has 3 layers:",
      "",
      "The first layer contains 9x Basic Machine Casing.",
      "",
      "The second layer contains 8x Advanced Machine Casing with a central hole filled with water.",
      "",
      "The third layer again contains 9x Basic Machine Casing.",
      "",
      "Place Saw Mill block on the top and connect it to a power source.",
      "",
      "Put wood and water into the input slot. The Saw Mill will produce planks, and with a chance of some Saw Dust and paper.",
      "---"
    ],
    "icon": {
      "type": "heracles:item",
      "item": "techreborn:industrial_sawmill"
    },
    "icon_background": "heracles:textures/gui/quest_backgrounds/default.png",
    "subtitle": {
      "text": "A multi-block wood processing machine."
    },
    "groups": {
      "Tech Reborn": {
        "position": [
          -176,
          144
        ]
      }
    }
  }
}