{
  "settings": {},
  "dependencies": [
    "TR Thick Neutron Reflector"
  ],
  "tasks": {
    "26C6BD42221F592C": {
      "type": "heracles:item",
      "item": "techreborn:iridium_neutron_reflector"
    }
  },
  "rewards": {
    "4751598D164EC3C6": {
      "type": "heracles:item",
      "item": {
        "id": "lootbags:loot_bag",
        "count": 1,
        "nbt": {
          "Color": 3706623,
          "Loot": "aof:loot_bags/tech_reborn/epic",
          "Name": "Tech Reborn Epic Lootbag",
          "Type": "EPIC"
        }
      }
    }
  },
  "display": {
    "title": "Iridium Neutron Reflector",
    "description": [
      "---"
    ],
    "icon": {
      "type": "heracles:item",
      "item": "techreborn:iridium_neutron_reflector"
    },
    "icon_background": "heracles:textures/gui/quest_backgrounds/default.png",
    "groups": {
      "Tech Reborn": {
        "position": [
          144,
          144
        ]
      }
    }
  }
}