{
  "settings": {},
  "dependencies": [
    "TR Advanced Solar Panel"
  ],
  "tasks": {
    "6596DA16576E85D2": {
      "type": "heracles:item",
      "item": "techreborn:industrial_solar_panel"
    }
  },
  "rewards": {
    "7D164386AD271EFF": {
      "type": "heracles:item",
      "item": {
        "id": "minecraft:sunflower",
        "count": 3
      }
    },
    "2C557BBF2D88AA20": {
      "type": "heracles:item",
      "item": {
        "id": "lootbags:loot_bag",
        "count": 1,
        "nbt": {
          "Color": 3706623,
          "Loot": "aof:loot_bags/tech_reborn/epic",
          "Name": "Tech Reborn Epic Lootbag",
          "Type": "EPIC"
        }
      }
    }
  },
  "display": {
    "title": "Industrial Solar Panel",
    "description": [
      "<h2>Produces energy from sunlight.</h2>",
      "---"
    ],
    "icon": {
      "type": "heracles:item",
      "item": "techreborn:industrial_solar_panel"
    },
    "icon_background": "heracles:textures/gui/quest_backgrounds/default.png",
    "subtitle": {
      "text": "Produces energy from sunlight."
    },
    "groups": {
      "Tech Reborn": {
        "position": [
          -400,
          -400
        ]
      }
    }
  }
}