{
  "settings": {},
  "dependencies": [
    "TR Adjustable SU"
  ],
  "tasks": {
    "3F1D60CE2CD6290C": {
      "type": "heracles:item",
      "item": "techreborn:interdimensional_su"
    }
  },
  "rewards": {
    "5045F87A017716EE": {
      "type": "heracles:item",
      "item": {
        "id": "lootbags:loot_bag",
        "count": 1,
        "nbt": {
          "Color": 3706623,
          "Loot": "aof:loot_bags/tech_reborn/epic",
          "Name": "Tech Reborn Epic Lootbag",
          "Type": "EPIC"
        }
      }
    }
  },
  "display": {
    "title": "Interdimensional Su",
    "description": [
      "<h2>A battery block that stores energy and charges items, while wireless transferring energy to other IDSUs.</h2>",
      "---",
      "Acts similar to an Ender Chest but for energy instead of items; all IDSUs share the same energy storage.",
      "",
      "Works across distances (e.g. Overworld→Overworld) and dimensions (e.g. Overworld→Nether).",
      "---"
    ],
    "icon": {
      "type": "heracles:item",
      "item": "techreborn:interdimensional_su"
    },
    "icon_background": "heracles:textures/gui/quest_backgrounds/default.png",
    "subtitle": {
      "text": "A battery block that stores energy and charges items, while wireless transferring energy to other IDSUs."
    },
    "groups": {
      "Tech Reborn": {
        "position": [
          176,
          0
        ]
      }
    }
  }
}