{
  "settings": {},
  "dependencies": [
    "TR Advanced Machine Casing"
  ],
  "tasks": {
    "07EEECEC8A259761": {
      "type": "heracles:item",
      "item": "techreborn:lightning_rod"
    }
  },
  "rewards": {
    "6B9A47975C83B4D1": {
      "type": "heracles:item",
      "item": {
        "id": "lootbags:loot_bag",
        "count": 1,
        "nbt": {
          "Color": 3706623,
          "Loot": "aof:loot_bags/tech_reborn/rare",
          "Name": "Tech Reborn Rare Lootbag",
          "Type": "RARE"
        }
      }
    }
  },
  "display": {
    "title": "Lightning Rod",
    "description": [
      "<h2>A passive generator that produces energy from lightning strikes during thunderstorms.</h2>",
      "---"
    ],
    "icon": {
      "type": "heracles:item",
      "item": "techreborn:lightning_rod"
    },
    "icon_background": "heracles:textures/gui/quest_backgrounds/default.png",
    "subtitle": {
      "text": "A passive generator that produces energy from lightning strikes during thunderstorms."
    },
    "groups": {
      "Tech Reborn": {
        "position": [
          -336,
          0
        ]
      }
    }
  }
}