{
  "settings": {},
  "dependencies": [
    "TR Lapotron Crystal",
    "TR Iridium Alloy Plate"
  ],
  "tasks": {
    "TR Lapotronic Orb Item": {
      "type": "heracles:item",
      "item": "techreborn:lapotronic_orb"
    }
  },
  "rewards": {
    "5378182B0F04B24A": {
      "type": "heracles:item",
      "item": {
        "id": "lootbags:loot_bag",
        "count": 1,
        "nbt": {
          "Color": 3706623,
          "Loot": "aof:loot_bags/tech_reborn/epic",
          "Name": "Tech Reborn Epic Lootbag",
          "Type": "EPIC"
        }
      }
    }
  },
  "display": {
    "title": "Lapotronic Orb",
    "description": [
      "<h2>A portable battery used to charge items.</h2>",
      "---"
    ],
    "icon": {
      "type": "heracles:item",
      "item": "techreborn:lapotronic_orb"
    },
    "icon_background": "heracles:textures/gui/quest_backgrounds/default.png",
    "subtitle": {
      "text": "A portable battery used to charge items."
    },
    "groups": {
      "Tech Reborn": {
        "position": [
          48,
          0
        ]
      }
    }
  }
}