{
  "settings": {},
  "dependencies": [
    "TR Carbon Fiber"
  ],
  "tasks": {
    "3F6957D32FF5EDC4": {
      "type": "heracles:item",
      "item": "techreborn:lamp_incandescent"
    }
  },
  "rewards": {
    "289B05BBBD6EC4AE": {
      "type": "heracles:item",
      "item": {
        "id": "lootbags:loot_bag",
        "count": 1,
        "nbt": {
          "Color": 3706623,
          "Loot": "aof:loot_bags/tech_reborn/common",
          "Name": "Tech Reborn Common Lootbag",
          "Type": "COMMON"
        }
      }
    }
  },
  "display": {
    "title": "Lamp Incandescent",
    "description": [
      "---"
    ],
    "icon": {
      "type": "heracles:item",
      "item": "techreborn:lamp_incandescent"
    },
    "icon_background": "heracles:textures/gui/quest_backgrounds/default.png",
    "groups": {
      "Tech Reborn": {
        "position": [
          -320,
          -240
        ]
      }
    }
  }
}