{
  "dependencies": [
    "TR Scrap",
    "TR Industrial Machine Frame"
  ],
  "tasks": {
    "41A767CEF823633B": {
      "type": "heracles:item",
      "item": "techreborn:matter_fabricator",
      "amount": 1,
      "collection": "AUTOMATIC",
      "title": "",
      "icon": {
        "item": {
          "id": "minecraft:air",
          "count": 0
        },
        "type": "heracles:item"
      }
    }
  },
  "rewards": {
    "502D94C89D8EF078": {
      "title": "",
      "icon": {
        "item": {
          "id": "minecraft:air",
          "count": 0
        },
        "type": "heracles:item"
      },
      "item": {
        "id": "lootbags:loot_bag",
        "count": 1,
        "nbt": {
          "Type": "EPIC",
          "Color": 3706623,
          "Loot": "aof:loot_bags/tech_reborn/epic",
          "Name": "Tech Reborn Epic Lootbag"
        }
      },
      "type": "heracles:item"
    }
  },
  "display": {
    "subtitle": {
      "translate": "Requires Lapotronic Energy Orb and Industrial Machine Frame quests."
    },
    "description": [
      "<h2>Requires Lapotronic Energy Orb and Industrial Machine Frame quests.</h2>",
      "---",
      "Used to produce UU-Matter which in turn can be used to craft various vanilla items.",
      "",
      "Both Scrap and Scrap Boxes can be used in the Matter Fabricator. ",
      "",
      "The first one will give you 2% on the progress bar for producing a single piece of UU-Matter which means that to produce 1x UU-Matter, you will need 50x Scrap.",
      "---"
    ],
    "groups": {
      "Tech Reborn": {
        "position": [
          -208,
          -352
        ]
      }
    },
    "icon": {
      "item": {
        "id": "techreborn:matter_fabricator",
        "count": 1
      },
      "type": "heracles:item"
    },
    "icon_background": "heracles:textures/gui/quest_backgrounds/default.png",
    "title": {
      "translate": "Matter Fabricator"
    }
  },
  "settings": {
    "unlockNotification": false,
    "showDependencyArrow": false,
    "repeatable": false,
    "individual_progress": false,
    "hidden": "LOCKED"
  }
}