{
  "settings": {},
  "dependencies": [
    "TR Rolling Machine",
    "TR Chromium Ingot"
  ],
  "tasks": {
    "TR Nichrome Heating Coil Item": {
      "type": "heracles:item",
      "item": "techreborn:nichrome_heating_coil"
    }
  },
  "rewards": {
    "37AD081EBFBF907A": {
      "type": "heracles:item",
      "item": {
        "id": "lootbags:loot_bag",
        "count": 1,
        "nbt": {
          "Color": 3706623,
          "Loot": "aof:loot_bags/tech_reborn/rare",
          "Name": "Tech Reborn Rare Lootbag",
          "Type": "RARE"
        }
      }
    }
  },
  "display": {
    "title": "Nichrome Heating Coil",
    "description": [
      "---"
    ],
    "icon": {
      "type": "heracles:item",
      "item": "techreborn:nichrome_heating_coil"
    },
    "icon_background": "heracles:textures/gui/quest_backgrounds/default.png",
    "groups": {
      "Tech Reborn": {
        "position": [
          -192,
          0
        ]
      }
    }
  }
}