{
  "dependencies": [
    "TR Coal Dust",
    "Begin Tech Reborn"
  ],
  "tasks": {
    "63C31057EF1EDA2B": {
      "type": "heracles:item",
      "item": "techreborn:neutron_reflector",
      "amount": 1,
      "collection": "AUTOMATIC",
      "title": "",
      "icon": {
        "item": {
          "id": "minecraft:air",
          "count": 0
        },
        "type": "heracles:item"
      }
    }
  },
  "rewards": {
    "6AEC3535DC8AC2AF": {
      "title": "",
      "icon": {
        "item": {
          "id": "minecraft:air",
          "count": 0
        },
        "type": "heracles:item"
      },
      "item": {
        "id": "lootbags:loot_bag",
        "count": 1,
        "nbt": {
          "Type": "EPIC",
          "Color": 3706623,
          "Loot": "aof:loot_bags/tech_reborn/epic",
          "Name": "Tech Reborn Epic Lootbag"
        }
      },
      "type": "heracles:item"
    }
  },
  "display": {
    "subtitle": {
      "translate": "Requires Coal Dust quest to unlock."
    },
    "description": [
      "<h2>Requires Coal Dust quest to unlock.</h2>",
      "---"
    ],
    "groups": {
      "Tech Reborn": {
        "position": [
          240,
          144
        ]
      }
    },
    "icon": {
      "item": {
        "id": "techreborn:neutron_reflector",
        "count": 1
      },
      "type": "heracles:item"
    },
    "icon_background": "heracles:textures/gui/quest_backgrounds/default.png",
    "title": {
      "translate": "Neutron Reflector"
    }
  },
  "settings": {
    "unlockNotification": false,
    "showDependencyArrow": false,
    "repeatable": false,
    "individual_progress": false,
    "hidden": "LOCKED"
  }
}