{
  "settings": {},
  "dependencies": [
    "TR Ultimate Solar Panel",
    "TR UU Matter"
  ],
  "tasks": {
    "1DBAEB455FF1FD4C": {
      "type": "heracles:item",
      "item": "techreborn:quantum_solar_panel"
    }
  },
  "rewards": {
    "3CD5446E7C5919B9": {
      "type": "heracles:item",
      "item": {
        "id": "minecraft:sunflower",
        "count": 5
      }
    },
    "1A300DFFE902CD75": {
      "type": "heracles:item",
      "item": {
        "id": "lootbags:loot_bag",
        "count": 1,
        "nbt": {
          "Color": 3706623,
          "Loot": "aof:loot_bags/tech_reborn/epic",
          "Name": "Tech Reborn Epic Lootbag",
          "Type": "EPIC"
        }
      }
    }
  },
  "display": {
    "title": "Quantum Solar Panel",
    "description": [
      "<h2>Produces energy from sunlight.</h2>",
      "---"
    ],
    "icon": {
      "type": "heracles:item",
      "item": "techreborn:quantum_solar_panel"
    },
    "icon_background": "heracles:textures/gui/quest_backgrounds/default.png",
    "subtitle": {
      "text": "Produces energy from sunlight."
    },
    "groups": {
      "Tech Reborn": {
        "position": [
          -320,
          -448
        ]
      }
    }
  }
}