{
  "dependencies": [
    "TR Compressor"
  ],
  "tasks": {
    "1F93FFF43FB3D3AA": {
      "type": "heracles:item",
      "item": "minecraft:cobblestone",
      "amount": 64,
      "collection": "AUTOMATIC",
      "title": "",
      "icon": {
        "item": {
          "id": "minecraft:air",
          "count": 0
        },
        "type": "heracles:item"
      }
    },
    "52D80A7455E84CD0": {
      "type": "heracles:item",
      "item": "techreborn:recycler",
      "amount": 1,
      "collection": "AUTOMATIC",
      "title": "",
      "icon": {
        "item": {
          "id": "minecraft:air",
          "count": 0
        },
        "type": "heracles:item"
      }
    }
  },
  "rewards": {
    "0ABE388E881B1D70": {
      "title": "",
      "icon": {
        "item": {
          "id": "minecraft:air",
          "count": 0
        },
        "type": "heracles:item"
      },
      "item": {
        "id": "lootbags:loot_bag",
        "count": 1,
        "nbt": {
          "Type": "RARE",
          "Color": 3706623,
          "Loot": "aof:loot_bags/tech_reborn/rare",
          "Name": "Tech Reborn Rare Lootbag"
        }
      },
      "type": "heracles:item"
    }
  },
  "display": {
    "subtitle": {
      "translate": "Converts any item you put into it into Scrap with a 1 in 6 chance to do so."
    },
    "description": [
      "<h2>Converts any item you put into it into Scrap with a 1 in 6 chance to do so.</h2>",
      "---"
    ],
    "groups": {
      "Tech Reborn": {
        "position": [
          -128,
          -240
        ]
      }
    },
    "icon": {
      "item": {
        "id": "techreborn:scrapboxinator",
        "count": 1
      },
      "type": "heracles:item"
    },
    "icon_background": "heracles:textures/gui/quest_backgrounds/default.png",
    "title": {
      "text": "Reduce. Reuse. Recycle."
    }
  },
  "settings": {
    "unlockNotification": false,
    "showDependencyArrow": true,
    "repeatable": false,
    "individual_progress": false,
    "hidden": "LOCKED"
  }
}
