{
  "settings": {},
  "dependencies": [
    "TR Superconductor"
  ],
  "tasks": {
    "6704AF85FB921573": {
      "type": "heracles:item",
      "item": "techreborn:superconductor_cable"
    }
  },
  "rewards": {
    "4D57CDFB90CDFCB8": {
      "type": "heracles:item",
      "item": {
        "id": "lootbags:loot_bag",
        "count": 1,
        "nbt": {
          "Color": 3706623,
          "Loot": "aof:loot_bags/tech_reborn/epic",
          "Name": "Tech Reborn Epic Lootbag",
          "Type": "EPIC"
        }
      }
    }
  },
  "display": {
    "title": "Superconductor Cable",
    "description": [
      "---"
    ],
    "icon": {
      "type": "heracles:item",
      "item": "techreborn:superconductor_cable"
    },
    "icon_background": "heracles:textures/gui/quest_backgrounds/default.png",
    "groups": {
      "Tech Reborn": {
        "position": [
          144,
          96
        ]
      }
    }
  }
}