{
  "settings": {},
  "dependencies": [
    "TR Scrap"
  ],
  "tasks": {
    "6455685BE29E200F": {
      "type": "heracles:item",
      "item": "techreborn:scrapboxinator"
    }
  },
  "rewards": {
    "3E46BEE5C3894672": {
      "type": "heracles:item",
      "item": {
        "id": "lootbags:loot_bag",
        "count": 1,
        "nbt": {
          "Color": 3706623,
          "Loot": "aof:loot_bags/tech_reborn/rare",
          "Name": "Tech Reborn Rare Lootbag",
          "Type": "RARE"
        }
      }
    }
  },
  "display": {
    "title": "Scrapboxinator",
    "description": [
      "<h2>A machine used to automate opening Scrap Boxes.</h2>",
      "---"
    ],
    "icon": {
      "type": "heracles:item",
      "item": "techreborn:scrapboxinator"
    },
    "icon_background": "heracles:textures/gui/quest_backgrounds/default.png",
    "subtitle": {
      "text": "A machine used to automate opening Scrap Boxes."
    },
    "groups": {
      "Tech Reborn": {
        "position": [
          -160,
          -304
        ]
      }
    }
  }
}