{
  "settings": {},
  "dependencies": [
    "TR Titanium Ingot",
    "TR Compressor"
  ],
  "tasks": {
    "2082D8D02ED9175B": {
      "type": "heracles:item",
      "item": "modern_industrialization:titanium_plate"
    }
  },
  "rewards": {
    "386E728C09C7BB75": {
      "type": "heracles:item",
      "item": {
        "id": "lootbags:loot_bag",
        "count": 1,
        "nbt": {
          "Color": 3706623,
          "Loot": "aof:loot_bags/tech_reborn/epic",
          "Name": "Tech Reborn Epic Lootbag",
          "Type": "EPIC"
        }
      }
    }
  },
  "display": {
    "title": "Titanium Plate",
    "description": [
      "---"
    ],
    "icon": {
      "type": "heracles:item",
      "item": "modern_industrialization:titanium_plate"
    },
    "icon_background": "heracles:textures/gui/quest_backgrounds/default.png",
    "groups": {
      "Tech Reborn": {
        "position": [
          -144,
          -144
        ]
      }
    }
  }
}