{
  "settings": {},
  "dependencies": [
    "TR Industrial Solar Panel"
  ],
  "tasks": {
    "536AF429E1F09DDB": {
      "type": "heracles:item",
      "item": "techreborn:ultimate_solar_panel"
    }
  },
  "rewards": {
    "150D7E43E9A6EA7D": {
      "type": "heracles:item",
      "item": {
        "id": "minecraft:sunflower",
        "count": 4
      }
    },
    "2F432FD0DAD1A773": {
      "type": "heracles:item",
      "item": {
        "id": "lootbags:loot_bag",
        "count": 1,
        "nbt": {
          "Color": 3706623,
          "Loot": "aof:loot_bags/tech_reborn/epic",
          "Name": "Tech Reborn Epic Lootbag",
          "Type": "EPIC"
        }
      }
    }
  },
  "display": {
    "title": "Ultimate Solar Panel",
    "description": [
      "<h2>Produces energy from sunlight.</h2>",
      "---"
    ],
    "icon": {
      "type": "heracles:item",
      "item": "techreborn:ultimate_solar_panel"
    },
    "icon_background": "heracles:textures/gui/quest_backgrounds/default.png",
    "subtitle": {
      "text": "Produces energy from sunlight."
    },
    "groups": {
      "Tech Reborn": {
        "position": [
          -400,
          -448
        ]
      }
    }
  }
}