{
  "settings": {},
  "dependencies": [
    "TR Extractor"
  ],
  "tasks": {
    "0E3A7F048E5ED97B": {
      "type": "heracles:item",
      "item": "techreborn:wire_mill"
    }
  },
  "rewards": {
    "63672FC3387EEA78": {
      "type": "heracles:item",
      "item": {
        "id": "techreborn:rubber",
        "count": 2
      }
    },
    "7B79D20D567D573F": {
      "type": "heracles:item",
      "item": {
        "id": "lootbags:loot_bag",
        "count": 1,
        "nbt": {
          "Color": 3706623,
          "Loot": "aof:loot_bags/tech_reborn/common",
          "Name": "Tech Reborn Common Lootbag",
          "Type": "COMMON"
        }
      }
    }
  },
  "display": {
    "title": "Wire Mill",
    "description": [
      "<h2>Lets you make wires efficiently</h2>",
      "---"
    ],
    "icon": {
      "type": "heracles:item",
      "item": "techreborn:wire_mill"
    },
    "icon_background": "heracles:textures/gui/quest_backgrounds/default.png",
    "subtitle": {
      "text": "Lets you make wires efficiently"
    },
    "groups": {
      "Tech Reborn": {
        "position": [
          -544,
          -48
        ]
      }
    }
  }
}