{
  "type": "minecraft:chest",
  "pools": [
    {
      "rolls": 1,
      "entries": [
        {
          "type": "minecraft:item",
          "weight": 1,
          "name": "spectrum:star_fragment",
          "functions": [
            {
              "count": 4,
              "function": "set_count"
            }
          ]
        },
        {
          "type": "minecraft:item",
          "weight": 1,
          "name": "spectrum:raw_azurite",
          "functions": [
            {
              "count": 4,
              "function": "set_count"
            }
          ]
        },
        {
          "type": "minecraft:item",
          "weight": 1,
          "name": "spectrum:storm_stone",
          "functions": [
            {
              "count": 4,
              "function": "set_count"
            }
          ]
        },
        {
          "type": "minecraft:item",
          "weight": 1,
          "name": "spectrum:liquid_crystal_bucket",
          "functions": [
            {
              "count": 4,
              "function": "set_count"
            }
          ]
        },
        {
          "type": "minecraft:item",
          "weight": 1,
          "name": "spectrum:mud_bucket",
          "functions": [
            {
              "count": 4,
              "function": "set_count"
            }
          ]
        },
        {
          "type": "minecraft:item",
          "weight": 1,
          "name": "spectrum:midnight_solution_bucket",
          "functions": [
            {
              "count": 4,
              "function": "set_count"
            }
          ]
        },
        {
          "type": "minecraft:item",
          "weight": 1,
          "name": "spectrum:polished_basalt",
          "functions": [
            {
              "count": 8,
              "function": "set_count"
            }
          ]
        },
        {
          "type": "minecraft:item",
          "weight": 1,
          "name": "spectrum:polished_basalt_pillar",
          "functions": [
            {
              "count": 8,
              "function": "set_count"
            }
          ]
        },
        {
          "type": "minecraft:item",
          "weight": 1,
          "name": "spectrum:notched_polished_basalt",
          "functions": [
            {
              "count": 8,
              "function": "set_count"
            }
          ]
        },
        {
          "type": "minecraft:item",
          "weight": 1,
          "name": "spectrum:chiseled_polished_basalt",
          "functions": [
            {
              "count": 8,
              "function": "set_count"
            }
          ]
        },
        {
          "type": "minecraft:item",
          "weight": 1,
          "name": "spectrum:polished_basalt_crest",
          "functions": [
            {
              "count": 8,
              "function": "set_count"
            }
          ]
        },
        {
          "type": "minecraft:item",
          "weight": 1,
          "name": "spectrum:polished_calcite",
          "functions": [
            {
              "count": 8,
              "function": "set_count"
            }
          ]
        },
        {
          "type": "minecraft:item",
          "weight": 1,
          "name": "spectrum:polished_calcite_pillar",
          "functions": [
            {
              "count": 8,
              "function": "set_count"
            }
          ]
        },
        {
          "type": "minecraft:item",
          "weight": 1,
          "name": "spectrum:notched_polished_calcite",
          "functions": [
            {
              "count": 8,
              "function": "set_count"
            }
          ]
        },
        {
          "type": "minecraft:item",
          "weight": 1,
          "name": "spectrum:chiseled_polished_calcite",
          "functions": [
            {
              "count": 8,
              "function": "set_count"
            }
          ]
        },
        {
          "type": "minecraft:item",
          "weight": 1,
          "name": "spectrum:polished_calcite_crest",
          "functions": [
            {
              "count": 8,
              "function": "set_count"
            }
          ]
        }
      ]
    }
  ]
}