{
  "type": "minecraft:chest",
  "pools": [
    {
      "rolls": 1,
      "entries": [
        {
          "type": "minecraft:item",
          "weight": 1,
          "name": "spectrum:topaz_shard",
          "functions": [
            {
              "count": 4,
              "function": "set_count"
            }
          ]
        },
        {
          "type": "minecraft:item",
          "weight": 1,
          "name": "minecraft:amethyst_shard",
          "functions": [
            {
              "count": 4,
              "function": "set_count"
            }
          ]
        },
        {
          "type": "minecraft:item",
          "weight": 1,
          "name": "spectrum:citrine_shard",
          "functions": [
            {
              "count": 4,
              "function": "set_count"
            }
          ]
        },
        {
          "type": "minecraft:item",
          "weight": 1,
          "name": "spectrum:topaz_powder",
          "functions": [
            {
              "count": 4,
              "function": "set_count"
            }
          ]
        },
        {
          "type": "minecraft:item",
          "weight": 1,
          "name": "spectrum:amethyst_powder",
          "functions": [
            {
              "count": 4,
              "function": "set_count"
            }
          ]
        },
        {
          "type": "minecraft:item",
          "weight": 1,
          "name": "spectrum:citrine_powder",
          "functions": [
            {
              "count": 4,
              "function": "set_count"
            }
          ]
        },
        {
          "type": "minecraft:item",
          "weight": 1,
          "name": "spectrum:polished_basalt",
          "functions": [
            {
              "count": 8,
              "function": "set_count"
            }
          ]
        },
        {
          "type": "minecraft:item",
          "weight": 1,
          "name": "spectrum:polished_basalt_pillar",
          "functions": [
            {
              "count": 8,
              "function": "set_count"
            }
          ]
        },
        {
          "type": "minecraft:item",
          "weight": 1,
          "name": "spectrum:notched_polished_basalt",
          "functions": [
            {
              "count": 8,
              "function": "set_count"
            }
          ]
        },
        {
          "type": "minecraft:item",
          "weight": 1,
          "name": "spectrum:chiseled_polished_basalt",
          "functions": [
            {
              "count": 8,
              "function": "set_count"
            }
          ]
        },
        {
          "type": "minecraft:item",
          "weight": 1,
          "name": "spectrum:polished_basalt_crest",
          "functions": [
            {
              "count": 8,
              "function": "set_count"
            }
          ]
        },
        {
          "type": "minecraft:item",
          "weight": 1,
          "name": "spectrum:polished_calcite",
          "functions": [
            {
              "count": 8,
              "function": "set_count"
            }
          ]
        },
        {
          "type": "minecraft:item",
          "weight": 1,
          "name": "spectrum:polished_calcite_pillar",
          "functions": [
            {
              "count": 8,
              "function": "set_count"
            }
          ]
        },
        {
          "type": "minecraft:item",
          "weight": 1,
          "name": "spectrum:notched_polished_calcite",
          "functions": [
            {
              "count": 8,
              "function": "set_count"
            }
          ]
        },
        {
          "type": "minecraft:item",
          "weight": 1,
          "name": "spectrum:chiseled_polished_calcite",
          "functions": [
            {
              "count": 8,
              "function": "set_count"
            }
          ]
        },
        {
          "type": "minecraft:item",
          "weight": 1,
          "name": "spectrum:polished_calcite_crest",
          "functions": [
            {
              "count": 8,
              "function": "set_count"
            }
          ]
        }
      ]
    }
  ]
}