{
    "type": "minecraft:chest",
    "pools": [
      {
        "rolls": 1,
        "entries": [
          {
            "type": "minecraft:item",
            "weight": 2,
            "name": "modern_industrialization:iron_gear",
            "functions": [
              {
                "function": "set_count",
                "count": 4
              }
            ]
          },
          {
            "type": "minecraft:item",
            "weight": 2,
            "name": "techreborn:refined_iron_ingot",
            "functions": [
              {
                "function": "set_count",
                "count": 8
              }
            ]
          },
          {
            "type": "minecraft:item",
            "weight": 2,
            "name": "techreborn:insulated_copper_cable",
            "functions": [
              {
                "function": "set_count",
                "count": 16
              }
            ]
          },
          {
            "type": "minecraft:item",
            "weight": 1,
            "name": "techreborn:advanced_machine_frame",
            "functions": [
              {
                "function": "set_count",
                "count": 1
              }
            ]
          },
          {
            "type": "minecraft:item",
            "weight": 1,
            "name": "techreborn:advanced_machine_casing",
            "functions": [
              {
                "function": "set_count",
                "count": 4
              }
            ]
          },
          {
            "type": "minecraft:item",
            "weight": 2,
            "name": "techreborn:advanced_circuit",
            "functions": [
              {
                "function": "set_count",
                "count": 2
              }
            ]
          },
          {
            "type": "minecraft:item",
            "weight": 2,
            "name": "techreborn:synthetic_redstone_crystal",
            "functions": [
              {
                "function": "set_count",
                "count": 4
              }
            ]
          },
          {
            "type": "minecraft:item",
            "weight": 1,
            "name": "techreborn:overclocker_upgrade",
            "functions": [
              {
                "function": "set_count",
                "count": 1
              }
            ]
          },
          {
            "type": "minecraft:item",
            "weight": 1,
            "name": "modern_industrialization:steel_ingot",
            "functions": [
              {
                "function": "set_count",
                "count": 4
              }
            ]
          },
          {
            "type": "minecraft:item",
            "weight": 2,
            "name": "techreborn:basic_solar_panel",
            "functions": [
              {
                "function": "set_count",
                "count": 1
              }
            ]
          },
          {
            "type": "minecraft:item",
            "weight": 2,
            "name": "techreborn:scrap_box",
            "functions": [
              {
                "function": "set_count",
                "count": 32
              }
            ]
          }
        ]
      }
    ]
  }