{
  "settings": {},
  "dependencies": [
    "Basalt Gen MK2"
  ],
  "tasks": {
    "58ED61DA1C7E66B8": {
      "type": "heracles:item",
      "item": "kibe:basalt_generator_mk3"
    }
  },
  "rewards": {
    "2769B5F89F4CAA17": {
      "type": "heracles:item",
      "item": {
        "id": "lootbags:loot_bag",
        "count": 1,
        "nbt": {
          "Color": 6750133,
          "Loot": "aof:loot_bags/misc/utilities",
          "Name": "Utilities Lootbag",
          "Type": "UNCOMMON"
        }
      }
    }
  },
  "display": {
    "title": "Basalt Generator Mk3",
    "description": [
      "---"
    ],
    "icon": {
      "type": "heracles:item",
      "item": "kibe:basalt_generator_mk3"
    },
    "icon_background": "heracles:textures/gui/quest_backgrounds/hexagons.png",
    "groups": {
      "Utilities": {
        "position": [
          80,
          16
        ]
      }
    }
  }
}