{
  "settings": {},
  "dependencies": [
    "Cobble Gen MK3"
  ],
  "tasks": {
    "3A90C7EF9408C4F4": {
      "type": "heracles:item",
      "item": "kibe:cobblestone_generator_mk4"
    }
  },
  "rewards": {
    "717E5131D48B23A0": {
      "type": "heracles:item",
      "item": {
        "id": "lootbags:loot_bag",
        "count": 1,
        "nbt": {
          "Color": 6750133,
          "Loot": "aof:loot_bags/misc/utilities",
          "Name": "Utilities Lootbag",
          "Type": "UNCOMMON"
        }
      }
    }
  },
  "display": {
    "title": "Cobblestone Generator Mk4",
    "description": [
      "---",
      "Go do some farming now.",
      "---"
    ],
    "icon": {
      "type": "heracles:item",
      "item": "kibe:cobblestone_generator_mk4"
    },
    "icon_background": "heracles:textures/gui/quest_backgrounds/hexagons.png",
    "groups": {
      "Utilities": {
        "position": [
          -112,
          48
        ]
      }
    }
  }
}