{
  "settings": {},
  "tasks": {
    "1482B0FA2EB22760": {
      "type": "heracles:item",
      "item": "kibe:cobblestone_generator_mk1"
    }
  },
  "rewards": {
    "40558B9BF8959136": {
      "type": "heracles:item",
      "item": {
        "id": "lootbags:loot_bag",
        "count": 1,
        "nbt": {
          "Color": 6750133,
          "Loot": "aof:loot_bags/misc/utilities",
          "Name": "Utilities Lootbag",
          "Type": "UNCOMMON"
        }
      }
    }
  },
  "display": {
    "title": "Cobblestone Generator Mk1",
    "description": [
      "---"
    ],
    "icon": {
      "type": "heracles:item",
      "item": "kibe:cobblestone_generator_mk1"
    },
    "icon_background": "heracles:textures/gui/quest_backgrounds/hexagons.png",
    "groups": {
      "Utilities": {
        "position": [
          -64,
          -32
        ]
      }
    }
  }
}