{
  "settings": {},
  "dependencies": [
    "Cobble Gen MK1"
  ],
  "tasks": {
    "37A5A44C9F193EC8": {
      "type": "heracles:item",
      "item": "kibe:cobblestone_generator_mk2"
    }
  },
  "rewards": {
    "22FC9E95EE1B6832": {
      "type": "heracles:item",
      "item": {
        "id": "lootbags:loot_bag",
        "count": 1,
        "nbt": {
          "Color": 6750133,
          "Loot": "aof:loot_bags/misc/utilities",
          "Name": "Utilities Lootbag",
          "Type": "UNCOMMON"
        }
      }
    }
  },
  "display": {
    "title": "Cobblestone Generator Mk2",
    "description": [
      "---"
    ],
    "icon": {
      "type": "heracles:item",
      "item": "kibe:cobblestone_generator_mk2"
    },
    "icon_background": "heracles:textures/gui/quest_backgrounds/hexagons.png",
    "groups": {
      "Utilities": {
        "position": [
          -112,
          -16
        ]
      }
    }
  }
}