{
  "dependencies": [],
  "tasks": {
    "6B2D4FA7B4449E85": {
      "type": "heracles:item",
      "item": "kibe:cursed_droplets",
      "amount": 1,
      "collection": "AUTOMATIC"
    }
  },
  "rewards": {
    "7D6E590AE78839D7": {
      "item": {
        "id": "lootbags:loot_bag",
        "count": 1,
        "nbt": {
          "Type": "UNCOMMON",
          "Color": 6750133,
          "Loot": "aof:loot_bags/misc/utilities",
          "Name": "Utilities Lootbag"
        }
      },
      "type": "heracles:item"
    }
  },
  "display": {
    "subtitle": {
      "translate": "Gathered from Wither Skeletons."
    },
    "description": [
      "<h2>Gathered from Wither Skeletons.</h2>",
      "---"
    ],
    "groups": {
      "Utilities": {
        "position": [
          352,
          32
        ]
      }
    },
    "icon": {
      "item": {
        "id": "kibe:cursed_droplets",
        "count": 1
      },
      "type": "heracles:item"
    },
    "icon_background": "heracles:textures/gui/quest_backgrounds/hexagons.png",
    "title": {
      "translate": "Cursed Droplets"
    }
  },
  "settings": {
    "showDependencyArrow": true,
    "repeatable": false,
    "autoClaimRewards": false,
    "individual_progress": false,
    "hidden": "LOCKED",
    "unlockNotification": false
  }
}