{
  "dependencies": [],
  "tasks": {
    "157E7A93B794012C": {
      "type": "heracles:item",
      "item": "kibe:cursed_seeds",
      "amount": 1,
      "collection": "AUTOMATIC"
    }
  },
  "rewards": {
    "717F0EC42A91A457": {
      "item": {
        "id": "lootbags:loot_bag",
        "count": 1,
        "nbt": {
          "Type": "UNCOMMON",
          "Color": 6750133,
          "Loot": "aof:loot_bags/misc/utilities",
          "Name": "Utilities Lootbag"
        }
      },
      "type": "heracles:item"
    }
  },
  "display": {
    "subtitle": {
      "translate": "Using Cursed Seeds on regular grass or dirt block will create Cursed Dirt, and can only spread 16 blocks from the center."
    },
    "description": [
      "<h2>Using Cursed Seeds on regular grass or dirt block will create Cursed Dirt, and can only spread 16 blocks from the center.</h2>",
      "---"
    ],
    "groups": {
      "Utilities": {
        "position": [
          368,
          64
        ]
      }
    },
    "icon": {
      "item": {
        "id": "kibe:cursed_seeds",
        "count": 1
      },
      "type": "heracles:item"
    },
    "icon_background": "heracles:textures/gui/quest_backgrounds/hexagons.png",
    "title": {
      "translate": "Cursed Seeds"
    }
  },
  "settings": {
    "showDependencyArrow": true,
    "repeatable": false,
    "autoClaimRewards": false,
    "individual_progress": false,
    "hidden": "LOCKED",
    "unlockNotification": false
  }
}