{
  "dependencies": [],
  "tasks": {},
  "rewards": {},
  "display": {
    "subtitle": {
      "translate": "Using kibe runes, you can code your linked chests and have as many different ones that your heart desires."
    },
    "description": [
      "<h2>Using kibe runes, you can code your linked chests and have as many different ones that your heart desires.</h2>",
      "---"
    ],
    "groups": {
      "Utilities": {
        "position": [
          -16,
          32
        ]
      }
    },
    "icon": {
      "item": {
        "id": "heracles:quest_book",
        "count": 1
      },
      "type": "heracles:item"
    },
    "icon_background": "heracles:textures/gui/quest_backgrounds/diamonds.png",
    "title": {
      "translate": "Entangle Your Mind."
    }
  },
  "settings": {
    "showDependencyArrow": true,
    "repeatable": false,
    "autoClaimRewards": false,
    "individual_progress": false,
    "hidden": "LOCKED",
    "unlockNotification": false
  }
}