{
  "dependencies": [],
  "tasks": {
    "0ED500FB5F9B7C7F": {
      "type": "heracles:item",
      "item": "kibe:entangled_chest",
      "amount": 1,
      "collection": "AUTOMATIC"
    }
  },
  "rewards": {
    "750BE3B34F5D59C3": {
      "item": {
        "id": "kibe:pink_rune",
        "count": 2
      },
      "type": "heracles:item"
    },
    "0C67585728F46B4B": {
      "item": {
        "id": "kibe:yellow_rune",
        "count": 2
      },
      "type": "heracles:item"
    },
    "79B2959D4520A57F": {
      "item": {
        "id": "kibe:gray_rune",
        "count": 2
      },
      "type": "heracles:item"
    },
    "60175DBDA9280C75": {
      "item": {
        "id": "lootbags:loot_bag",
        "count": 1,
        "nbt": {
          "Type": "UNCOMMON",
          "Color": 6750133,
          "Loot": "aof:loot_bags/misc/utilities",
          "Name": "Utilities Lootbag"
        }
      },
      "type": "heracles:item"
    },
    "1B59311DCCBA2336": {
      "item": {
        "id": "kibe:lime_rune",
        "count": 2
      },
      "type": "heracles:item"
    }
  },
  "display": {
    "subtitle": {
      "translate": "Universally linked chests that work across dimensions and stores the same items as long as they are color-coded the same."
    },
    "description": [
      "<h2>Universally linked chests that work across dimensions and stores the same items as long as they are color-coded the same.</h2>",
      "---"
    ],
    "groups": {
      "Utilities": {
        "position": [
          -16,
          80
        ]
      }
    },
    "icon": {
      "item": {
        "id": "kibe:entangled_chest",
        "count": 1
      },
      "type": "heracles:item"
    },
    "icon_background": "heracles:textures/gui/quest_backgrounds/hexagons.png",
    "title": {
      "translate": "Entangled Chest"
    }
  },
  "settings": {
    "showDependencyArrow": true,
    "repeatable": false,
    "autoClaimRewards": false,
    "individual_progress": false,
    "hidden": "LOCKED",
    "unlockNotification": false
  }
}