{
  "dependencies": [],
  "tasks": {
    "41C4364D32E8FB5E": {
      "type": "heracles:item",
      "item": "kibe:golden_lasso",
      "amount": 1,
      "collection": "AUTOMATIC"
    }
  },
  "rewards": {
    "57529E45F43B459A": {
      "item": {
        "id": "lootbags:loot_bag",
        "count": 1,
        "nbt": {
          "Type": "UNCOMMON",
          "Color": 6750133,
          "Loot": "aof:loot_bags/misc/utilities",
          "Name": "Utilities Lootbag"
        }
      },
      "type": "heracles:item"
    }
  },
  "display": {
    "subtitle": {
      "translate": "Can only hold passive animals."
    },
    "description": [
      "<h2>Can only hold passive animals.</h2>",
      "---"
    ],
    "groups": {
      "Utilities": {
        "position": [
          416,
          112
        ]
      }
    },
    "icon": {
      "item": {
        "id": "kibe:golden_lasso",
        "count": 1
      },
      "type": "heracles:item"
    },
    "icon_background": "heracles:textures/gui/quest_backgrounds/hexagons.png",
    "title": {
      "translate": "Golden Lasso"
    }
  },
  "settings": {
    "showDependencyArrow": true,
    "repeatable": false,
    "autoClaimRewards": false,
    "individual_progress": false,
    "hidden": "LOCKED",
    "unlockNotification": false
  }
}