{
  "dependencies": [],
  "tasks": {
    "255905463378A934": {
      "type": "heracles:item",
      "item": "kibe:dehumidifier",
      "amount": 1,
      "collection": "AUTOMATIC"
    }
  },
  "rewards": {
    "20904478F7CE8181": {
      "item": {
        "id": "lootbags:loot_bag",
        "count": 1,
        "nbt": {
          "Type": "UNCOMMON",
          "Color": 6750133,
          "Loot": "aof:loot_bags/misc/utilities",
          "Name": "Utilities Lootbag"
        }
      },
      "type": "heracles:item"
    }
  },
  "display": {
    "subtitle": {
      "text": ""
    },
    "description": [
      "---"
    ],
    "groups": {
      "Utilities": {
        "position": [
          -80,
          -160
        ]
      }
    },
    "icon": {
      "item": {
        "id": "kibe:dehumidifier",
        "count": 1
      },
      "type": "heracles:item"
    },
    "icon_background": "heracles:textures/gui/quest_backgrounds/hexagons.png",
    "title": {
      "translate": "Dehumidifier"
    }
  },
  "settings": {
    "showDependencyArrow": true,
    "repeatable": false,
    "autoClaimRewards": false,
    "individual_progress": false,
    "hidden": "LOCKED",
    "unlockNotification": false
  }
}