{
  "dependencies": [],
  "tasks": {
    "kibe_rings_check": {
      "type": "heracles:check"
    }
  },
  "rewards": {
    "5FEA7261502B2EA7": {
      "xptype": "POINTS",
      "amount": 100,
      "type": "heracles:xp"
    }
  },
  "display": {
    "subtitle": {
      "text": ""
    },
    "description": [
      "---"
    ],
    "groups": {
      "Utilities": {
        "position": [
          208,
          32
        ]
      }
    },
    "icon": {
      "item": {
        "id": "heracles:quest_book",
        "count": 1
      },
      "type": "heracles:item"
    },
    "icon_background": "heracles:textures/gui/quest_backgrounds/diamonds.png",
    "title": {
      "translate": "Kibe and Rings"
    }
  },
  "settings": {
    "showDependencyArrow": true,
    "repeatable": false,
    "autoClaimRewards": false,
    "individual_progress": false,
    "hidden": "LOCKED",
    "unlockNotification": false
  }
}