{
  "dependencies": [],
  "tasks": {
    "75C42B370A6BECF0": {
      "type": "heracles:item",
      "item": "kibe:escape_rope",
      "amount": 1,
      "collection": "AUTOMATIC"
    }
  },
  "rewards": {
    "6B97B8FC0E9B6506": {
      "item": {
        "id": "lootbags:loot_bag",
        "count": 1,
        "nbt": {
          "Type": "UNCOMMON",
          "Color": 6750133,
          "Loot": "aof:loot_bags/misc/utilities",
          "Name": "Utilities Lootbag"
        }
      },
      "type": "heracles:item"
    }
  },
  "display": {
    "subtitle": {
      "text": ""
    },
    "description": [
      "---"
    ],
    "groups": {
      "Utilities": {
        "position": [
          176,
          -112
        ]
      }
    },
    "icon": {
      "item": {
        "id": "kibe:escape_rope",
        "count": 1,
        "nbt": {
          "Damage": 0
        }
      },
      "type": "heracles:item"
    },
    "icon_background": "heracles:textures/gui/quest_backgrounds/hexagons.png",
    "title": {
      "translate": "Escape Rope"
    }
  },
  "settings": {
    "showDependencyArrow": true,
    "repeatable": false,
    "autoClaimRewards": false,
    "individual_progress": false,
    "hidden": "LOCKED",
    "unlockNotification": false
  }
}