{
  "dependencies": [],
  "tasks": {
    "679DE0A266DE5437": {
      "type": "heracles:item",
      "item": "kibe:big_torch",
      "amount": 1,
      "collection": "AUTOMATIC"
    }
  },
  "rewards": {
    "07B4594626EC18D8": {
      "item": {
        "id": "lootbags:loot_bag",
        "count": 1,
        "nbt": {
          "Type": "UNCOMMON",
          "Color": 6750133,
          "Loot": "aof:loot_bags/misc/utilities",
          "Name": "Utilities Lootbag"
        }
      },
      "type": "heracles:item"
    }
  },
  "display": {
    "subtitle": {
      "translate": "Cancels any mob spawning that requires no light in a configurable area. Useful to protect your base and to clean caves and dungeons."
    },
    "description": [
      "<h2>Cancels any mob spawning that requires no light in a configurable area. Useful to protect your base and to clean caves and dungeons.</h2>",
      "---"
    ],
    "groups": {
      "Utilities": {
        "position": [
          272,
          -208
        ]
      }
    },
    "icon": {
      "item": {
        "id": "kibe:big_torch",
        "count": 1
      },
      "type": "heracles:item"
    },
    "icon_background": "heracles:textures/gui/quest_backgrounds/hexagons.png",
    "title": {
      "translate": "Big Torch"
    }
  },
  "settings": {
    "showDependencyArrow": true,
    "repeatable": false,
    "autoClaimRewards": false,
    "individual_progress": false,
    "hidden": "LOCKED",
    "unlockNotification": false
  }
}