{
  "dependencies": [],
  "tasks": {
    "02D63A4D997340CA": {
      "type": "heracles:item",
      "item": "kibe:redstone_timer",
      "amount": 1,
      "collection": "AUTOMATIC"
    }
  },
  "rewards": {
    "677E1FCAF32A9F80": {
      "item": {
        "id": "lootbags:loot_bag",
        "count": 1,
        "nbt": {
          "Type": "UNCOMMON",
          "Color": 6750133,
          "Loot": "aof:loot_bags/misc/utilities",
          "Name": "Utilities Lootbag"
        }
      },
      "type": "heracles:item"
    }
  },
  "display": {
    "subtitle": {
      "text": ""
    },
    "description": [
      "---"
    ],
    "groups": {
      "Utilities": {
        "position": [
          32,
          -208
        ]
      }
    },
    "icon": {
      "item": {
        "id": "kibe:redstone_timer",
        "count": 1
      },
      "type": "heracles:item"
    },
    "icon_background": "heracles:textures/gui/quest_backgrounds/hexagons.png",
    "title": {
      "translate": "Redstone Timer"
    }
  },
  "settings": {
    "showDependencyArrow": true,
    "repeatable": false,
    "autoClaimRewards": false,
    "individual_progress": false,
    "hidden": "LOCKED",
    "unlockNotification": false
  }
}