{
  "dependencies": [],
  "tasks": {
    "slime_boots": {
      "type": "heracles:item",
      "item": "kibe:slime_boots",
      "nbt": {
        "Damage": 0
      },
      "amount": 1,
      "collection": "AUTOMATIC"
    }
  },
  "rewards": {
    "5B5F050D1B08194B": {
      "item": {
        "id": "lootbags:loot_bag",
        "count": 1,
        "nbt": {
          "Type": "UNCOMMON",
          "Color": 6750133,
          "Loot": "aof:loot_bags/misc/utilities",
          "Name": "Utilities Lootbag"
        }
      },
      "type": "heracles:item"
    }
  },
  "display": {
    "subtitle": {
      "translate": "Wearable item that negates fall damage and makes the player bounce when hitting the floor with considerable speed."
    },
    "description": [
      "<h2>Wearable item that negates fall damage and makes the player bounce when hitting the floor with considerable speed.</h2>",
      "---"
    ],
    "groups": {
      "Utilities": {
        "position": [
          144,
          -160
        ]
      }
    },
    "icon": {
      "item": {
        "id": "kibe:slime_boots",
        "count": 1,
        "nbt": {
          "Damage": 0
        }
      },
      "type": "heracles:item"
    },
    "icon_background": "heracles:textures/gui/quest_backgrounds/hexagons.png",
    "title": {
      "translate": "Slime Boots"
    }
  },
  "settings": {
    "showDependencyArrow": true,
    "repeatable": false,
    "autoClaimRewards": false,
    "individual_progress": false,
    "hidden": "LOCKED",
    "unlockNotification": false
  }
}