{
  "dependencies": [],
  "tasks": {
    "5850558B76ECFFE0": {
      "type": "heracles:item",
      "item": "kibe:tank",
      "amount": 1,
      "collection": "AUTOMATIC"
    }
  },
  "rewards": {
    "678378DBB8948868": {
      "item": {
        "id": "lootbags:loot_bag",
        "count": 1,
        "nbt": {
          "Type": "UNCOMMON",
          "Color": 6750133,
          "Loot": "aof:loot_bags/misc/utilities",
          "Name": "Utilities Lootbag"
        }
      },
      "type": "heracles:item"
    }
  },
  "display": {
    "subtitle": {
      "translate": "Can store fluids, each tank can store up to 16 buckets, and when placed side by side they will connect and fluids will flow through them."
    },
    "description": [
      "<h2>Can store fluids, each tank can store up to 16 buckets, and when placed side by side they will connect and fluids will flow through them.</h2>",
      "---"
    ],
    "groups": {
      "Utilities": {
        "position": [
          496,
          64
        ]
      }
    },
    "icon": {
      "item": {
        "id": "kibe:tank",
        "count": 1
      },
      "type": "heracles:item"
    },
    "icon_background": "heracles:textures/gui/quest_backgrounds/hexagons.png",
    "title": {
      "translate": "Tank"
    }
  },
  "settings": {
    "showDependencyArrow": true,
    "repeatable": false,
    "autoClaimRewards": false,
    "individual_progress": false,
    "hidden": "LOCKED",
    "unlockNotification": false
  }
}