{
  "dependencies": [],
  "tasks": {
    "61A61B471BE66608": {
      "type": "heracles:item",
      "item": "kibe:torch_sling",
      "amount": 1,
      "collection": "AUTOMATIC"
    }
  },
  "rewards": {
    "69370DD46E32A0D6": {
      "item": {
        "id": "lootbags:loot_bag",
        "count": 1,
        "nbt": {
          "Type": "UNCOMMON",
          "Color": 6750133,
          "Loot": "aof:loot_bags/misc/utilities",
          "Name": "Utilities Lootbag"
        }
      },
      "type": "heracles:item"
    }
  },
  "display": {
    "subtitle": {
      "translate": "It slings torches, pretty obvious."
    },
    "description": [
      "<h2>It slings torches, pretty obvious.</h2>",
      "---"
    ],
    "groups": {
      "Utilities": {
        "position": [
          176,
          -240
        ]
      }
    },
    "icon": {
      "item": {
        "id": "kibe:torch_sling",
        "count": 1
      },
      "type": "heracles:item"
    },
    "icon_background": "heracles:textures/gui/quest_backgrounds/hexagons.png",
    "title": {
      "translate": "Torch Sling"
    }
  },
  "settings": {
    "showDependencyArrow": true,
    "repeatable": false,
    "autoClaimRewards": false,
    "individual_progress": false,
    "hidden": "LOCKED",
    "unlockNotification": false
  }
}