{
  "dependencies": [],
  "tasks": {
    "5C49C0A15140D59C": {
      "type": "heracles:item",
      "item": "kibe:vacuum_hopper",
      "amount": 1,
      "collection": "AUTOMATIC"
    }
  },
  "rewards": {
    "7810566C93E6D4FF": {
      "item": {
        "id": "lootbags:loot_bag",
        "count": 1,
        "nbt": {
          "Type": "UNCOMMON",
          "Color": 6750133,
          "Loot": "aof:loot_bags/misc/utilities",
          "Name": "Utilities Lootbag"
        }
      },
      "type": "heracles:item"
    }
  },
  "display": {
    "subtitle": {
      "translate": "Pulls nearby dropped items and experience orbs to their own inventory."
    },
    "description": [
      "<h2>Pulls nearby dropped items and experience orbs to their own inventory.</h2>",
      "---",
      "Stored items can be accessed by opening the block's GUI or by using regular Hoppers.",
      "",
      "Stored XP can be used to craft Bottle o' Enchanting or Liquid XP buckets.",
      "---"
    ],
    "groups": {
      "Utilities": {
        "position": [
          480,
          96
        ]
      }
    },
    "icon": {
      "item": {
        "id": "kibe:vacuum_hopper",
        "count": 1
      },
      "type": "heracles:item"
    },
    "icon_background": "heracles:textures/gui/quest_backgrounds/hexagons.png",
    "title": {
      "translate": "Vacuum Hopper"
    }
  },
  "settings": {
    "showDependencyArrow": true,
    "repeatable": false,
    "autoClaimRewards": false,
    "individual_progress": false,
    "hidden": "LOCKED",
    "unlockNotification": false
  }
}