{
  "dependencies": [],
  "tasks": {
    "0DBD9671347434C7": {
      "type": "heracles:item",
      "item": "indrev:wither_proof_obsidian",
      "amount": 6,
      "collection": "AUTOMATIC"
    }
  },
  "rewards": {
    "51CECB1E21D8B3CE": {
      "item": {
        "id": "lootbags:loot_bag",
        "count": 1,
        "nbt": {
          "Type": "UNCOMMON",
          "Color": 6750133,
          "Loot": "aof:loot_bags/misc/utilities",
          "Name": "Utilities Lootbag"
        }
      },
      "type": "heracles:item"
    }
  },
  "display": {
    "subtitle": {
      "translate": "Cannot be destroyed by the wither boss."
    },
    "description": [
      "<h2>Cannot be destroyed by the wither boss.</h2>",
      "---"
    ],
    "groups": {
      "Utilities": {
        "position": [
          432,
          -210
        ]
      }
    },
    "icon": {
      "item": {
        "id": "indrev:wither_proof_obsidian",
        "count": 1
      },
      "type": "heracles:item"
    },
    "icon_background": "heracles:textures/gui/quest_backgrounds/hexagons.png",
    "title": {
      "translate": "Wither-proof Obsidian"
    }
  },
  "settings": {
    "showDependencyArrow": true,
    "repeatable": false,
    "autoClaimRewards": false,
    "individual_progress": false,
    "hidden": "LOCKED",
    "unlockNotification": false
  }
}