{
  "type": "lootbags:loot",
  "name": "Powah! Rare Lootbag",
  "color": "#e0ca87",
  "rarity": "RARE",
  "output": {
    "entries": [
      {
        "weight": 1,
        "stack": {
          "id": "powah:energy_cable_hardened",
          "count": 16
        }
      },
      {
        "weight": 1,
        "stack": "powah:energy_cell_hardened"
      },
      {
        "weight": 3,
        "stack": {
          "id": "powah:dielectric_paste",
          "count": 24
        }
      },
      {
        "weight": 3,
        "stack": {
          "id": "powah:thermoelectric_plate",
          "count": 8
        }
      },
      {
        "weight": 3,
        "stack": {
          "id": "powah:dielectric_rod",
          "count": 24
        }
      },
      {
        "weight": 3,
        "stack": {
          "id": "powah:dielectric_casing",
          "count": 4
        }
      },
      {
        "weight": 3,
        "stack": {
          "id": "powah:photoelectric_pane",
          "count": 8
        }
      },
      {
        "weight": 2,
        "stack": "powah:wrench"
      },
      {
        "weight": 3,
        "stack": {
          "id": "powah:dry_ice",
          "count": 48
        }
      },
      {
        "weight": 3,
        "stack": {
          "id": "powah:capacitor_basic",
          "count": 16
        }
      },
      {
        "weight": 1,
        "stack": {
          "id": "powah:crystal_niotic",
          "count": 4
        }
      },
      {
        "weight": 1,
        "stack": {
          "id": "powah:crystal_blazing",
          "count": 4
        }
      },
      {
        "weight": 2,
        "stack": {
          "id": "powah:uraninite",
          "count": 12
        }
      }
    ]
  }
}