{
  "name": "Blue & Orange",
  "author": "ASolvie",
  "workspaceBackground": [
    255,
    204,
    94
  ],
  "windowBorderActive": [
    0,
    128,
    225
  ],
  "windowBorderInactive": [
    0,
    150,
    225
  ],
  "windowBackground": [
    255,
    136,
    34
  ],
  "elementButtonBackgroundInactive": [
    255,
    100,
    60
  ],
  "elementButtonBackgroundActive": [
    255,
    100,
    60
  ],
  "elementButtonBackgroundHover": [
    0,
    128,
    225
  ],
  "elementButtonBorder": [
    0,
    150,
    225
  ],
  "elementButtonClick": [
    255,
    100,
    0
  ],
  "elementButtonToggle": [
    255,
    144,
    30
  ],
  "elementButtonToggleHover": [
    255,
    200,
    82
  ],
  "elementInputBackgroundInactive": [
    255,
    100,
    60
  ],
  "elementInputBackgroundHover": [
    255,
    174,
    70
  ],
  "elementInputBorder": [
    0,
    128,
    225
  ],
  "elementInputUpDownHover": [
    68,
    156,
    223
  ],
  "elementInputUpDownClick": [
    0,
    0,
    225
  ],
  "elementListBorder": [
    0,
    128,
    225
  ],
  "elementListItemBorder": [
    0,
    128,
    225
  ],
  "elementListItemBackground": [
    255,
    100,
    60
  ],
  "elementListItemBackgroundSelect": [
    255,
    162,
    98
  ],
  "elementListItemBackgroundHover": [
    255,
    120,
    120
  ],
  "elementTabHover": [
    0,
    128,
    225
  ],
  "elementTabBackgroundActive": [
    255,
    100,
    60
  ],
  "elementTabBorderActive": [
    0,
    128,
    225
  ],
  "elementTabBackgroundInactive": [
    255,
    136,
    34
  ],
  "elementTabBorderInactive": [
    0,
    150,
    225
  ],
  "elementScrollBar": [
    255,
    136,
    34
  ],
  "elementScrollBarBorder": [
    0,
    128,
    225
  ],
  "elementScrollBarBackground": [
    0,
    128,
    225
  ],
  "font": [
    255,
    255,
    255
  ],
  "fontLight": [
    255,
    190,
    120
  ],
  "fontMid": [
    255,
    200,
    82
  ],
  "fontDim": [
    255,
    224,
    0
  ],
  "workspaceBlock": "minecraft:light_blue_wool"
}