{
  "name": "GrassGreen",
  "author": "SizzlinBacen",
  "workspaceBackground": [
    183,
    255,
    183
  ],
  "windowBorderActive": [
    6,
    179,
    0
  ],
  "windowBorderInactive": [
    6,
    179,
    0
  ],
  "windowBackground": [
    74,
    230,
    74
  ],
  "elementButtonBackgroundInactive": [
    74,
    230,
    74
  ],
  "elementButtonBackgroundActive": [
    74,
    230,
    74
  ],
  "elementButtonBackgroundHover": [
    6,
    179,
    0
  ],
  "elementButtonBorder": [
    6,
    179,
    0
  ],
  "elementButtonClick": [
    60,
    152,
    60
  ],
  "elementButtonToggle": [
    48,
    111,
    48
  ],
  "elementButtonToggleHover": [
    170,
    170,
    170
  ],
  "elementInputBackgroundInactive": [
    45,
    209,
    45
  ],
  "elementInputBackgroundHover": [
    110,
    225,
    110
  ],
  "elementInputBorder": [
    6,
    179,
    0
  ],
  "elementInputUpDownHover": [
    7,
    223,
    0
  ],
  "elementInputUpDownClick": [
    46,
    188,
    46
  ],
  "elementListBorder": [
    6,
    179,
    0
  ],
  "elementListItemBorder": [
    6,
    179,
    0
  ],
  "elementListItemBackground": [
    74,
    230,
    74
  ],
  "elementListItemBackgroundSelect": [
    60,
    152,
    60
  ],
  "elementListItemBackgroundHover": [
    46,
    188,
    46
  ],
  "elementTabHover": [
    6,
    179,
    0
  ],
  "elementTabBackgroundActive": [
    74,
    230,
    74
  ],
  "elementTabBorderActive": [
    255,
    255,
    255
  ],
  "elementTabBackgroundInactive": [
    74,
    230,
    74
  ],
  "elementTabBorderInactive": [
    46,
    188,
    46
  ],
  "elementScrollBar": [
    74,
    230,
    74
  ],
  "elementScrollBarBorder": [
    6,
    179,
    0
  ],
  "elementScrollBarBackground": [
    6,
    179,
    0
  ],
  "font": [
    255,
    255,
    255
  ],
  "fontLight": [
    0,
    100,
    0
  ],
  "fontMid": [
    170,
    170,
    170
  ],
  "fontDim": [
    225,
    225,
    225
  ],
  "workspaceBlock": "minecraft:grass_block"
}