{
  "name": "Night Black",
  "author": "pfgichun",
  "workspaceBackground": [
    0,
    0,
    0
  ],
  "windowBorderActive": [
    0,
    0,
    0
  ],
  "windowBorderInactive": [
    50,
    50,
    50
  ],
  "windowBackground": [
    0,
    0,
    0
  ],
  "elementButtonBackgroundInactive": [
    50,
    50,
    50
  ],
  "elementButtonBackgroundActive": [
    50,
    50,
    50
  ],
  "elementButtonBackgroundHover": [
    50,
    50,
    50
  ],
  "elementButtonBorder": [
    50,
    50,
    50
  ],
  "elementButtonClick": [
    30,
    30,
    30
  ],
  "elementButtonToggle": [
    50,
    50,
    50
  ],
  "elementButtonToggleHover": [
    40,
    40,
    40
  ],
  "elementInputBackgroundInactive": [
    0,
    0,
    0
  ],
  "elementInputBackgroundHover": [
    10,
    10,
    10
  ],
  "elementInputBorder": [
    50,
    50,
    50
  ],
  "elementInputUpDownHover": [
    40,
    40,
    40
  ],
  "elementInputUpDownClick": [
    30,
    30,
    30
  ],
  "elementListBorder": [
    50,
    50,
    50
  ],
  "elementListItemBorder": [
    50,
    50,
    50
  ],
  "elementListItemBackground": [
    50,
    50,
    50
  ],
  "elementListItemBackgroundSelect": [
    30,
    30,
    30
  ],
  "elementListItemBackgroundHover": [
    40,
    40,
    40
  ],
  "elementTabHover": [
    50,
    50,
    50
  ],
  "elementTabBackgroundActive": [
    50,
    50,
    50
  ],
  "elementTabBorderActive": [
    255,
    255,
    255
  ],
  "elementTabBackgroundInactive": [
    50,
    50,
    50
  ],
  "elementTabBorderInactive": [
    40,
    40,
    40
  ],
  "elementScrollBar": [
    50,
    50,
    50
  ],
  "elementScrollBarBorder": [
    50,
    50,
    50
  ],
  "elementScrollBarBackground": [
    50,
    50,
    50
  ],
  "font": [
    255,
    255,
    255
  ],
  "fontLight": [
    255,
    255,
    255
  ],
  "fontMid": [
    40,
    40,
    40
  ],
  "fontDim": [
    150,
    150,
    150
  ],
  "workspaceBlock": "minecraft:black_wool"
}