{
  "name": "SkyBlue",
  "author": "SizzlinBacen",
  "workspaceBackground": [
    138,
    205,
    255
  ],
  "windowBorderActive": [
    36,
    131,
    255
  ],
  "windowBorderInactive": [
    0,
    128,
    225
  ],
  "windowBackground": [
    88,
    155,
    243
  ],
  "elementButtonBackgroundInactive": [
    166,
    217,
    255
  ],
  "elementButtonBackgroundActive": [
    166,
    217,
    255
  ],
  "elementButtonBackgroundHover": [
    36,
    131,
    255
  ],
  "elementButtonBorder": [
    0,
    128,
    225
  ],
  "elementButtonClick": [
    20,
    148,
    225
  ],
  "elementButtonToggle": [
    166,
    217,
    255
  ],
  "elementButtonToggleHover": [
    0,
    128,
    255
  ],
  "elementInputBackgroundInactive": [
    166,
    217,
    255
  ],
  "elementInputBackgroundHover": [
    201,
    232,
    255
  ],
  "elementInputBorder": [
    0,
    128,
    255
  ],
  "elementInputUpDownHover": [
    20,
    148,
    225
  ],
  "elementInputUpDownClick": [
    50,
    178,
    225
  ],
  "elementListBorder": [
    36,
    131,
    255
  ],
  "elementListItemBorder": [
    36,
    131,
    255
  ],
  "elementListItemBackground": [
    166,
    217,
    255
  ],
  "elementListItemBackgroundSelect": [
    146,
    187,
    255
  ],
  "elementListItemBackgroundHover": [
    201,
    232,
    255
  ],
  "elementTabHover": [
    36,
    131,
    255
  ],
  "elementTabBackgroundActive": [
    92,
    185,
    255
  ],
  "elementTabBorderActive": [
    255,
    255,
    255
  ],
  "elementTabBackgroundInactive": [
    166,
    217,
    255
  ],
  "elementTabBorderInactive": [
    62,
    165,
    235
  ],
  "elementScrollBar": [
    166,
    217,
    255
  ],
  "elementScrollBarBorder": [
    36,
    131,
    255
  ],
  "elementScrollBarBackground": [
    36,
    131,
    255
  ],
  "font": [
    255,
    255,
    255
  ],
  "fontLight": [
    51,
    51,
    225
  ],
  "fontMid": [
    0,
    128,
    255
  ],
  "fontDim": [
    255,
    255,
    255
  ],
  "workspaceBlock": "minecraft:ice"
}