{
  "name": "White Light",
  "author": "pfgichun",
  "workspaceBackground": [
    255,
    255,
    255
  ],
  "windowBorderActive": [
    255,
    255,
    255
  ],
  "windowBorderInactive": [
    205,
    205,
    205
  ],
  "windowBackground": [
    255,
    255,
    255
  ],
  "elementButtonBackgroundInactive": [
    205,
    205,
    205
  ],
  "elementButtonBackgroundActive": [
    205,
    205,
    205
  ],
  "elementButtonBackgroundHover": [
    205,
    205,
    205
  ],
  "elementButtonBorder": [
    205,
    205,
    205
  ],
  "elementButtonClick": [
    225,
    225,
    225
  ],
  "elementButtonToggle": [
    205,
    205,
    205
  ],
  "elementButtonToggleHover": [
    215,
    215,
    215
  ],
  "elementInputBackgroundInactive": [
    255,
    255,
    255
  ],
  "elementInputBackgroundHover": [
    245,
    245,
    245
  ],
  "elementInputBorder": [
    205,
    205,
    205
  ],
  "elementInputUpDownHover": [
    215,
    215,
    215
  ],
  "elementInputUpDownClick": [
    225,
    225,
    225
  ],
  "elementListBorder": [
    205,
    205,
    205
  ],
  "elementListItemBorder": [
    205,
    205,
    205
  ],
  "elementListItemBackground": [
    205,
    205,
    205
  ],
  "elementListItemBackgroundSelect": [
    225,
    225,
    225
  ],
  "elementListItemBackgroundHover": [
    215,
    215,
    215
  ],
  "elementTabHover": [
    205,
    205,
    205
  ],
  "elementTabBackgroundActive": [
    205,
    205,
    205
  ],
  "elementTabBorderActive": [
    255,
    255,
    255
  ],
  "elementTabBackgroundInactive": [
    205,
    205,
    205
  ],
  "elementTabBorderInactive": [
    215,
    215,
    215
  ],
  "elementScrollBar": [
    205,
    205,
    205
  ],
  "elementScrollBarBorder": [
    205,
    205,
    205
  ],
  "elementScrollBarBackground": [
    205,
    205,
    205
  ],
  "font": [
    0,
    0,
    0
  ],
  "fontLight": [
    0,
    0,
    0
  ],
  "fontMid": [
    215,
    215,
    215
  ],
  "fontDim": [
    105,
    105,
    105
  ],
  "workspaceBlock": "minecraft:white_wool"
}