{
  "configVersion": 4,
  "inventory": {
    "enabled": true,
    "itemCount": true,
    "nbt": false,
    "maxWidth": 9,
    "maxHeight": 2,
    "blacklist": []
  },
  "entityInventory": {
    "enabled": false,
    "itemCount": true,
    "nbt": false,
    "maxWidth": 9,
    "maxHeight": 3,
    "blacklist": []
  },
  "energy": {
    "enabled": true,
    "expandWhenSneak": false,
    "colors": {
      "megane": 7408640,
      "indrev": 3885790,
      "modern_industrialization": 11993088,
      "techreborn": 8390656
    },
    "units": {
      "megane": "E",
      "indrev": "LF",
      "modern_industrialization": "EU",
      "techreborn": "E"
    },
    "blacklist": [
      "appliedenergistics2:energy_acceptor"
    ]
  },
  "fluid": {
    "enabled": true,
    "expandWhenSneak": false,
    "blacklist": []
  },
  "progress": {
    "enabled": true,
    "showWhenZero": false,
    "blacklist": []
  },
  "effect": {
    "enabled": true,
    "level": true,
    "roman": false,
    "hidden": false,
    "blacklist": []
  },
  "catchServerErrors": true,
  "spawnEgg": false,
  "playerHead": true
}