{
  "dependencies": [
    "Ender Core"
  ],
  "tasks": {
    "powah_ender_cell_task": {
      "amount": 1,
      "tasks": {
        "task_ender_cell_starter": {
          "type": "heracles:item",
          "item": "powah:ender_cell_starter",
          "amount": 1,
          "collection": "AUTOMATIC",
          "title": "",
          "icon": {
            "item": {
              "id": "minecraft:air",
              "count": 0
            },
            "type": "heracles:item"
          }
        },
        "task_ender_cell_basic": {
          "type": "heracles:item",
          "item": "powah:ender_cell_basic",
          "amount": 1,
          "collection": "AUTOMATIC",
          "title": "",
          "icon": {
            "item": {
              "id": "minecraft:air",
              "count": 0
            },
            "type": "heracles:item"
          }
        },
        "task_ender_cell_hardened": {
          "type": "heracles:item",
          "item": "powah:ender_cell_hardened",
          "amount": 1,
          "collection": "AUTOMATIC",
          "title": "",
          "icon": {
            "item": {
              "id": "minecraft:air",
              "count": 0
            },
            "type": "heracles:item"
          }
        },
        "task_ender_cell_blazing": {
          "type": "heracles:item",
          "item": "powah:ender_cell_blazing",
          "amount": 1,
          "collection": "AUTOMATIC",
          "title": "",
          "icon": {
            "item": {
              "id": "minecraft:air",
              "count": 0
            },
            "type": "heracles:item"
          }
        },
        "task_ender_cell_niotic": {
          "type": "heracles:item",
          "item": "powah:ender_cell_niotic",
          "amount": 1,
          "collection": "AUTOMATIC",
          "title": "",
          "icon": {
            "item": {
              "id": "minecraft:air",
              "count": 0
            },
            "type": "heracles:item"
          }
        },
        "task_ender_cell_spirited": {
          "type": "heracles:item",
          "item": "powah:ender_cell_spirited",
          "amount": 1,
          "collection": "AUTOMATIC",
          "title": "",
          "icon": {
            "item": {
              "id": "minecraft:air",
              "count": 0
            },
            "type": "heracles:item"
          }
        },
        "task_ender_cell_nitro": {
          "type": "heracles:item",
          "item": "powah:ender_cell_nitro",
          "amount": 1,
          "collection": "AUTOMATIC",
          "title": "",
          "icon": {
            "item": {
              "id": "minecraft:air",
              "count": 0
            },
            "type": "heracles:item"
          }
        }
      },
      "type": "heracles:composite"
    }
  },
  "rewards": {
    "Powah Ender Cell Reward": {
      "title": "Powah! Common Lootbag",
      "icon": {
        "item": {
          "id": "minecraft:air",
          "count": 0
        },
        "type": "heracles:item"
      },
      "item": {
        "id": "lootbags:loot_bag",
        "count": 1,
        "nbt": {
          "Type": "COMMON",
          "Color": 14731911,
          "Loot": "aof:loot_bags/powah/common",
          "Name": "Powah! Common Lootbag"
        }
      },
      "type": "heracles:item"
    }
  },
  "display": {
    "subtitle": {
      "text": ""
    },
    "description": [
      "---",
      "",
      "## Call your Carrier",
      "",
      "  Ender Cells are part of an wireless network of energy. You can add ender cells to expand the capacity of your network.",
      "",
      "---"
    ],
    "groups": {
      "Powah": {
        "position": [
          74,
          110
        ]
      }
    },
    "icon": {
      "item": {
        "id": "powah:ender_cell_basic",
        "count": 1
      },
      "type": "heracles:item"
    },
    "icon_background": "heracles:textures/gui/quest_backgrounds/hexagons.png",
    "title": {
      "translate": "Ender Cells"
    }
  },
  "settings": {
    "unlockNotification": false,
    "showDependencyArrow": true,
    "repeatable": false,
    "individual_progress": false,
    "hidden": "LOCKED"
  }
}