{
  "dependencies": [],
  "tasks": {
    "powah_energy_cell_task": {
      "amount": 1,
      "tasks": {
        "task_energy_cell_starter": {
          "type": "heracles:item",
          "item": "powah:energy_cell_starter",
          "amount": 1,
          "collection": "AUTOMATIC"
        },
        "task_energy_cell_basic": {
          "type": "heracles:item",
          "item": "powah:energy_cell_basic",
          "amount": 1,
          "collection": "AUTOMATIC"
        },
        "task_energy_cell_hardened": {
          "type": "heracles:item",
          "item": "powah:energy_cell_hardened",
          "amount": 1,
          "collection": "AUTOMATIC"
        },
        "task_energy_cell_blazing": {
          "type": "heracles:item",
          "item": "powah:energy_cell_blazing",
          "amount": 1,
          "collection": "AUTOMATIC"
        },
        "task_energy_cell_niotic": {
          "type": "heracles:item",
          "item": "powah:energy_cell_niotic",
          "amount": 1,
          "collection": "AUTOMATIC"
        },
        "task_energy_cell_spirited": {
          "type": "heracles:item",
          "item": "powah:energy_cell_spirited",
          "amount": 1,
          "collection": "AUTOMATIC"
        },
        "task_energy_cell_nitro": {
          "type": "heracles:item",
          "item": "powah:energy_cell_nitro",
          "amount": 1,
          "collection": "AUTOMATIC"
        }
      },
      "type": "heracles:composite"
    }
  },
  "rewards": {
    "Powah Energy Cell Reward": {
      "title": "Powah! Rare Lootbag",
      "item": {
        "id": "lootbags:loot_bag",
        "count": 1,
        "nbt": {
          "Type": "RARE",
          "Color": 14731911,
          "Loot": "aof:loot_bags/powah/rare",
          "Name": "Powah! Rare Lootbag"
        }
      },
      "type": "heracles:item"
    }
  },
  "display": {
    "subtitle": {
      "text": ""
    },
    "description": [
      "---",
      "",
      "## Big Box Storin'",
      "",
      "  Energy cells are a great way to store energy and redistribute it later when your machines need it most.",
      "",
      "---"
    ],
    "groups": {
      "Powah": {
        "position": [
          61,
          67
        ]
      }
    },
    "icon": {
      "item": {
        "id": "powah:energy_cell_basic",
        "count": 1
      },
      "type": "heracles:item"
    },
    "icon_background": "heracles:textures/gui/quest_backgrounds/hexagons.png",
    "title": {
      "translate": "Energy Cells"
    }
  },
  "settings": {
    "showDependencyArrow": true,
    "repeatable": false,
    "autoClaimRewards": false,
    "individual_progress": false,
    "hidden": "LOCKED",
    "unlockNotification": false
  }
}