{
  "dependencies": [],
  "tasks": {
    "powah_player_transmitter_task": {
      "amount": 1,
      "tasks": {
        "task_player_transmitter_starter": {
          "type": "heracles:item",
          "item": "powah:player_transmitter_starter",
          "amount": 1,
          "collection": "AUTOMATIC"
        },
        "task_player_transmitter_basic": {
          "type": "heracles:item",
          "item": "powah:player_transmitter_basic",
          "amount": 1,
          "collection": "AUTOMATIC"
        },
        "task_player_transmitter_hardened": {
          "type": "heracles:item",
          "item": "powah:player_transmitter_hardened",
          "amount": 1,
          "collection": "AUTOMATIC"
        },
        "task_player_transmitter_blazing": {
          "type": "heracles:item",
          "item": "powah:player_transmitter_blazing",
          "amount": 1,
          "collection": "AUTOMATIC"
        },
        "task_player_transmitter_niotic": {
          "type": "heracles:item",
          "item": "powah:player_transmitter_niotic",
          "amount": 1,
          "collection": "AUTOMATIC"
        },
        "task_player_transmitter_spirited": {
          "type": "heracles:item",
          "item": "powah:player_transmitter_spirited",
          "amount": 1,
          "collection": "AUTOMATIC"
        },
        "task_player_transmitter_nitro": {
          "type": "heracles:item",
          "item": "powah:player_transmitter_nitro",
          "amount": 1,
          "collection": "AUTOMATIC"
        }
      },
      "type": "heracles:composite"
    }
  },
  "rewards": {
    "Powah Reactor Reward": {
      "title": "Powah! Rare Lootbag",
      "item": {
        "id": "lootbags:loot_bag",
        "count": 1,
        "nbt": {
          "Type": "RARE",
          "Color": 14731911,
          "Loot": "aof:loot_bags/powah/rare",
          "Name": "Powah! Rare Lootbag"
        }
      },
      "type": "heracles:item"
    }
  },
  "display": {
    "subtitle": {
      "translate": "Oddly, not for transmitting players"
    },
    "description": [
      "---",
      "",
      "## Bluetooh could never",
      "",
      "  The player transmitter is a useful block that emits energy and beams it straight into your hands.",
      "",
      "  It wirelessly charges items in your armor slots or hand slots of a linked player.",
      "",
      "---"
    ],
    "groups": {
      "Powah": {
        "position": [
          152,
          -108
        ]
      }
    },
    "icon": {
      "item": {
        "id": "powah:player_transmitter_basic",
        "count": 1
      },
      "type": "heracles:item"
    },
    "icon_background": "heracles:textures/gui/quest_backgrounds/hexagons.png",
    "title": {
      "translate": "Player Transmitter"
    }
  },
  "settings": {
    "showDependencyArrow": true,
    "repeatable": false,
    "autoClaimRewards": false,
    "individual_progress": false,
    "hidden": "LOCKED",
    "unlockNotification": false
  }
}