{
  "dependencies": [],
  "tasks": {
    "powah_furnator_task": {
      "amount": 1,
      "tasks": {
        "task_furnator_starter": {
          "type": "heracles:item",
          "item": "powah:furnator_starter",
          "amount": 1,
          "collection": "AUTOMATIC"
        },
        "task_furnator_basic": {
          "type": "heracles:item",
          "item": "powah:furnator_basic",
          "amount": 1,
          "collection": "AUTOMATIC"
        },
        "task_furnator_hardened": {
          "type": "heracles:item",
          "item": "powah:furnator_hardened",
          "amount": 1,
          "collection": "AUTOMATIC"
        },
        "task_furnator_blazing": {
          "type": "heracles:item",
          "item": "powah:furnator_blazing",
          "amount": 1,
          "collection": "AUTOMATIC"
        },
        "task_furnator_niotic": {
          "type": "heracles:item",
          "item": "powah:furnator_niotic",
          "amount": 1,
          "collection": "AUTOMATIC"
        },
        "task_furnator_spirited": {
          "type": "heracles:item",
          "item": "powah:furnator_spirited",
          "amount": 1,
          "collection": "AUTOMATIC"
        },
        "task_furnator_nitro": {
          "type": "heracles:item",
          "item": "powah:furnator_nitro",
          "amount": 1,
          "collection": "AUTOMATIC"
        }
      },
      "type": "heracles:composite"
    }
  },
  "rewards": {
    "Powah Furnator Reward": {
      "title": "Powah! Common Lootbag",
      "item": {
        "id": "lootbags:loot_bag",
        "count": 1,
        "nbt": {
          "Type": "COMMON",
          "Color": 14731911,
          "Loot": "aof:loot_bags/powah/common",
          "Name": "Powah! Common Lootbag"
        }
      },
      "type": "heracles:item"
    }
  },
  "display": {
    "subtitle": {
      "text": ""
    },
    "description": [
      "---",
      "",
      "## Haven't seen one of these before.",
      "",
      "  This extremely unique generator creates energy from burning item fuel.",
      "",
      "---"
    ],
    "groups": {
      "Powah": {
        "position": [
          -118,
          41
        ]
      }
    },
    "icon": {
      "item": {
        "id": "powah:furnator_basic",
        "count": 1
      },
      "type": "heracles:item"
    },
    "icon_background": "heracles:textures/gui/quest_backgrounds/hexagons.png",
    "title": {
      "translate": "Furnator"
    }
  },
  "settings": {
    "showDependencyArrow": true,
    "repeatable": false,
    "autoClaimRewards": false,
    "individual_progress": false,
    "hidden": "LOCKED",
    "unlockNotification": false
  }
}