{
  "dependencies": [],
  "tasks": {
    "dielectric casing task": {
      "type": "heracles:item",
      "item": "powah:dielectric_casing",
      "amount": 2,
      "collection": "AUTOMATIC"
    }
  },
  "rewards": {
    "dielectric casing reward": {
      "title": "Powah! Common Lootbag",
      "item": {
        "id": "lootbags:loot_bag",
        "count": 1,
        "nbt": {
          "Type": "COMMON",
          "Color": 14731911,
          "Loot": "aof:loot_bags/powah/common",
          "Name": "Powah! Common Lootbag"
        }
      },
      "type": "heracles:item"
    }
  },
  "display": {
    "subtitle": {
      "text": ""
    },
    "description": [
      ""
    ],
    "groups": {
      "Powah": {
        "position": [
          -120,
          -60
        ]
      }
    },
    "icon": {
      "item": {
        "id": "powah:dielectric_casing",
        "count": 1
      },
      "type": "heracles:item"
    },
    "icon_background": "heracles:textures/gui/quest_backgrounds/hexagons.png",
    "title": {
      "translate": "Dielectric Casing"
    }
  },
  "settings": {
    "showDependencyArrow": true,
    "repeatable": false,
    "autoClaimRewards": false,
    "individual_progress": false,
    "hidden": "LOCKED",
    "unlockNotification": false
  }
}