{
  "dependencies": [],
  "tasks": {
    "dielectric rod task": {
      "type": "heracles:item",
      "item": "powah:dielectric_rod",
      "amount": 4,
      "collection": "AUTOMATIC"
    },
    "dielectric rod horiz task": {
      "type": "heracles:item",
      "item": "powah:dielectric_rod_horizontal",
      "amount": 4,
      "collection": "AUTOMATIC"
    }
  },
  "rewards": {
    "dielectric rods horiz reward": {
      "item": {
        "id": "powah:dielectric_rod_horizontal",
        "count": 8
      },
      "type": "heracles:item"
    },
    "dielectric rods reward": {
      "item": {
        "id": "powah:dielectric_rod",
        "count": 8
      },
      "type": "heracles:item"
    }
  },
  "display": {
    "subtitle": {
      "text": ""
    },
    "description": [
      ""
    ],
    "groups": {
      "Powah": {
        "position": [
          -88,
          -108
        ]
      }
    },
    "icon": {
      "item": {
        "id": "powah:dielectric_rod",
        "count": 1
      },
      "type": "heracles:item"
    },
    "icon_background": "heracles:textures/gui/quest_backgrounds/hexagons.png",
    "title": {
      "translate": "Dielectric Rod"
    }
  },
  "settings": {
    "showDependencyArrow": true,
    "repeatable": false,
    "autoClaimRewards": false,
    "individual_progress": false,
    "hidden": "LOCKED",
    "unlockNotification": false
  }
}