{
  "dependencies": [
    "Sprited Crystal"
  ],
  "tasks": {
    "Powah Nitro Cystal Task": {
      "type": "heracles:item",
      "item": "powah:crystal_nitro",
      "amount": 1,
      "collection": "AUTOMATIC",
      "title": "",
      "icon": {
        "item": {
          "id": "minecraft:air",
          "count": 0
        },
        "type": "heracles:item"
      }
    }
  },
  "rewards": {
    "Powah Nitro Cystal Reward": {
      "title": "Powah! Legendary Lootbag",
      "icon": {
        "item": {
          "id": "minecraft:air",
          "count": 0
        },
        "type": "heracles:item"
      },
      "item": {
        "id": "lootbags:loot_bag",
        "count": 1,
        "nbt": {
          "Type": "LEGENDARY",
          "Color": 14731911,
          "Loot": "aof:loot_bags/powah/legendary",
          "Name": "Powah! Legendary Lootbag"
        }
      },
      "type": "heracles:item"
    }
  },
  "display": {
    "subtitle": {
      "text": ""
    },
    "description": [
      "---",
      "",
      "## Now only $2.99!",
      "",
      "  Nitro crystals are materials required for the highest tier of machinery, Nitro, and are made with Nether Stars and redstone. If used properly they will also enable you to use animated emojis in chat.",
      "",
      "---"
    ],
    "groups": {
      "Powah": {
        "position": [
          96,
          -4
        ]
      }
    },
    "icon": {
      "item": {
        "id": "powah:crystal_nitro",
        "count": 1
      },
      "type": "heracles:item"
    },
    "icon_background": "heracles:textures/gui/quest_backgrounds/default.png",
    "title": {
      "translate": "Nitro Crystal"
    }
  },
  "settings": {
    "unlockNotification": false,
    "showDependencyArrow": true,
    "repeatable": false,
    "individual_progress": false,
    "hidden": "LOCKED"
  }
}