{
  "dependencies": [
    "Uraninite",
    "Any Battery",
    "Any Energy Hopper",
    "Capacitors",
    "Any Energy Discharger",
    "Any Magmator",
    "Niotic Crystal",
    "Energizing Orb",
    "Any Reactor",
    "Sprited Crystal",
    "Any Thermo Generator",
    "Any Solar Panel",
    "Any Player Transmitter",
    "Any Ender Cell",
    "Ender Core",
    "Any Ender Gate",
    "Any Furnator",
    "Energized Steel",
    "Any Energizing Rod",
    "Dielectric Rod",
    "Blazing Crystal",
    "Dielectric Paste",
    "Nitro Crystal",
    "Dielectric Casing",
    "Any Energy Cable",
    "Any Energy Cell"
  ],
  "tasks": {
    "Powah Complete Task": {
      "type": "heracles:check"
    }
  },
  "rewards": {
    "Powah Completed Reward": {
      "item": {
        "id": "trofers:medium_pillar",
        "count": 1,
        "nbt": {
          "BlockEntityTag": {
            "Trophy": "trofers:powah"
          }
        }
      },
      "type": "heracles:item"
    }
  },
  "display": {
    "subtitle": {
      "translate": "Complete all quests to obtain the trophy!"
    },
    "description": [
      "<br/>",
      "<columns template='0 100'>",
      "<column>",
      "<columns>",
      "<column valign='top'>",
      "<h2 background='8 #88dc143c' border='0 #01dc143c' color='#44dc143c' obfuscated='true'>123456789</h2>",
      "</column>",
      "<column valign='bottom'>",
      "<h2 background='8 #88daa520' border='2 #01daa520' color='#44daa520' obfuscated='true'>123456789</h2>",
      "</column>",
      "<column>",
      "<h2 background='8 #881e90ff' border='5 #011e90ff' color='#441e90ff' obfuscated='true'>123456789</h2>",
      "</column>",
      "</columns>",
      "</column>",
      "<column>",
      "<columns template='20 80'>",
      "<column>",
      "<item border='0 #88777777' id='trofers:medium_pillar' scale='7' tag=\"{BlockEntityTag:{Trophy:'trofers:powah'}}\">&#32;</item>",
      "</column>",
      "<column valign='middle'>",
      "<h1 align='center' background='3 #22daa520' border='1 #bbffffff' italic='true' shadowed='true'>Powah!</h1>",
      "<br/>",
      "<hr/>",
      "<br/>",
      "<p>  Wire it.</p>",
      "<p>  Store it.</p>",
      "<p>  Hopper it.</p>",
      "<p>  Energize with it.</p>",
      "<br/>",
      "<p>  Generate and transmit it.</p>",
      "<br/>",
      "<p>  You've got the Powah!</p>",
      "<br/>",
      "<hr/>",
      "</column>",
      "</columns>",
      "</column>",
      "</columns>"
    ],
    "groups": {
      "Powah": {
        "position": [
          0,
          69
        ]
      }
    },
    "icon": {
      "item": {
        "id": "trofers:medium_pillar",
        "count": 1,
        "nbt": {
          "BlockEntityTag": {
            "Trophy": "trofers:powah"
          }
        }
      },
      "type": "heracles:item"
    },
    "icon_background": "heracles:textures/gui/quest_backgrounds/gears.png",
    "title": {
      "translate": "§4§lPowah 100%"
    }
  },
  "settings": {
    "showDependencyArrow": false,
    "repeatable": false,
    "autoClaimRewards": false,
    "individual_progress": false,
    "hidden": "LOCKED",
    "unlockNotification": false
  }
}