{
  "dependencies": [
    "Niotic Crystal"
  ],
  "tasks": {
    "smells like teen spirit": {
      "type": "heracles:item",
      "item": "powah:crystal_spirited",
      "amount": 1,
      "collection": "AUTOMATIC",
      "title": "",
      "icon": {
        "item": {
          "id": "minecraft:air",
          "count": 0
        },
        "type": "heracles:item"
      }
    }
  },
  "rewards": {
    "Powah Spirited Crystal Reward": {
      "title": "Powah! Epic Lootbag",
      "icon": {
        "item": {
          "id": "minecraft:air",
          "count": 0
        },
        "type": "heracles:item"
      },
      "item": {
        "id": "lootbags:loot_bag",
        "count": 1,
        "nbt": {
          "Type": "EPIC",
          "Color": 14731911,
          "Loot": "aof:loot_bags/powah/epic",
          "Name": "Powah! Epic Lootbag"
        }
      },
      "type": "heracles:item"
    }
  },
  "display": {
    "subtitle": {
      "text": ""
    },
    "description": [
      "---",
      "",
      "## I thought Spirits were blue",
      "",
      "  This resource uses emeralds, and is necessary for the Spirited level of machines",
      "",
      "---"
    ],
    "groups": {
      "Powah": {
        "position": [
          48,
          -4
        ]
      }
    },
    "icon": {
      "item": {
        "id": "powah:crystal_spirited",
        "count": 1
      },
      "type": "heracles:item"
    },
    "icon_background": "heracles:textures/gui/quest_backgrounds/default.png",
    "title": {
      "translate": "Spirited Crystal"
    }
  },
  "settings": {
    "unlockNotification": false,
    "showDependencyArrow": true,
    "repeatable": false,
    "individual_progress": false,
    "hidden": "LOCKED"
  }
}