{
  "dependencies": [
    "Nitro Crystal"
  ],
  "tasks": {
    "Powah Uraninite Task": {
      "type": "heracles:item",
      "item": "powah:uraninite",
      "amount": 1,
      "collection": "AUTOMATIC",
      "title": "",
      "icon": {
        "item": {
          "id": "minecraft:air",
          "count": 0
        },
        "type": "heracles:item"
      }
    }
  },
  "rewards": {
    "Powah Uraninite Reward": {
      "title": "Powah! Rare Lootbag",
      "icon": {
        "item": {
          "id": "minecraft:air",
          "count": 0
        },
        "type": "heracles:item"
      },
      "item": {
        "id": "lootbags:loot_bag",
        "count": 1,
        "nbt": {
          "Type": "RARE",
          "Color": 14731911,
          "Loot": "aof:loot_bags/powah/rare",
          "Name": "Powah! Rare Lootbag"
        }
      },
      "type": "heracles:item"
    }
  },
  "display": {
    "subtitle": {
      "text": ""
    },
    "description": [
      "---",
      "",
      "## This seems unsafe",
      "",
      "  Uranite is a resource you can find underground, and is a required component for creating and fueling a Powah reactor",
      "",
      "---"
    ],
    "groups": {
      "Powah": {
        "position": [
          144,
          -3
        ]
      }
    },
    "icon": {
      "item": {
        "id": "powah:uraninite",
        "count": 1
      },
      "type": "heracles:item"
    },
    "icon_background": "heracles:textures/gui/quest_backgrounds/default.png",
    "title": {
      "translate": "Uraninite"
    }
  },
  "settings": {
    "unlockNotification": false,
    "showDependencyArrow": true,
    "repeatable": false,
    "individual_progress": false,
    "hidden": "LOCKED"
  }
}