{
  "castbar": {
    "base": {
      "origin": "BOTTOM",
      "offset": {
        "field_1343": 0.0,
        "field_1342": -27.0
      }
    },
    "target": {
      "visible": false,
      "offset": {
        "field_1343": 0.0,
        "field_1342": -12.0
      }
    },
    "icon": {
      "visible": true,
      "offset": {
        "field_1343": -8.0,
        "field_1342": -25.0
      }
    },
    "width": 172
  },
  "hotbar": {
    "origin": "BOTTOM",
    "offset": {
      "field_1343": -160.0,
      "field_1342": -11.0
    }
  },
  "error_message": {
    "origin": "BOTTOM",
    "offset": {
      "field_1343": 0.0,
      "field_1342": -80.0
    }
  }
}